group,var,n_files,ntime,n_unique,first,last,axis_sha1,time_chunks,file_ntime,shape_tail,chunk_shapes,units,calendar
northeast_pacific/full_domain/hindcast/daily/raw/r20260701,btm_co3_ion,1,12053,12053,1993-01-01,2025-12-31,7d8ba85f5c,[213],[12053],"[""[816, 342]""]","[""[213, 109, 45]""]",days since 1993-01-01 00:00:00,gregorian
northeast_pacific/full_domain/hindcast/daily/raw/r20260701,btm_co3_sol_arag,1,12053,12053,1993-01-01,2025-12-31,7d8ba85f5c,[213],[12053],"[""[816, 342]""]","[""[213, 109, 45]""]",days since 1993-01-01 00:00:00,gregorian
northeast_pacific/full_domain/hindcast/daily/raw/r20260701,btm_co3_sol_calc,1,12053,12053,1993-01-01,2025-12-31,7d8ba85f5c,[213],[12053],"[""[816, 342]""]","[""[213, 109, 45]""]",days since 1993-01-01 00:00:00,gregorian
northeast_pacific/full_domain/hindcast/daily/raw/r20260701,btm_htotal,1,12053,12053,1993-01-01,2025-12-31,7d8ba85f5c,[213],[12053],"[""[816, 342]""]","[""[213, 109, 45]""]",days since 1993-01-01 00:00:00,gregorian
northeast_pacific/full_domain/hindcast/daily/raw/r20260701,btm_o2,1,12053,12053,1993-01-01,2025-12-31,7d8ba85f5c,[213],[12053],"[""[816, 342]""]","[""[213, 109, 45]""]",days since 1993-01-01 00:00:00,gregorian
northeast_pacific/full_domain/hindcast/daily/raw/r20260701,chlos,1,12053,12053,1993-01-01,2025-12-31,7d8ba85f5c,[213],[12053],"[""[816, 342]""]","[""[213, 109, 45]""]",days since 1993-01-01 00:00:00,gregorian
northeast_pacific/full_domain/hindcast/daily/raw/r20260701,dissic,33,12053,12053,1993-01-01,2025-12-31,7d8ba85f5c,[100],"[365, 366]","[""[52, 816, 342]""]","[""[100, 10, 200, 200]""]",days since 1993-01-01 00:00:00,gregorian
northeast_pacific/full_domain/hindcast/daily/raw/r20260701,mesozoo_200,1,12053,12053,1993-01-01,2025-12-31,7d8ba85f5c,[213],[12053],"[""[816, 342]""]","[""[213, 109, 45]""]",days since 1993-01-01 00:00:00,gregorian
northeast_pacific/full_domain/hindcast/daily/raw/r20260701,no3,33,12053,12053,1993-01-01,2025-12-31,7d8ba85f5c,[100],"[365, 366]","[""[52, 816, 342]""]","[""[100, 10, 200, 200]""]",days since 1993-01-01 00:00:00,gregorian
northeast_pacific/full_domain/hindcast/daily/raw/r20260701,no3os,1,12053,12053,1993-01-01,2025-12-31,7d8ba85f5c,[213],[12053],"[""[816, 342]""]","[""[213, 109, 45]""]",days since 1993-01-01 00:00:00,gregorian
northeast_pacific/full_domain/hindcast/daily/raw/r20260701,o2,33,12053,12053,1993-01-01,2025-12-31,7d8ba85f5c,[100],"[365, 366]","[""[52, 816, 342]""]","[""[100, 10, 200, 200]""]",days since 1993-01-01 00:00:00,gregorian
northeast_pacific/full_domain/hindcast/daily/raw/r20260701,pco2surf,1,12053,12053,1993-01-01,2025-12-31,7d8ba85f5c,[213],[12053],"[""[816, 342]""]","[""[213, 109, 45]""]",days since 1993-01-01 00:00:00,gregorian
northeast_pacific/full_domain/hindcast/daily/raw/r20260701,phos,1,12053,12053,1993-01-01,2025-12-31,7d8ba85f5c,[213],[12053],"[""[816, 342]""]","[""[213, 109, 45]""]",days since 1993-01-01 00:00:00,gregorian
northeast_pacific/full_domain/hindcast/daily/raw/r20260701,phycos,1,12053,12053,1993-01-01,2025-12-31,7d8ba85f5c,[213],[12053],"[""[816, 342]""]","[""[213, 109, 45]""]",days since 1993-01-01 00:00:00,gregorian
northeast_pacific/full_domain/hindcast/daily/raw/r20260701,po4,33,12053,12053,1993-01-01,2025-12-31,7d8ba85f5c,[100],"[365, 366]","[""[52, 816, 342]""]","[""[100, 10, 200, 200]""]",days since 1993-01-01 00:00:00,gregorian
northeast_pacific/full_domain/hindcast/daily/raw/r20260701,si,33,12053,12053,1993-01-01,2025-12-31,7d8ba85f5c,[100],"[365, 366]","[""[52, 816, 342]""]","[""[100, 10, 200, 200]""]",days since 1993-01-01 00:00:00,gregorian
northeast_pacific/full_domain/hindcast/daily/raw/r20260701,so,33,12053,12053,1993-01-01,2025-12-31,7d8ba85f5c,[100],"[365, 366]","[""[52, 816, 342]""]","[""[100, 10, 200, 200]""]",days since 1993-01-01 00:00:00,gregorian
northeast_pacific/full_domain/hindcast/daily/raw/r20260701,ssh,1,12053,12053,1993-01-01,2025-12-31,7d8ba85f5c,[213],[12053],"[""[816, 342]""]","[""[213, 109, 45]""]",days since 1993-01-01 00:00:00,gregorian
northeast_pacific/full_domain/hindcast/daily/raw/r20260701,sshmax,1,12053,12053,1993-01-01,2025-12-31,7d8ba85f5c,[213],[12053],"[""[816, 342]""]","[""[213, 109, 45]""]",days since 1993-01-01 00:00:00,gregorian
northeast_pacific/full_domain/hindcast/daily/raw/r20260701,sshmin,1,12053,12053,1993-01-01,2025-12-31,7d8ba85f5c,[213],[12053],"[""[816, 342]""]","[""[213, 109, 45]""]",days since 1993-01-01 00:00:00,gregorian
northeast_pacific/full_domain/hindcast/daily/raw/r20260701,talk,33,12053,12053,1993-01-01,2025-12-31,7d8ba85f5c,[100],"[365, 366]","[""[52, 816, 342]""]","[""[100, 10, 200, 200]""]",days since 1993-01-01 00:00:00,gregorian
northeast_pacific/full_domain/hindcast/daily/raw/r20260701,thetao,33,12053,12053,1993-01-01,2025-12-31,7d8ba85f5c,[100],"[365, 366]","[""[52, 816, 342]""]","[""[100, 10, 200, 200]""]",days since 1993-01-01 00:00:00,gregorian
northeast_pacific/full_domain/hindcast/daily/raw/r20260701,tob,1,12053,12053,1993-01-01,2025-12-31,7d8ba85f5c,[213],[12053],"[""[816, 342]""]","[""[213, 109, 45]""]",days since 1993-01-01 00:00:00,gregorian
northeast_pacific/full_domain/hindcast/daily/raw/r20260701,tos,1,12053,12053,1993-01-01,2025-12-31,7d8ba85f5c,[213],[12053],"[""[816, 342]""]","[""[213, 109, 45]""]",days since 1993-01-01 00:00:00,gregorian
northeast_pacific/full_domain/hindcast/daily/raw/r20260701,uo,33,12053,12053,1993-01-01,2025-12-31,7d8ba85f5c,[100],"[365, 366]","[""[52, 816, 343]""]","[""[100, 10, 200, 200]""]",days since 1993-01-01 00:00:00,gregorian
northeast_pacific/full_domain/hindcast/daily/raw/r20260701,vo,33,12053,12053,1993-01-01,2025-12-31,7d8ba85f5c,[100],"[365, 366]","[""[52, 817, 342]""]","[""[100, 10, 200, 200]""]",days since 1993-01-01 00:00:00,gregorian
northeast_pacific/full_domain/hindcast/daily/raw/r20260701,volcello,33,12053,12053,1993-01-01,2025-12-31,7d8ba85f5c,[100],"[365, 366]","[""[52, 816, 342]""]","[""[100, 10, 200, 200]""]",days since 1993-01-01 00:00:00,gregorian
northeast_pacific/full_domain/hindcast/daily/raw/r20260701,vollcello,33,12053,12053,1993-01-01,2025-12-31,7d8ba85f5c,[100],"[365, 366]","[""[52, 816, 342]""]","[""[100, 10, 200, 200]""]",days since 1993-01-01 00:00:00,gregorian
northeast_pacific/full_domain/hindcast/daily/regrid/r20260701,btm_co3_ion,1,12053,12053,1993-01-01,2025-12-31,7d8ba85f5c,[100],[12053],"[""[815, 341]""]","[""[100, 200, 200]""]",days since 1993-01-01,gregorian
northeast_pacific/full_domain/hindcast/daily/regrid/r20260701,btm_co3_sol_arag,1,12053,12053,1993-01-01,2025-12-31,7d8ba85f5c,[100],[12053],"[""[815, 341]""]","[""[100, 200, 200]""]",days since 1993-01-01,gregorian
northeast_pacific/full_domain/hindcast/daily/regrid/r20260701,btm_co3_sol_calc,1,12053,12053,1993-01-01,2025-12-31,7d8ba85f5c,[100],[12053],"[""[815, 341]""]","[""[100, 200, 200]""]",days since 1993-01-01,gregorian
northeast_pacific/full_domain/hindcast/daily/regrid/r20260701,btm_htotal,1,12053,12053,1993-01-01,2025-12-31,7d8ba85f5c,[100],[12053],"[""[815, 341]""]","[""[100, 200, 200]""]",days since 1993-01-01,gregorian
northeast_pacific/full_domain/hindcast/daily/regrid/r20260701,btm_o2,1,12053,12053,1993-01-01,2025-12-31,7d8ba85f5c,[100],[12053],"[""[815, 341]""]","[""[100, 200, 200]""]",days since 1993-01-01,gregorian
northeast_pacific/full_domain/hindcast/daily/regrid/r20260701,chlos,1,12053,12053,1993-01-01,2025-12-31,7d8ba85f5c,[100],[12053],"[""[815, 341]""]","[""[100, 200, 200]""]",days since 1993-01-01,gregorian
northeast_pacific/full_domain/hindcast/daily/regrid/r20260701,dissic,33,12053,12053,1993-01-01,2025-12-31,7d8ba85f5c,[100],"[365, 366]","[""[52, 815, 341]""]","[""[100, 10, 200, 200]""]",days since 1993-01-01,gregorian
northeast_pacific/full_domain/hindcast/daily/regrid/r20260701,mesozoo_200,1,12053,12053,1993-01-01,2025-12-31,7d8ba85f5c,[100],[12053],"[""[815, 341]""]","[""[100, 200, 200]""]",days since 1993-01-01,gregorian
northeast_pacific/full_domain/hindcast/daily/regrid/r20260701,no3,33,12053,12053,1993-01-01,2025-12-31,7d8ba85f5c,[100],"[365, 366]","[""[52, 815, 341]""]","[""[100, 10, 200, 200]""]",days since 1993-01-01,gregorian
northeast_pacific/full_domain/hindcast/daily/regrid/r20260701,no3os,1,12053,12053,1993-01-01,2025-12-31,7d8ba85f5c,[100],[12053],"[""[815, 341]""]","[""[100, 200, 200]""]",days since 1993-01-01,gregorian
northeast_pacific/full_domain/hindcast/daily/regrid/r20260701,o2,33,12053,12053,1993-01-01,2025-12-31,7d8ba85f5c,[100],"[365, 366]","[""[52, 815, 341]""]","[""[100, 10, 200, 200]""]",days since 1993-01-01,gregorian
northeast_pacific/full_domain/hindcast/daily/regrid/r20260701,pco2surf,1,12053,12053,1993-01-01,2025-12-31,7d8ba85f5c,[100],[12053],"[""[815, 341]""]","[""[100, 200, 200]""]",days since 1993-01-01,gregorian
northeast_pacific/full_domain/hindcast/daily/regrid/r20260701,phos,1,12053,12053,1993-01-01,2025-12-31,7d8ba85f5c,[100],[12053],"[""[815, 341]""]","[""[100, 200, 200]""]",days since 1993-01-01,gregorian
northeast_pacific/full_domain/hindcast/daily/regrid/r20260701,phycos,1,12053,12053,1993-01-01,2025-12-31,7d8ba85f5c,[100],[12053],"[""[815, 341]""]","[""[100, 200, 200]""]",days since 1993-01-01,gregorian
northeast_pacific/full_domain/hindcast/daily/regrid/r20260701,po4,33,12053,12053,1993-01-01,2025-12-31,7d8ba85f5c,[100],"[365, 366]","[""[52, 815, 341]""]","[""[100, 10, 200, 200]""]",days since 1993-01-01,gregorian
northeast_pacific/full_domain/hindcast/daily/regrid/r20260701,si,33,12053,12053,1993-01-01,2025-12-31,7d8ba85f5c,[100],"[365, 366]","[""[52, 815, 341]""]","[""[100, 10, 200, 200]""]",days since 1993-01-01,gregorian
northeast_pacific/full_domain/hindcast/daily/regrid/r20260701,so,33,12053,12053,1993-01-01,2025-12-31,7d8ba85f5c,[100],"[365, 366]","[""[52, 815, 341]""]","[""[100, 10, 200, 200]""]",days since 1993-01-01,gregorian
northeast_pacific/full_domain/hindcast/daily/regrid/r20260701,ssh,1,12053,12053,1993-01-01,2025-12-31,7d8ba85f5c,[100],[12053],"[""[815, 341]""]","[""[100, 200, 200]""]",days since 1993-01-01,gregorian
northeast_pacific/full_domain/hindcast/daily/regrid/r20260701,sshmax,1,12053,12053,1993-01-01,2025-12-31,7d8ba85f5c,[100],[12053],"[""[815, 341]""]","[""[100, 200, 200]""]",days since 1993-01-01,gregorian
northeast_pacific/full_domain/hindcast/daily/regrid/r20260701,sshmin,1,12053,12053,1993-01-01,2025-12-31,7d8ba85f5c,[100],[12053],"[""[815, 341]""]","[""[100, 200, 200]""]",days since 1993-01-01,gregorian
northeast_pacific/full_domain/hindcast/daily/regrid/r20260701,talk,33,12053,12053,1993-01-01,2025-12-31,7d8ba85f5c,[100],"[365, 366]","[""[52, 815, 341]""]","[""[100, 10, 200, 200]""]",days since 1993-01-01,gregorian
northeast_pacific/full_domain/hindcast/daily/regrid/r20260701,thetao,33,12053,12053,1993-01-01,2025-12-31,7d8ba85f5c,[100],"[365, 366]","[""[52, 815, 341]""]","[""[100, 10, 200, 200]""]",days since 1993-01-01,gregorian
northeast_pacific/full_domain/hindcast/daily/regrid/r20260701,tob,1,12053,12053,1993-01-01,2025-12-31,7d8ba85f5c,[100],[12053],"[""[815, 341]""]","[""[100, 200, 200]""]",days since 1993-01-01,gregorian
northeast_pacific/full_domain/hindcast/daily/regrid/r20260701,tos,1,12053,12053,1993-01-01,2025-12-31,7d8ba85f5c,[100],[12053],"[""[815, 341]""]","[""[100, 200, 200]""]",days since 1993-01-01,gregorian
northeast_pacific/full_domain/hindcast/daily/regrid/r20260701,volcello,33,12053,12053,1993-01-01,2025-12-31,7d8ba85f5c,[100],"[365, 366]","[""[52, 815, 341]""]","[""[100, 10, 200, 200]""]",days since 1993-01-01,gregorian
northeast_pacific/full_domain/hindcast/daily/regrid/r20260701,vollcello,33,12053,12053,1993-01-01,2025-12-31,7d8ba85f5c,[100],"[365, 366]","[""[52, 815, 341]""]","[""[100, 10, 200, 200]""]",days since 1993-01-01,gregorian
northeast_pacific/full_domain/hindcast/monthly/raw/r20260701,ALB,1,396,396,1993-01-16,2025-12-16,fa2d4c0405,[38],[396],"[""[816, 342]""]","[""[38, 255, 107]""]",days since 1993-01-01 00:00:00,gregorian
northeast_pacific/full_domain/hindcast/monthly/raw/r20260701,BHEAT,1,396,396,1993-01-16,2025-12-16,fa2d4c0405,[38],[396],"[""[816, 342]""]","[""[38, 255, 107]""]",days since 1993-01-01 00:00:00,gregorian
northeast_pacific/full_domain/hindcast/monthly/raw/r20260701,BMELT,1,396,396,1993-01-16,2025-12-16,fa2d4c0405,[38],[396],"[""[816, 342]""]","[""[38, 255, 107]""]",days since 1993-01-01 00:00:00,gregorian
northeast_pacific/full_domain/hindcast/monthly/raw/r20260701,BSNK,1,396,396,1993-01-16,2025-12-16,fa2d4c0405,[38],[396],"[""[816, 342]""]","[""[38, 255, 107]""]",days since 1993-01-01 00:00:00,gregorian
northeast_pacific/full_domain/hindcast/monthly/raw/r20260701,CN,1,396,396,1993-01-16,2025-12-16,fa2d4c0405,[100],[396],"[""[5, 816, 342]""]","[""[100, 5, 200, 200]""]",days since 1993-01-01 00:00:00,gregorian
northeast_pacific/full_domain/hindcast/monthly/raw/r20260701,E2MELT,1,396,396,1993-01-16,2025-12-16,fa2d4c0405,[38],[396],"[""[816, 342]""]","[""[38, 255, 107]""]",days since 1993-01-01 00:00:00,gregorian
northeast_pacific/full_domain/hindcast/monthly/raw/r20260701,EXT,1,396,396,1993-01-16,2025-12-16,fa2d4c0405,[38],[396],"[""[816, 342]""]","[""[38, 255, 107]""]",days since 1993-01-01 00:00:00,gregorian
northeast_pacific/full_domain/hindcast/monthly/raw/r20260701,EXT_MAX,1,396,396,1993-01-16,2025-12-16,fa2d4c0405,[38],[396],"[""[816, 342]""]","[""[38, 255, 107]""]",days since 1993-01-01 00:00:00,gregorian
northeast_pacific/full_domain/hindcast/monthly/raw/r20260701,EXT_MIN,1,396,396,1993-01-16,2025-12-16,fa2d4c0405,[38],[396],"[""[816, 342]""]","[""[38, 255, 107]""]",days since 1993-01-01 00:00:00,gregorian
northeast_pacific/full_domain/hindcast/monthly/raw/r20260701,FA_X,1,396,396,1993-01-16,2025-12-16,fa2d4c0405,[38],[396],"[""[816, 343]""]","[""[38, 255, 107]""]",days since 1993-01-01 00:00:00,gregorian
northeast_pacific/full_domain/hindcast/monthly/raw/r20260701,FA_Y,1,396,396,1993-01-16,2025-12-16,fa2d4c0405,[38],[396],"[""[817, 342]""]","[""[38, 255, 107]""]",days since 1993-01-01 00:00:00,gregorian
northeast_pacific/full_domain/hindcast/monthly/raw/r20260701,FI_X,1,396,396,1993-01-16,2025-12-16,fa2d4c0405,[38],[396],"[""[816, 343]""]","[""[38, 255, 107]""]",days since 1993-01-01 00:00:00,gregorian
northeast_pacific/full_domain/hindcast/monthly/raw/r20260701,FI_Y,1,396,396,1993-01-16,2025-12-16,fa2d4c0405,[38],[396],"[""[817, 342]""]","[""[38, 255, 107]""]",days since 1993-01-01 00:00:00,gregorian
northeast_pacific/full_domain/hindcast/monthly/raw/r20260701,FRAZIL,1,396,396,1993-01-16,2025-12-16,fa2d4c0405,[38],[396],"[""[816, 342]""]","[""[38, 255, 107]""]",days since 1993-01-01 00:00:00,gregorian
northeast_pacific/full_domain/hindcast/monthly/raw/r20260701,Heat_PmE,1,396,396,1993-01-16,2025-12-16,fa2d4c0405,[38],[396],"[""[816, 342]""]","[""[38, 255, 107]""]",days since 1993-01-01 00:00:00,gregorian
northeast_pacific/full_domain/hindcast/monthly/raw/r20260701,IX_TRANS,1,396,396,1993-01-16,2025-12-16,fa2d4c0405,[38],[396],"[""[816, 343]""]","[""[38, 255, 107]""]",days since 1993-01-01 00:00:00,gregorian
northeast_pacific/full_domain/hindcast/monthly/raw/r20260701,IY_TRANS,1,396,396,1993-01-16,2025-12-16,fa2d4c0405,[38],[396],"[""[817, 342]""]","[""[38, 255, 107]""]",days since 1993-01-01 00:00:00,gregorian
northeast_pacific/full_domain/hindcast/monthly/raw/r20260701,LSNK,1,396,396,1993-01-16,2025-12-16,fa2d4c0405,[38],[396],"[""[816, 342]""]","[""[38, 255, 107]""]",days since 1993-01-01 00:00:00,gregorian
northeast_pacific/full_domain/hindcast/monthly/raw/r20260701,LSRC,1,396,396,1993-01-16,2025-12-16,fa2d4c0405,[38],[396],"[""[816, 342]""]","[""[38, 255, 107]""]",days since 1993-01-01 00:00:00,gregorian
northeast_pacific/full_domain/hindcast/monthly/raw/r20260701,LwLatSens,1,396,396,1993-01-16,2025-12-16,fa2d4c0405,[38],[396],"[""[816, 342]""]","[""[38, 255, 107]""]",days since 1993-01-01 00:00:00,gregorian
northeast_pacific/full_domain/hindcast/monthly/raw/r20260701,MIB,1,396,396,1993-01-16,2025-12-16,fa2d4c0405,[38],[396],"[""[816, 342]""]","[""[38, 255, 107]""]",days since 1993-01-01 00:00:00,gregorian
northeast_pacific/full_domain/hindcast/monthly/raw/r20260701,MLD_003,1,396,396,1993-01-16,2025-12-16,fa2d4c0405,[38],[396],"[""[816, 342]""]","[""[38, 255, 107]""]",days since 1993-01-01 00:00:00,gregorian
northeast_pacific/full_domain/hindcast/monthly/raw/r20260701,MLD_003_max,1,396,396,1993-01-16,2025-12-16,fa2d4c0405,[38],[396],"[""[816, 342]""]","[""[38, 255, 107]""]",days since 1993-01-01 00:00:00,gregorian
northeast_pacific/full_domain/hindcast/monthly/raw/r20260701,MLD_003_min,1,396,396,1993-01-16,2025-12-16,fa2d4c0405,[38],[396],"[""[816, 342]""]","[""[38, 255, 107]""]",days since 1993-01-01 00:00:00,gregorian
northeast_pacific/full_domain/hindcast/monthly/raw/r20260701,MLD_EN1,1,396,396,1993-01-16,2025-12-16,fa2d4c0405,[38],[396],"[""[816, 342]""]","[""[38, 255, 107]""]",days since 1993-01-01 00:00:00,gregorian
northeast_pacific/full_domain/hindcast/monthly/raw/r20260701,MLD_EN1_max,1,396,396,1993-01-16,2025-12-16,fa2d4c0405,[38],[396],"[""[816, 342]""]","[""[38, 255, 107]""]",days since 1993-01-01 00:00:00,gregorian
northeast_pacific/full_domain/hindcast/monthly/raw/r20260701,MLD_EN1_min,1,396,396,1993-01-16,2025-12-16,fa2d4c0405,[38],[396],"[""[816, 342]""]","[""[38, 255, 107]""]",days since 1993-01-01 00:00:00,gregorian
northeast_pacific/full_domain/hindcast/monthly/raw/r20260701,MLD_restrat,1,396,396,1993-01-16,2025-12-16,fa2d4c0405,[38],[396],"[""[816, 342]""]","[""[38, 255, 107]""]",days since 1993-01-01 00:00:00,gregorian
northeast_pacific/full_domain/hindcast/monthly/raw/r20260701,MSTAR,1,396,396,1993-01-16,2025-12-16,fa2d4c0405,[38],[396],"[""[816, 342]""]","[""[38, 255, 107]""]",days since 1993-01-01 00:00:00,gregorian
northeast_pacific/full_domain/hindcast/monthly/raw/r20260701,RAIN,1,396,396,1993-01-16,2025-12-16,fa2d4c0405,[38],[396],"[""[816, 342]""]","[""[38, 255, 107]""]",days since 1993-01-01 00:00:00,gregorian
northeast_pacific/full_domain/hindcast/monthly/raw/r20260701,SALTF,1,396,396,1993-01-16,2025-12-16,fa2d4c0405,[38],[396],"[""[816, 342]""]","[""[38, 255, 107]""]",days since 1993-01-01 00:00:00,gregorian
northeast_pacific/full_domain/hindcast/monthly/raw/r20260701,SN2IC,1,396,396,1993-01-16,2025-12-16,fa2d4c0405,[38],[396],"[""[816, 342]""]","[""[38, 255, 107]""]",days since 1993-01-01 00:00:00,gregorian
northeast_pacific/full_domain/hindcast/monthly/raw/r20260701,SNOWFL,1,396,396,1993-01-16,2025-12-16,fa2d4c0405,[38],[396],"[""[816, 342]""]","[""[38, 255, 107]""]",days since 1993-01-01 00:00:00,gregorian
northeast_pacific/full_domain/hindcast/monthly/raw/r20260701,STRENGTH_hf,1,396,396,1993-01-16,2025-12-16,fa2d4c0405,[38],[396],"[""[816, 342]""]","[""[38, 255, 107]""]",days since 1993-01-01 00:00:00,gregorian
northeast_pacific/full_domain/hindcast/monthly/raw/r20260701,S_adx_2d,1,396,396,1993-01-16,2025-12-16,fa2d4c0405,[38],[396],"[""[816, 343]""]","[""[38, 255, 107]""]",days since 1993-01-01 00:00:00,gregorian
northeast_pacific/full_domain/hindcast/monthly/raw/r20260701,S_ady_2d,1,396,396,1993-01-16,2025-12-16,fa2d4c0405,[38],[396],"[""[817, 342]""]","[""[38, 255, 107]""]",days since 1993-01-01 00:00:00,gregorian
northeast_pacific/full_domain/hindcast/monthly/raw/r20260701,T1,1,396,396,1993-01-16,2025-12-16,fa2d4c0405,[38],[396],"[""[816, 342]""]","[""[38, 255, 107]""]",days since 1993-01-01 00:00:00,gregorian
northeast_pacific/full_domain/hindcast/monthly/raw/r20260701,T2,1,396,396,1993-01-16,2025-12-16,fa2d4c0405,[38],[396],"[""[816, 342]""]","[""[38, 255, 107]""]",days since 1993-01-01 00:00:00,gregorian
northeast_pacific/full_domain/hindcast/monthly/raw/r20260701,T3,1,396,396,1993-01-16,2025-12-16,fa2d4c0405,[38],[396],"[""[816, 342]""]","[""[38, 255, 107]""]",days since 1993-01-01 00:00:00,gregorian
northeast_pacific/full_domain/hindcast/monthly/raw/r20260701,T4,1,396,396,1993-01-16,2025-12-16,fa2d4c0405,[38],[396],"[""[816, 342]""]","[""[38, 255, 107]""]",days since 1993-01-01 00:00:00,gregorian
northeast_pacific/full_domain/hindcast/monthly/raw/r20260701,TMELT,1,396,396,1993-01-16,2025-12-16,fa2d4c0405,[38],[396],"[""[816, 342]""]","[""[38, 255, 107]""]",days since 1993-01-01 00:00:00,gregorian
northeast_pacific/full_domain/hindcast/monthly/raw/r20260701,TSN,1,396,396,1993-01-16,2025-12-16,fa2d4c0405,[38],[396],"[""[816, 342]""]","[""[38, 255, 107]""]",days since 1993-01-01 00:00:00,gregorian
northeast_pacific/full_domain/hindcast/monthly/raw/r20260701,T_adx_2d,1,396,396,1993-01-16,2025-12-16,fa2d4c0405,[38],[396],"[""[816, 343]""]","[""[38, 255, 107]""]",days since 1993-01-01 00:00:00,gregorian
northeast_pacific/full_domain/hindcast/monthly/raw/r20260701,T_ady_2d,1,396,396,1993-01-16,2025-12-16,fa2d4c0405,[38],[396],"[""[817, 342]""]","[""[38, 255, 107]""]",days since 1993-01-01 00:00:00,gregorian
northeast_pacific/full_domain/hindcast/monthly/raw/r20260701,XPRT,1,396,396,1993-01-16,2025-12-16,fa2d4c0405,[38],[396],"[""[816, 342]""]","[""[38, 255, 107]""]",days since 1993-01-01 00:00:00,gregorian
northeast_pacific/full_domain/hindcast/monthly/raw/r20260701,aragos,1,396,396,1993-01-16,2025-12-16,fa2d4c0405,[38],[396],"[""[816, 342]""]","[""[38, 255, 107]""]",days since 1993-01-01 00:00:00,gregorian
northeast_pacific/full_domain/hindcast/monthly/raw/r20260701,baccos,1,396,396,1993-01-16,2025-12-16,fa2d4c0405,[38],[396],"[""[816, 342]""]","[""[38, 255, 107]""]",days since 1993-01-01 00:00:00,gregorian
northeast_pacific/full_domain/hindcast/monthly/raw/r20260701,bfeos,1,396,396,1993-01-16,2025-12-16,fa2d4c0405,[38],[396],"[""[816, 342]""]","[""[38, 255, 107]""]",days since 1993-01-01 00:00:00,gregorian
northeast_pacific/full_domain/hindcast/monthly/raw/r20260701,bsios,1,396,396,1993-01-16,2025-12-16,fa2d4c0405,[38],[396],"[""[816, 342]""]","[""[38, 255, 107]""]",days since 1993-01-01 00:00:00,gregorian
northeast_pacific/full_domain/hindcast/monthly/raw/r20260701,btm_co3_ion,1,396,396,1993-01-16,2025-12-16,fa2d4c0405,[38],[396],"[""[816, 342]""]","[""[38, 255, 107]""]",days since 1993-01-01 00:00:00,gregorian
northeast_pacific/full_domain/hindcast/monthly/raw/r20260701,btm_co3_sol_arag,1,396,396,1993-01-16,2025-12-16,fa2d4c0405,[38],[396],"[""[816, 342]""]","[""[38, 255, 107]""]",days since 1993-01-01 00:00:00,gregorian
northeast_pacific/full_domain/hindcast/monthly/raw/r20260701,btm_co3_sol_calc,1,396,396,1993-01-16,2025-12-16,fa2d4c0405,[38],[396],"[""[816, 342]""]","[""[38, 255, 107]""]",days since 1993-01-01 00:00:00,gregorian
northeast_pacific/full_domain/hindcast/monthly/raw/r20260701,btm_htotal,1,396,396,1993-01-16,2025-12-16,fa2d4c0405,[38],[396],"[""[816, 342]""]","[""[38, 255, 107]""]",days since 1993-01-01 00:00:00,gregorian
northeast_pacific/full_domain/hindcast/monthly/raw/r20260701,btm_o2,1,396,396,1993-01-16,2025-12-16,fa2d4c0405,[38],[396],"[""[816, 342]""]","[""[38, 255, 107]""]",days since 1993-01-01 00:00:00,gregorian
northeast_pacific/full_domain/hindcast/monthly/raw/r20260701,btm_temp,1,396,396,1993-01-16,2025-12-16,fa2d4c0405,[38],[396],"[""[816, 342]""]","[""[38, 255, 107]""]",days since 1993-01-01 00:00:00,gregorian
northeast_pacific/full_domain/hindcast/monthly/raw/r20260701,calc,1,396,396,1993-01-16,2025-12-16,fa2d4c0405,[100],[396],"[""[52, 816, 342]""]","[""[100, 10, 200, 200]""]",days since 1993-01-01 00:00:00,gregorian
northeast_pacific/full_domain/hindcast/monthly/raw/r20260701,calcos,1,396,396,1993-01-16,2025-12-16,fa2d4c0405,[38],[396],"[""[816, 342]""]","[""[38, 255, 107]""]",days since 1993-01-01 00:00:00,gregorian
northeast_pacific/full_domain/hindcast/monthly/raw/r20260701,cased,1,396,396,1993-01-16,2025-12-16,fa2d4c0405,[38],[396],"[""[816, 342]""]","[""[38, 255, 107]""]",days since 1993-01-01 00:00:00,gregorian
northeast_pacific/full_domain/hindcast/monthly/raw/r20260701,cased_redis_coef,1,396,396,1993-01-16,2025-12-16,fa2d4c0405,[38],[396],"[""[816, 342]""]","[""[38, 255, 107]""]",days since 1993-01-01 00:00:00,gregorian
northeast_pacific/full_domain/hindcast/monthly/raw/r20260701,cased_redis_delz,1,396,396,1993-01-16,2025-12-16,fa2d4c0405,[38],[396],"[""[816, 342]""]","[""[38, 255, 107]""]",days since 1993-01-01 00:00:00,gregorian
northeast_pacific/full_domain/hindcast/monthly/raw/r20260701,chl,1,396,396,1993-01-16,2025-12-16,fa2d4c0405,[100],[396],"[""[52, 816, 342]""]","[""[100, 10, 200, 200]""]",days since 1993-01-01 00:00:00,gregorian
northeast_pacific/full_domain/hindcast/monthly/raw/r20260701,chl_Di,1,396,396,1993-01-16,2025-12-16,fa2d4c0405,[100],[396],"[""[52, 816, 342]""]","[""[100, 10, 200, 200]""]",days since 1993-01-01 00:00:00,gregorian
northeast_pacific/full_domain/hindcast/monthly/raw/r20260701,chl_Lg,1,396,396,1993-01-16,2025-12-16,fa2d4c0405,[100],[396],"[""[52, 816, 342]""]","[""[100, 10, 200, 200]""]",days since 1993-01-01 00:00:00,gregorian
northeast_pacific/full_domain/hindcast/monthly/raw/r20260701,chl_Md,1,396,396,1993-01-16,2025-12-16,fa2d4c0405,[100],[396],"[""[52, 816, 342]""]","[""[100, 10, 200, 200]""]",days since 1993-01-01 00:00:00,gregorian
northeast_pacific/full_domain/hindcast/monthly/raw/r20260701,chl_Sm,1,396,396,1993-01-16,2025-12-16,fa2d4c0405,[100],[396],"[""[52, 816, 342]""]","[""[100, 10, 200, 200]""]",days since 1993-01-01 00:00:00,gregorian
northeast_pacific/full_domain/hindcast/monthly/raw/r20260701,chldiatos,1,396,396,1993-01-16,2025-12-16,fa2d4c0405,[38],[396],"[""[816, 342]""]","[""[38, 255, 107]""]",days since 1993-01-01 00:00:00,gregorian
northeast_pacific/full_domain/hindcast/monthly/raw/r20260701,chldiazos,1,396,396,1993-01-16,2025-12-16,fa2d4c0405,[38],[396],"[""[816, 342]""]","[""[38, 255, 107]""]",days since 1993-01-01 00:00:00,gregorian
northeast_pacific/full_domain/hindcast/monthly/raw/r20260701,chlmiscos,1,396,396,1993-01-16,2025-12-16,fa2d4c0405,[38],[396],"[""[816, 342]""]","[""[38, 255, 107]""]",days since 1993-01-01 00:00:00,gregorian
northeast_pacific/full_domain/hindcast/monthly/raw/r20260701,chlos,1,396,396,1993-01-16,2025-12-16,fa2d4c0405,[38],[396],"[""[816, 342]""]","[""[38, 255, 107]""]",days since 1993-01-01 00:00:00,gregorian
northeast_pacific/full_domain/hindcast/monthly/raw/r20260701,chlpicoos,1,396,396,1993-01-16,2025-12-16,fa2d4c0405,[38],[396],"[""[816, 342]""]","[""[38, 255, 107]""]",days since 1993-01-01 00:00:00,gregorian
northeast_pacific/full_domain/hindcast/monthly/raw/r20260701,co3,1,396,396,1993-01-16,2025-12-16,fa2d4c0405,[100],[396],"[""[52, 816, 342]""]","[""[100, 10, 200, 200]""]",days since 1993-01-01 00:00:00,gregorian
northeast_pacific/full_domain/hindcast/monthly/raw/r20260701,co3os,1,396,396,1993-01-16,2025-12-16,fa2d4c0405,[38],[396],"[""[816, 342]""]","[""[38, 255, 107]""]",days since 1993-01-01 00:00:00,gregorian
northeast_pacific/full_domain/hindcast/monthly/raw/r20260701,co3sataragos,1,396,396,1993-01-16,2025-12-16,fa2d4c0405,[38],[396],"[""[816, 342]""]","[""[38, 255, 107]""]",days since 1993-01-01 00:00:00,gregorian
northeast_pacific/full_domain/hindcast/monthly/raw/r20260701,co3satcalcos,1,396,396,1993-01-16,2025-12-16,fa2d4c0405,[38],[396],"[""[816, 342]""]","[""[38, 255, 107]""]",days since 1993-01-01 00:00:00,gregorian
northeast_pacific/full_domain/hindcast/monthly/raw/r20260701,dep_dry_fed,1,396,396,1993-01-16,2025-12-16,fa2d4c0405,[38],[396],"[""[816, 342]""]","[""[38, 255, 107]""]",days since 1993-01-01 00:00:00,gregorian
northeast_pacific/full_domain/hindcast/monthly/raw/r20260701,dep_dry_lith,1,396,396,1993-01-16,2025-12-16,fa2d4c0405,[38],[396],"[""[816, 342]""]","[""[38, 255, 107]""]",days since 1993-01-01 00:00:00,gregorian
northeast_pacific/full_domain/hindcast/monthly/raw/r20260701,dep_dry_nh4,1,396,396,1993-01-16,2025-12-16,fa2d4c0405,[38],[396],"[""[816, 342]""]","[""[38, 255, 107]""]",days since 1993-01-01 00:00:00,gregorian
northeast_pacific/full_domain/hindcast/monthly/raw/r20260701,dep_dry_no3,1,396,396,1993-01-16,2025-12-16,fa2d4c0405,[38],[396],"[""[816, 342]""]","[""[38, 255, 107]""]",days since 1993-01-01 00:00:00,gregorian
northeast_pacific/full_domain/hindcast/monthly/raw/r20260701,dep_dry_po4,1,396,396,1993-01-16,2025-12-16,fa2d4c0405,[38],[396],"[""[816, 342]""]","[""[38, 255, 107]""]",days since 1993-01-01 00:00:00,gregorian
northeast_pacific/full_domain/hindcast/monthly/raw/r20260701,dep_wet_fed,1,396,396,1993-01-16,2025-12-16,fa2d4c0405,[38],[396],"[""[816, 342]""]","[""[38, 255, 107]""]",days since 1993-01-01 00:00:00,gregorian
northeast_pacific/full_domain/hindcast/monthly/raw/r20260701,dep_wet_lith,1,396,396,1993-01-16,2025-12-16,fa2d4c0405,[38],[396],"[""[816, 342]""]","[""[38, 255, 107]""]",days since 1993-01-01 00:00:00,gregorian
northeast_pacific/full_domain/hindcast/monthly/raw/r20260701,dep_wet_nh4,1,396,396,1993-01-16,2025-12-16,fa2d4c0405,[38],[396],"[""[816, 342]""]","[""[38, 255, 107]""]",days since 1993-01-01 00:00:00,gregorian
northeast_pacific/full_domain/hindcast/monthly/raw/r20260701,dep_wet_no3,1,396,396,1993-01-16,2025-12-16,fa2d4c0405,[38],[396],"[""[816, 342]""]","[""[38, 255, 107]""]",days since 1993-01-01 00:00:00,gregorian
northeast_pacific/full_domain/hindcast/monthly/raw/r20260701,detocos,1,396,396,1993-01-16,2025-12-16,fa2d4c0405,[38],[396],"[""[816, 342]""]","[""[38, 255, 107]""]",days since 1993-01-01 00:00:00,gregorian
northeast_pacific/full_domain/hindcast/monthly/raw/r20260701,dfeos,1,396,396,1993-01-16,2025-12-16,fa2d4c0405,[38],[396],"[""[816, 342]""]","[""[38, 255, 107]""]",days since 1993-01-01 00:00:00,gregorian
northeast_pacific/full_domain/hindcast/monthly/raw/r20260701,dic_csurf,1,396,396,1993-01-16,2025-12-16,fa2d4c0405,[38],[396],"[""[816, 342]""]","[""[38, 255, 107]""]",days since 1993-01-01 00:00:00,gregorian
northeast_pacific/full_domain/hindcast/monthly/raw/r20260701,dic_deltap,1,396,396,1993-01-16,2025-12-16,fa2d4c0405,[38],[396],"[""[816, 342]""]","[""[38, 255, 107]""]",days since 1993-01-01 00:00:00,gregorian
northeast_pacific/full_domain/hindcast/monthly/raw/r20260701,dic_kw,1,396,396,1993-01-16,2025-12-16,fa2d4c0405,[38],[396],"[""[816, 342]""]","[""[38, 255, 107]""]",days since 1993-01-01 00:00:00,gregorian
northeast_pacific/full_domain/hindcast/monthly/raw/r20260701,dic_sc_no,1,396,396,1993-01-16,2025-12-16,fa2d4c0405,[38],[396],"[""[816, 342]""]","[""[38, 255, 107]""]",days since 1993-01-01 00:00:00,gregorian
northeast_pacific/full_domain/hindcast/monthly/raw/r20260701,dic_stf_gas,1,396,396,1993-01-16,2025-12-16,fa2d4c0405,[38],[396],"[""[816, 342]""]","[""[38, 255, 107]""]",days since 1993-01-01 00:00:00,gregorian
northeast_pacific/full_domain/hindcast/monthly/raw/r20260701,dissic,1,396,396,1993-01-16,2025-12-16,fa2d4c0405,[100],[396],"[""[52, 816, 342]""]","[""[100, 10, 200, 200]""]",days since 1993-01-01 00:00:00,gregorian
northeast_pacific/full_domain/hindcast/monthly/raw/r20260701,dissicos,1,396,396,1993-01-16,2025-12-16,fa2d4c0405,[38],[396],"[""[816, 342]""]","[""[38, 255, 107]""]",days since 1993-01-01 00:00:00,gregorian
northeast_pacific/full_domain/hindcast/monthly/raw/r20260701,dissoc,1,396,396,1993-01-16,2025-12-16,fa2d4c0405,[100],[396],"[""[52, 816, 342]""]","[""[100, 10, 200, 200]""]",days since 1993-01-01 00:00:00,gregorian
northeast_pacific/full_domain/hindcast/monthly/raw/r20260701,dissocos,1,396,396,1993-01-16,2025-12-16,fa2d4c0405,[38],[396],"[""[816, 342]""]","[""[38, 255, 107]""]",days since 1993-01-01 00:00:00,gregorian
northeast_pacific/full_domain/hindcast/monthly/raw/r20260701,don_100,1,396,396,1993-01-16,2025-12-16,fa2d4c0405,[38],[396],"[""[816, 342]""]","[""[38, 255, 107]""]",days since 1993-01-01 00:00:00,gregorian
northeast_pacific/full_domain/hindcast/monthly/raw/r20260701,dpco2,1,396,396,1993-01-16,2025-12-16,fa2d4c0405,[38],[396],"[""[816, 342]""]","[""[38, 255, 107]""]",days since 1993-01-01 00:00:00,gregorian
northeast_pacific/full_domain/hindcast/monthly/raw/r20260701,dpo2,1,396,396,1993-01-16,2025-12-16,fa2d4c0405,[38],[396],"[""[816, 342]""]","[""[38, 255, 107]""]",days since 1993-01-01 00:00:00,gregorian
northeast_pacific/full_domain/hindcast/monthly/raw/r20260701,eparag100,1,396,396,1993-01-16,2025-12-16,fa2d4c0405,[38],[396],"[""[816, 342]""]","[""[38, 255, 107]""]",days since 1993-01-01 00:00:00,gregorian
northeast_pacific/full_domain/hindcast/monthly/raw/r20260701,epc100,1,396,396,1993-01-16,2025-12-16,fa2d4c0405,[38],[396],"[""[816, 342]""]","[""[38, 255, 107]""]",days since 1993-01-01 00:00:00,gregorian
northeast_pacific/full_domain/hindcast/monthly/raw/r20260701,epcalc100,1,396,396,1993-01-16,2025-12-16,fa2d4c0405,[38],[396],"[""[816, 342]""]","[""[38, 255, 107]""]",days since 1993-01-01 00:00:00,gregorian
northeast_pacific/full_domain/hindcast/monthly/raw/r20260701,epfe100,1,396,396,1993-01-16,2025-12-16,fa2d4c0405,[38],[396],"[""[816, 342]""]","[""[38, 255, 107]""]",days since 1993-01-01 00:00:00,gregorian
northeast_pacific/full_domain/hindcast/monthly/raw/r20260701,epn100,1,396,396,1993-01-16,2025-12-16,fa2d4c0405,[38],[396],"[""[816, 342]""]","[""[38, 255, 107]""]",days since 1993-01-01 00:00:00,gregorian
northeast_pacific/full_domain/hindcast/monthly/raw/r20260701,epp100,1,396,396,1993-01-16,2025-12-16,fa2d4c0405,[38],[396],"[""[816, 342]""]","[""[38, 255, 107]""]",days since 1993-01-01 00:00:00,gregorian
northeast_pacific/full_domain/hindcast/monthly/raw/r20260701,epsi100,1,396,396,1993-01-16,2025-12-16,fa2d4c0405,[38],[396],"[""[816, 342]""]","[""[38, 255, 107]""]",days since 1993-01-01 00:00:00,gregorian
northeast_pacific/full_domain/hindcast/monthly/raw/r20260701,evs,1,396,396,1993-01-16,2025-12-16,fa2d4c0405,[38],[396],"[""[816, 342]""]","[""[38, 255, 107]""]",days since 1993-01-01 00:00:00,gregorian
northeast_pacific/full_domain/hindcast/monthly/raw/r20260701,fcadet_arag_btm,1,396,396,1993-01-16,2025-12-16,fa2d4c0405,[38],[396],"[""[816, 342]""]","[""[38, 255, 107]""]",days since 1993-01-01 00:00:00,gregorian
northeast_pacific/full_domain/hindcast/monthly/raw/r20260701,fcadet_calc_btm,1,396,396,1993-01-16,2025-12-16,fa2d4c0405,[38],[396],"[""[816, 342]""]","[""[38, 255, 107]""]",days since 1993-01-01 00:00:00,gregorian
northeast_pacific/full_domain/hindcast/monthly/raw/r20260701,fcased_burial,1,396,396,1993-01-16,2025-12-16,fa2d4c0405,[38],[396],"[""[816, 342]""]","[""[38, 255, 107]""]",days since 1993-01-01 00:00:00,gregorian
northeast_pacific/full_domain/hindcast/monthly/raw/r20260701,fcased_redis,1,396,396,1993-01-16,2025-12-16,fa2d4c0405,[38],[396],"[""[816, 342]""]","[""[38, 255, 107]""]",days since 1993-01-01 00:00:00,gregorian
northeast_pacific/full_domain/hindcast/monthly/raw/r20260701,fcased_redis_surfresp,1,396,396,1993-01-16,2025-12-16,fa2d4c0405,[38],[396],"[""[816, 342]""]","[""[38, 255, 107]""]",days since 1993-01-01 00:00:00,gregorian
northeast_pacific/full_domain/hindcast/monthly/raw/r20260701,fed,1,396,396,1993-01-16,2025-12-16,fa2d4c0405,[100],[396],"[""[52, 816, 342]""]","[""[100, 10, 200, 200]""]",days since 1993-01-01 00:00:00,gregorian
northeast_pacific/full_domain/hindcast/monthly/raw/r20260701,fedet,1,396,396,1993-01-16,2025-12-16,fa2d4c0405,[100],[396],"[""[52, 816, 342]""]","[""[100, 10, 200, 200]""]",days since 1993-01-01 00:00:00,gregorian
northeast_pacific/full_domain/hindcast/monthly/raw/r20260701,feprime,1,396,396,1993-01-16,2025-12-16,fa2d4c0405,[100],[396],"[""[52, 816, 342]""]","[""[100, 10, 200, 200]""]",days since 1993-01-01 00:00:00,gregorian
northeast_pacific/full_domain/hindcast/monthly/raw/r20260701,ffe_sed,1,396,396,1993-01-16,2025-12-16,fa2d4c0405,[38],[396],"[""[816, 342]""]","[""[38, 255, 107]""]",days since 1993-01-01 00:00:00,gregorian
northeast_pacific/full_domain/hindcast/monthly/raw/r20260701,ffedet_btm,1,396,396,1993-01-16,2025-12-16,fa2d4c0405,[38],[396],"[""[816, 342]""]","[""[38, 255, 107]""]",days since 1993-01-01 00:00:00,gregorian
northeast_pacific/full_domain/hindcast/monthly/raw/r20260701,ffedi_btm,1,396,396,1993-01-16,2025-12-16,fa2d4c0405,[38],[396],"[""[816, 342]""]","[""[38, 255, 107]""]",days since 1993-01-01 00:00:00,gregorian
northeast_pacific/full_domain/hindcast/monthly/raw/r20260701,ffelg_btm,1,396,396,1993-01-16,2025-12-16,fa2d4c0405,[38],[396],"[""[816, 342]""]","[""[38, 255, 107]""]",days since 1993-01-01 00:00:00,gregorian
northeast_pacific/full_domain/hindcast/monthly/raw/r20260701,ffemd_btm,1,396,396,1993-01-16,2025-12-16,fa2d4c0405,[38],[396],"[""[816, 342]""]","[""[38, 255, 107]""]",days since 1993-01-01 00:00:00,gregorian
northeast_pacific/full_domain/hindcast/monthly/raw/r20260701,ffetot_btm,1,396,396,1993-01-16,2025-12-16,fa2d4c0405,[38],[396],"[""[816, 342]""]","[""[38, 255, 107]""]",days since 1993-01-01 00:00:00,gregorian
northeast_pacific/full_domain/hindcast/monthly/raw/r20260701,fgco2,1,396,396,1993-01-16,2025-12-16,fa2d4c0405,[38],[396],"[""[816, 342]""]","[""[38, 255, 107]""]",days since 1993-01-01 00:00:00,gregorian
northeast_pacific/full_domain/hindcast/monthly/raw/r20260701,fgo2,1,396,396,1993-01-16,2025-12-16,fa2d4c0405,[38],[396],"[""[816, 342]""]","[""[38, 255, 107]""]",days since 1993-01-01 00:00:00,gregorian
northeast_pacific/full_domain/hindcast/monthly/raw/r20260701,ficeberg,1,396,396,1993-01-16,2025-12-16,fa2d4c0405,[38],[396],"[""[816, 342]""]","[""[38, 255, 107]""]",days since 1993-01-01 00:00:00,gregorian
northeast_pacific/full_domain/hindcast/monthly/raw/r20260701,flithdet_btm,1,396,396,1993-01-16,2025-12-16,fa2d4c0405,[38],[396],"[""[816, 342]""]","[""[38, 255, 107]""]",days since 1993-01-01 00:00:00,gregorian
northeast_pacific/full_domain/hindcast/monthly/raw/r20260701,fndet_btm,1,396,396,1993-01-16,2025-12-16,fa2d4c0405,[38],[396],"[""[816, 342]""]","[""[38, 255, 107]""]",days since 1993-01-01 00:00:00,gregorian
northeast_pacific/full_domain/hindcast/monthly/raw/r20260701,fndi_btm,1,396,396,1993-01-16,2025-12-16,fa2d4c0405,[38],[396],"[""[816, 342]""]","[""[38, 255, 107]""]",days since 1993-01-01 00:00:00,gregorian
northeast_pacific/full_domain/hindcast/monthly/raw/r20260701,fnlg_btm,1,396,396,1993-01-16,2025-12-16,fa2d4c0405,[38],[396],"[""[816, 342]""]","[""[38, 255, 107]""]",days since 1993-01-01 00:00:00,gregorian
northeast_pacific/full_domain/hindcast/monthly/raw/r20260701,fnmd_btm,1,396,396,1993-01-16,2025-12-16,fa2d4c0405,[38],[396],"[""[816, 342]""]","[""[38, 255, 107]""]",days since 1993-01-01 00:00:00,gregorian
northeast_pacific/full_domain/hindcast/monthly/raw/r20260701,fno3denit_sed,1,396,396,1993-01-16,2025-12-16,fa2d4c0405,[38],[396],"[""[816, 342]""]","[""[38, 255, 107]""]",days since 1993-01-01 00:00:00,gregorian
northeast_pacific/full_domain/hindcast/monthly/raw/r20260701,fnoxic_sed,1,396,396,1993-01-16,2025-12-16,fa2d4c0405,[38],[396],"[""[816, 342]""]","[""[38, 255, 107]""]",days since 1993-01-01 00:00:00,gregorian
northeast_pacific/full_domain/hindcast/monthly/raw/r20260701,fnso4red_sed,1,396,396,1993-01-16,2025-12-16,fa2d4c0405,[38],[396],"[""[816, 342]""]","[""[38, 255, 107]""]",days since 1993-01-01 00:00:00,gregorian
northeast_pacific/full_domain/hindcast/monthly/raw/r20260701,fntot_btm,1,396,396,1993-01-16,2025-12-16,fa2d4c0405,[38],[396],"[""[816, 342]""]","[""[38, 255, 107]""]",days since 1993-01-01 00:00:00,gregorian
northeast_pacific/full_domain/hindcast/monthly/raw/r20260701,fpdet_btm,1,396,396,1993-01-16,2025-12-16,fa2d4c0405,[38],[396],"[""[816, 342]""]","[""[38, 255, 107]""]",days since 1993-01-01 00:00:00,gregorian
northeast_pacific/full_domain/hindcast/monthly/raw/r20260701,fpdi_btm,1,396,396,1993-01-16,2025-12-16,fa2d4c0405,[38],[396],"[""[816, 342]""]","[""[38, 255, 107]""]",days since 1993-01-01 00:00:00,gregorian
northeast_pacific/full_domain/hindcast/monthly/raw/r20260701,fplg_btm,1,396,396,1993-01-16,2025-12-16,fa2d4c0405,[38],[396],"[""[816, 342]""]","[""[38, 255, 107]""]",days since 1993-01-01 00:00:00,gregorian
northeast_pacific/full_domain/hindcast/monthly/raw/r20260701,fpmd_btm,1,396,396,1993-01-16,2025-12-16,fa2d4c0405,[38],[396],"[""[816, 342]""]","[""[38, 255, 107]""]",days since 1993-01-01 00:00:00,gregorian
northeast_pacific/full_domain/hindcast/monthly/raw/r20260701,fptot_btm,1,396,396,1993-01-16,2025-12-16,fa2d4c0405,[38],[396],"[""[816, 342]""]","[""[38, 255, 107]""]",days since 1993-01-01 00:00:00,gregorian
northeast_pacific/full_domain/hindcast/monthly/raw/r20260701,frfe,1,396,396,1993-01-16,2025-12-16,fa2d4c0405,[38],[396],"[""[816, 342]""]","[""[38, 255, 107]""]",days since 1993-01-01 00:00:00,gregorian
northeast_pacific/full_domain/hindcast/monthly/raw/r20260701,fric,1,396,396,1993-01-16,2025-12-16,fa2d4c0405,[38],[396],"[""[816, 342]""]","[""[38, 255, 107]""]",days since 1993-01-01 00:00:00,gregorian
northeast_pacific/full_domain/hindcast/monthly/raw/r20260701,friver,1,396,396,1993-01-16,2025-12-16,fa2d4c0405,[38],[396],"[""[816, 342]""]","[""[38, 255, 107]""]",days since 1993-01-01 00:00:00,gregorian
northeast_pacific/full_domain/hindcast/monthly/raw/r20260701,frn,1,396,396,1993-01-16,2025-12-16,fa2d4c0405,[38],[396],"[""[816, 342]""]","[""[38, 255, 107]""]",days since 1993-01-01 00:00:00,gregorian
northeast_pacific/full_domain/hindcast/monthly/raw/r20260701,froc,1,396,396,1993-01-16,2025-12-16,fa2d4c0405,[38],[396],"[""[816, 342]""]","[""[38, 255, 107]""]",days since 1993-01-01 00:00:00,gregorian
northeast_pacific/full_domain/hindcast/monthly/raw/r20260701,fsfe,1,396,396,1993-01-16,2025-12-16,fa2d4c0405,[38],[396],"[""[816, 342]""]","[""[38, 255, 107]""]",days since 1993-01-01 00:00:00,gregorian
northeast_pacific/full_domain/hindcast/monthly/raw/r20260701,fsidet_btm,1,396,396,1993-01-16,2025-12-16,fa2d4c0405,[38],[396],"[""[816, 342]""]","[""[38, 255, 107]""]",days since 1993-01-01 00:00:00,gregorian
northeast_pacific/full_domain/hindcast/monthly/raw/r20260701,fsilg_btm,1,396,396,1993-01-16,2025-12-16,fa2d4c0405,[38],[396],"[""[816, 342]""]","[""[38, 255, 107]""]",days since 1993-01-01 00:00:00,gregorian
northeast_pacific/full_domain/hindcast/monthly/raw/r20260701,fsimd_btm,1,396,396,1993-01-16,2025-12-16,fa2d4c0405,[38],[396],"[""[816, 342]""]","[""[38, 255, 107]""]",days since 1993-01-01 00:00:00,gregorian
northeast_pacific/full_domain/hindcast/monthly/raw/r20260701,fsitherm,1,396,396,1993-01-16,2025-12-16,fa2d4c0405,[38],[396],"[""[816, 342]""]","[""[38, 255, 107]""]",days since 1993-01-01 00:00:00,gregorian
northeast_pacific/full_domain/hindcast/monthly/raw/r20260701,fsn,1,396,396,1993-01-16,2025-12-16,fa2d4c0405,[38],[396],"[""[816, 342]""]","[""[38, 255, 107]""]",days since 1993-01-01 00:00:00,gregorian
northeast_pacific/full_domain/hindcast/monthly/raw/r20260701,heat_content_cond,1,396,396,1993-01-16,2025-12-16,fa2d4c0405,[38],[396],"[""[816, 342]""]","[""[38, 255, 107]""]",days since 1993-01-01 00:00:00,gregorian
northeast_pacific/full_domain/hindcast/monthly/raw/r20260701,heat_content_fprec,1,396,396,1993-01-16,2025-12-16,fa2d4c0405,[38],[396],"[""[816, 342]""]","[""[38, 255, 107]""]",days since 1993-01-01 00:00:00,gregorian
northeast_pacific/full_domain/hindcast/monthly/raw/r20260701,heat_content_massin,1,396,396,1993-01-16,2025-12-16,fa2d4c0405,[38],[396],"[""[816, 342]""]","[""[38, 255, 107]""]",days since 1993-01-01 00:00:00,gregorian
northeast_pacific/full_domain/hindcast/monthly/raw/r20260701,heat_content_massout,1,396,396,1993-01-16,2025-12-16,fa2d4c0405,[38],[396],"[""[816, 342]""]","[""[38, 255, 107]""]",days since 1993-01-01 00:00:00,gregorian
northeast_pacific/full_domain/hindcast/monthly/raw/r20260701,heat_content_surfwater,1,396,396,1993-01-16,2025-12-16,fa2d4c0405,[38],[396],"[""[816, 342]""]","[""[38, 255, 107]""]",days since 1993-01-01 00:00:00,gregorian
northeast_pacific/full_domain/hindcast/monthly/raw/r20260701,hfds,1,396,396,1993-01-16,2025-12-16,fa2d4c0405,[38],[396],"[""[816, 342]""]","[""[38, 255, 107]""]",days since 1993-01-01 00:00:00,gregorian
northeast_pacific/full_domain/hindcast/monthly/raw/r20260701,hfevapds,1,396,396,1993-01-16,2025-12-16,fa2d4c0405,[38],[396],"[""[816, 342]""]","[""[38, 255, 107]""]",days since 1993-01-01 00:00:00,gregorian
northeast_pacific/full_domain/hindcast/monthly/raw/r20260701,hfibthermds,1,396,396,1993-01-16,2025-12-16,fa2d4c0405,[38],[396],"[""[816, 342]""]","[""[38, 255, 107]""]",days since 1993-01-01 00:00:00,gregorian
northeast_pacific/full_domain/hindcast/monthly/raw/r20260701,hflso,1,396,396,1993-01-16,2025-12-16,fa2d4c0405,[38],[396],"[""[816, 342]""]","[""[38, 255, 107]""]",days since 1993-01-01 00:00:00,gregorian
northeast_pacific/full_domain/hindcast/monthly/raw/r20260701,hfrainds,1,396,396,1993-01-16,2025-12-16,fa2d4c0405,[38],[396],"[""[816, 342]""]","[""[38, 255, 107]""]",days since 1993-01-01 00:00:00,gregorian
northeast_pacific/full_domain/hindcast/monthly/raw/r20260701,hfrunoffds,1,396,396,1993-01-16,2025-12-16,fa2d4c0405,[38],[396],"[""[816, 342]""]","[""[38, 255, 107]""]",days since 1993-01-01 00:00:00,gregorian
northeast_pacific/full_domain/hindcast/monthly/raw/r20260701,hfsifrazil,1,396,396,1993-01-16,2025-12-16,fa2d4c0405,[38],[396],"[""[816, 342]""]","[""[38, 255, 107]""]",days since 1993-01-01 00:00:00,gregorian
northeast_pacific/full_domain/hindcast/monthly/raw/r20260701,hfsnthermds,1,396,396,1993-01-16,2025-12-16,fa2d4c0405,[38],[396],"[""[816, 342]""]","[""[38, 255, 107]""]",days since 1993-01-01 00:00:00,gregorian
northeast_pacific/full_domain/hindcast/monthly/raw/r20260701,hfsso,1,396,396,1993-01-16,2025-12-16,fa2d4c0405,[38],[396],"[""[816, 342]""]","[""[38, 255, 107]""]",days since 1993-01-01 00:00:00,gregorian
northeast_pacific/full_domain/hindcast/monthly/raw/r20260701,htotal,1,396,396,1993-01-16,2025-12-16,fa2d4c0405,[100],[396],"[""[52, 816, 342]""]","[""[100, 10, 200, 200]""]",days since 1993-01-01 00:00:00,gregorian
northeast_pacific/full_domain/hindcast/monthly/raw/r20260701,icfriver,1,396,396,1993-01-16,2025-12-16,fa2d4c0405,[38],[396],"[""[816, 342]""]","[""[38, 255, 107]""]",days since 1993-01-01 00:00:00,gregorian
northeast_pacific/full_domain/hindcast/monthly/raw/r20260701,intdic,1,396,396,1993-01-16,2025-12-16,fa2d4c0405,[38],[396],"[""[816, 342]""]","[""[38, 255, 107]""]",days since 1993-01-01 00:00:00,gregorian
northeast_pacific/full_domain/hindcast/monthly/raw/r20260701,intdoc,1,396,396,1993-01-16,2025-12-16,fa2d4c0405,[38],[396],"[""[816, 342]""]","[""[38, 255, 107]""]",days since 1993-01-01 00:00:00,gregorian
northeast_pacific/full_domain/hindcast/monthly/raw/r20260701,intparag,1,396,396,1993-01-16,2025-12-16,fa2d4c0405,[38],[396],"[""[816, 342]""]","[""[38, 255, 107]""]",days since 1993-01-01 00:00:00,gregorian
northeast_pacific/full_domain/hindcast/monthly/raw/r20260701,intpbfe,1,396,396,1993-01-16,2025-12-16,fa2d4c0405,[38],[396],"[""[816, 342]""]","[""[38, 255, 107]""]",days since 1993-01-01 00:00:00,gregorian
northeast_pacific/full_domain/hindcast/monthly/raw/r20260701,intpbn,1,396,396,1993-01-16,2025-12-16,fa2d4c0405,[38],[396],"[""[816, 342]""]","[""[38, 255, 107]""]",days since 1993-01-01 00:00:00,gregorian
northeast_pacific/full_domain/hindcast/monthly/raw/r20260701,intpbp,1,396,396,1993-01-16,2025-12-16,fa2d4c0405,[38],[396],"[""[816, 342]""]","[""[38, 255, 107]""]",days since 1993-01-01 00:00:00,gregorian
northeast_pacific/full_domain/hindcast/monthly/raw/r20260701,intpbsi,1,396,396,1993-01-16,2025-12-16,fa2d4c0405,[38],[396],"[""[816, 342]""]","[""[38, 255, 107]""]",days since 1993-01-01 00:00:00,gregorian
northeast_pacific/full_domain/hindcast/monthly/raw/r20260701,intpcalcite,1,396,396,1993-01-16,2025-12-16,fa2d4c0405,[38],[396],"[""[816, 342]""]","[""[38, 255, 107]""]",days since 1993-01-01 00:00:00,gregorian
northeast_pacific/full_domain/hindcast/monthly/raw/r20260701,intpn2,1,396,396,1993-01-16,2025-12-16,fa2d4c0405,[38],[396],"[""[816, 342]""]","[""[38, 255, 107]""]",days since 1993-01-01 00:00:00,gregorian
northeast_pacific/full_domain/hindcast/monthly/raw/r20260701,intpoc,1,396,396,1993-01-16,2025-12-16,fa2d4c0405,[38],[396],"[""[816, 342]""]","[""[38, 255, 107]""]",days since 1993-01-01 00:00:00,gregorian
northeast_pacific/full_domain/hindcast/monthly/raw/r20260701,intpp,1,396,396,1993-01-16,2025-12-16,fa2d4c0405,[38],[396],"[""[816, 342]""]","[""[38, 255, 107]""]",days since 1993-01-01 00:00:00,gregorian
northeast_pacific/full_domain/hindcast/monthly/raw/r20260701,intppdiat,1,396,396,1993-01-16,2025-12-16,fa2d4c0405,[38],[396],"[""[816, 342]""]","[""[38, 255, 107]""]",days since 1993-01-01 00:00:00,gregorian
northeast_pacific/full_domain/hindcast/monthly/raw/r20260701,intppdiaz,1,396,396,1993-01-16,2025-12-16,fa2d4c0405,[38],[396],"[""[816, 342]""]","[""[38, 255, 107]""]",days since 1993-01-01 00:00:00,gregorian
northeast_pacific/full_domain/hindcast/monthly/raw/r20260701,intppmisc,1,396,396,1993-01-16,2025-12-16,fa2d4c0405,[38],[396],"[""[816, 342]""]","[""[38, 255, 107]""]",days since 1993-01-01 00:00:00,gregorian
northeast_pacific/full_domain/hindcast/monthly/raw/r20260701,intppnitrate,1,396,396,1993-01-16,2025-12-16,fa2d4c0405,[38],[396],"[""[816, 342]""]","[""[38, 255, 107]""]",days since 1993-01-01 00:00:00,gregorian
northeast_pacific/full_domain/hindcast/monthly/raw/r20260701,intpppico,1,396,396,1993-01-16,2025-12-16,fa2d4c0405,[38],[396],"[""[816, 342]""]","[""[38, 255, 107]""]",days since 1993-01-01 00:00:00,gregorian
northeast_pacific/full_domain/hindcast/monthly/raw/r20260701,irr_inst,1,396,396,1993-01-16,2025-12-16,fa2d4c0405,[100],[396],"[""[52, 816, 342]""]","[""[100, 10, 200, 200]""]",days since 1993-01-01 00:00:00,gregorian
northeast_pacific/full_domain/hindcast/monthly/raw/r20260701,irr_mix,1,396,396,1993-01-16,2025-12-16,fa2d4c0405,[100],[396],"[""[52, 816, 342]""]","[""[100, 10, 200, 200]""]",days since 1993-01-01 00:00:00,gregorian
northeast_pacific/full_domain/hindcast/monthly/raw/r20260701,irrlim_Di,1,396,396,1993-01-16,2025-12-16,fa2d4c0405,[100],[396],"[""[52, 816, 342]""]","[""[100, 10, 200, 200]""]",days since 1993-01-01 00:00:00,gregorian
northeast_pacific/full_domain/hindcast/monthly/raw/r20260701,irrlim_Lg,1,396,396,1993-01-16,2025-12-16,fa2d4c0405,[100],[396],"[""[52, 816, 342]""]","[""[100, 10, 200, 200]""]",days since 1993-01-01 00:00:00,gregorian
northeast_pacific/full_domain/hindcast/monthly/raw/r20260701,irrlim_Md,1,396,396,1993-01-16,2025-12-16,fa2d4c0405,[100],[396],"[""[52, 816, 342]""]","[""[100, 10, 200, 200]""]",days since 1993-01-01 00:00:00,gregorian
northeast_pacific/full_domain/hindcast/monthly/raw/r20260701,irrlim_Sm,1,396,396,1993-01-16,2025-12-16,fa2d4c0405,[100],[396],"[""[52, 816, 342]""]","[""[100, 10, 200, 200]""]",days since 1993-01-01 00:00:00,gregorian
northeast_pacific/full_domain/hindcast/monthly/raw/r20260701,jaggloss_nlgp_100,1,396,396,1993-01-16,2025-12-16,fa2d4c0405,[38],[396],"[""[816, 342]""]","[""[38, 255, 107]""]",days since 1993-01-01 00:00:00,gregorian
northeast_pacific/full_domain/hindcast/monthly/raw/r20260701,jaggloss_nmdp_100,1,396,396,1993-01-16,2025-12-16,fa2d4c0405,[38],[396],"[""[816, 342]""]","[""[38, 255, 107]""]",days since 1993-01-01 00:00:00,gregorian
northeast_pacific/full_domain/hindcast/monthly/raw/r20260701,jaggloss_nsmp_100,1,396,396,1993-01-16,2025-12-16,fa2d4c0405,[38],[396],"[""[816, 342]""]","[""[38, 255, 107]""]",days since 1993-01-01 00:00:00,gregorian
northeast_pacific/full_domain/hindcast/monthly/raw/r20260701,jexuloss_ndi_100,1,396,396,1993-01-16,2025-12-16,fa2d4c0405,[38],[396],"[""[816, 342]""]","[""[38, 255, 107]""]",days since 1993-01-01 00:00:00,gregorian
northeast_pacific/full_domain/hindcast/monthly/raw/r20260701,jexuloss_nlgp_100,1,396,396,1993-01-16,2025-12-16,fa2d4c0405,[38],[396],"[""[816, 342]""]","[""[38, 255, 107]""]",days since 1993-01-01 00:00:00,gregorian
northeast_pacific/full_domain/hindcast/monthly/raw/r20260701,jexuloss_nmdp_100,1,396,396,1993-01-16,2025-12-16,fa2d4c0405,[38],[396],"[""[816, 342]""]","[""[38, 255, 107]""]",days since 1993-01-01 00:00:00,gregorian
northeast_pacific/full_domain/hindcast/monthly/raw/r20260701,jexuloss_nsmp_100,1,396,396,1993-01-16,2025-12-16,fa2d4c0405,[38],[396],"[""[816, 342]""]","[""[38, 255, 107]""]",days since 1993-01-01 00:00:00,gregorian
northeast_pacific/full_domain/hindcast/monthly/raw/r20260701,jhploss_nlgz_100,1,396,396,1993-01-16,2025-12-16,fa2d4c0405,[38],[396],"[""[816, 342]""]","[""[38, 255, 107]""]",days since 1993-01-01 00:00:00,gregorian
northeast_pacific/full_domain/hindcast/monthly/raw/r20260701,jhploss_nmdz_100,1,396,396,1993-01-16,2025-12-16,fa2d4c0405,[38],[396],"[""[816, 342]""]","[""[38, 255, 107]""]",days since 1993-01-01 00:00:00,gregorian
northeast_pacific/full_domain/hindcast/monthly/raw/r20260701,jingest_n_hp_100,1,396,396,1993-01-16,2025-12-16,fa2d4c0405,[38],[396],"[""[816, 342]""]","[""[38, 255, 107]""]",days since 1993-01-01 00:00:00,gregorian
northeast_pacific/full_domain/hindcast/monthly/raw/r20260701,jingest_n_nlgz_100,1,396,396,1993-01-16,2025-12-16,fa2d4c0405,[38],[396],"[""[816, 342]""]","[""[38, 255, 107]""]",days since 1993-01-01 00:00:00,gregorian
northeast_pacific/full_domain/hindcast/monthly/raw/r20260701,jingest_n_nmdz_100,1,396,396,1993-01-16,2025-12-16,fa2d4c0405,[38],[396],"[""[816, 342]""]","[""[38, 255, 107]""]",days since 1993-01-01 00:00:00,gregorian
northeast_pacific/full_domain/hindcast/monthly/raw/r20260701,jingest_n_nsmz_100,1,396,396,1993-01-16,2025-12-16,fa2d4c0405,[38],[396],"[""[816, 342]""]","[""[38, 255, 107]""]",days since 1993-01-01 00:00:00,gregorian
northeast_pacific/full_domain/hindcast/monthly/raw/r20260701,jmortloss_ndi_100,1,396,396,1993-01-16,2025-12-16,fa2d4c0405,[38],[396],"[""[816, 342]""]","[""[38, 255, 107]""]",days since 1993-01-01 00:00:00,gregorian
northeast_pacific/full_domain/hindcast/monthly/raw/r20260701,jmortloss_nlgp_100,1,396,396,1993-01-16,2025-12-16,fa2d4c0405,[38],[396],"[""[816, 342]""]","[""[38, 255, 107]""]",days since 1993-01-01 00:00:00,gregorian
northeast_pacific/full_domain/hindcast/monthly/raw/r20260701,jmortloss_nmdp_100,1,396,396,1993-01-16,2025-12-16,fa2d4c0405,[38],[396],"[""[816, 342]""]","[""[38, 255, 107]""]",days since 1993-01-01 00:00:00,gregorian
northeast_pacific/full_domain/hindcast/monthly/raw/r20260701,jmortloss_nsmp_100,1,396,396,1993-01-16,2025-12-16,fa2d4c0405,[38],[396],"[""[816, 342]""]","[""[38, 255, 107]""]",days since 1993-01-01 00:00:00,gregorian
northeast_pacific/full_domain/hindcast/monthly/raw/r20260701,jprod_cadet_arag_100,1,396,396,1993-01-16,2025-12-16,fa2d4c0405,[38],[396],"[""[816, 342]""]","[""[38, 255, 107]""]",days since 1993-01-01 00:00:00,gregorian
northeast_pacific/full_domain/hindcast/monthly/raw/r20260701,jprod_cadet_calc_100,1,396,396,1993-01-16,2025-12-16,fa2d4c0405,[38],[396],"[""[816, 342]""]","[""[38, 255, 107]""]",days since 1993-01-01 00:00:00,gregorian
northeast_pacific/full_domain/hindcast/monthly/raw/r20260701,jprod_don_nmdz_100,1,396,396,1993-01-16,2025-12-16,fa2d4c0405,[38],[396],"[""[816, 342]""]","[""[38, 255, 107]""]",days since 1993-01-01 00:00:00,gregorian
northeast_pacific/full_domain/hindcast/monthly/raw/r20260701,jprod_don_nsmz_100,1,396,396,1993-01-16,2025-12-16,fa2d4c0405,[38],[396],"[""[816, 342]""]","[""[38, 255, 107]""]",days since 1993-01-01 00:00:00,gregorian
northeast_pacific/full_domain/hindcast/monthly/raw/r20260701,jprod_lithdet_100,1,396,396,1993-01-16,2025-12-16,fa2d4c0405,[38],[396],"[""[816, 342]""]","[""[38, 255, 107]""]",days since 1993-01-01 00:00:00,gregorian
northeast_pacific/full_domain/hindcast/monthly/raw/r20260701,jprod_mesozoo_200,1,396,396,1993-01-16,2025-12-16,fa2d4c0405,[38],[396],"[""[816, 342]""]","[""[38, 255, 107]""]",days since 1993-01-01 00:00:00,gregorian
northeast_pacific/full_domain/hindcast/monthly/raw/r20260701,jprod_nbact_100,1,396,396,1993-01-16,2025-12-16,fa2d4c0405,[38],[396],"[""[816, 342]""]","[""[38, 255, 107]""]",days since 1993-01-01 00:00:00,gregorian
northeast_pacific/full_domain/hindcast/monthly/raw/r20260701,jprod_ndet_hp_100,1,396,396,1993-01-16,2025-12-16,fa2d4c0405,[38],[396],"[""[816, 342]""]","[""[38, 255, 107]""]",days since 1993-01-01 00:00:00,gregorian
northeast_pacific/full_domain/hindcast/monthly/raw/r20260701,jprod_ndet_nlgz_100,1,396,396,1993-01-16,2025-12-16,fa2d4c0405,[38],[396],"[""[816, 342]""]","[""[38, 255, 107]""]",days since 1993-01-01 00:00:00,gregorian
northeast_pacific/full_domain/hindcast/monthly/raw/r20260701,jprod_ndet_nmdz_100,1,396,396,1993-01-16,2025-12-16,fa2d4c0405,[38],[396],"[""[816, 342]""]","[""[38, 255, 107]""]",days since 1993-01-01 00:00:00,gregorian
northeast_pacific/full_domain/hindcast/monthly/raw/r20260701,jprod_ndi_100,1,396,396,1993-01-16,2025-12-16,fa2d4c0405,[38],[396],"[""[816, 342]""]","[""[38, 255, 107]""]",days since 1993-01-01 00:00:00,gregorian
northeast_pacific/full_domain/hindcast/monthly/raw/r20260701,jprod_ndi_n2_100,1,396,396,1993-01-16,2025-12-16,fa2d4c0405,[38],[396],"[""[816, 342]""]","[""[38, 255, 107]""]",days since 1993-01-01 00:00:00,gregorian
northeast_pacific/full_domain/hindcast/monthly/raw/r20260701,jprod_ndi_new_100,1,396,396,1993-01-16,2025-12-16,fa2d4c0405,[38],[396],"[""[816, 342]""]","[""[38, 255, 107]""]",days since 1993-01-01 00:00:00,gregorian
northeast_pacific/full_domain/hindcast/monthly/raw/r20260701,jprod_nlgp_100,1,396,396,1993-01-16,2025-12-16,fa2d4c0405,[38],[396],"[""[816, 342]""]","[""[38, 255, 107]""]",days since 1993-01-01 00:00:00,gregorian
northeast_pacific/full_domain/hindcast/monthly/raw/r20260701,jprod_nlgp_new_100,1,396,396,1993-01-16,2025-12-16,fa2d4c0405,[38],[396],"[""[816, 342]""]","[""[38, 255, 107]""]",days since 1993-01-01 00:00:00,gregorian
northeast_pacific/full_domain/hindcast/monthly/raw/r20260701,jprod_nlgz_100,1,396,396,1993-01-16,2025-12-16,fa2d4c0405,[38],[396],"[""[816, 342]""]","[""[38, 255, 107]""]",days since 1993-01-01 00:00:00,gregorian
northeast_pacific/full_domain/hindcast/monthly/raw/r20260701,jprod_nmdp_100,1,396,396,1993-01-16,2025-12-16,fa2d4c0405,[38],[396],"[""[816, 342]""]","[""[38, 255, 107]""]",days since 1993-01-01 00:00:00,gregorian
northeast_pacific/full_domain/hindcast/monthly/raw/r20260701,jprod_nmdp_new_100,1,396,396,1993-01-16,2025-12-16,fa2d4c0405,[38],[396],"[""[816, 342]""]","[""[38, 255, 107]""]",days since 1993-01-01 00:00:00,gregorian
northeast_pacific/full_domain/hindcast/monthly/raw/r20260701,jprod_nmdz_100,1,396,396,1993-01-16,2025-12-16,fa2d4c0405,[38],[396],"[""[816, 342]""]","[""[38, 255, 107]""]",days since 1993-01-01 00:00:00,gregorian
northeast_pacific/full_domain/hindcast/monthly/raw/r20260701,jprod_nsmp_100,1,396,396,1993-01-16,2025-12-16,fa2d4c0405,[38],[396],"[""[816, 342]""]","[""[38, 255, 107]""]",days since 1993-01-01 00:00:00,gregorian
northeast_pacific/full_domain/hindcast/monthly/raw/r20260701,jprod_nsmp_new_100,1,396,396,1993-01-16,2025-12-16,fa2d4c0405,[38],[396],"[""[816, 342]""]","[""[38, 255, 107]""]",days since 1993-01-01 00:00:00,gregorian
northeast_pacific/full_domain/hindcast/monthly/raw/r20260701,jprod_nsmz_100,1,396,396,1993-01-16,2025-12-16,fa2d4c0405,[38],[396],"[""[816, 342]""]","[""[38, 255, 107]""]",days since 1993-01-01 00:00:00,gregorian
northeast_pacific/full_domain/hindcast/monthly/raw/r20260701,jprod_sidet_100,1,396,396,1993-01-16,2025-12-16,fa2d4c0405,[38],[396],"[""[816, 342]""]","[""[38, 255, 107]""]",days since 1993-01-01 00:00:00,gregorian
northeast_pacific/full_domain/hindcast/monthly/raw/r20260701,jremin_n_hp_100,1,396,396,1993-01-16,2025-12-16,fa2d4c0405,[38],[396],"[""[816, 342]""]","[""[38, 255, 107]""]",days since 1993-01-01 00:00:00,gregorian
northeast_pacific/full_domain/hindcast/monthly/raw/r20260701,jremin_n_nbact_100,1,396,396,1993-01-16,2025-12-16,fa2d4c0405,[38],[396],"[""[816, 342]""]","[""[38, 255, 107]""]",days since 1993-01-01 00:00:00,gregorian
northeast_pacific/full_domain/hindcast/monthly/raw/r20260701,jremin_n_nlgz_100,1,396,396,1993-01-16,2025-12-16,fa2d4c0405,[38],[396],"[""[816, 342]""]","[""[38, 255, 107]""]",days since 1993-01-01 00:00:00,gregorian
northeast_pacific/full_domain/hindcast/monthly/raw/r20260701,jremin_n_nmdz_100,1,396,396,1993-01-16,2025-12-16,fa2d4c0405,[38],[396],"[""[816, 342]""]","[""[38, 255, 107]""]",days since 1993-01-01 00:00:00,gregorian
northeast_pacific/full_domain/hindcast/monthly/raw/r20260701,jremin_n_nsmz_100,1,396,396,1993-01-16,2025-12-16,fa2d4c0405,[38],[396],"[""[816, 342]""]","[""[38, 255, 107]""]",days since 1993-01-01 00:00:00,gregorian
northeast_pacific/full_domain/hindcast/monthly/raw/r20260701,jremin_ndet_100,1,396,396,1993-01-16,2025-12-16,fa2d4c0405,[38],[396],"[""[816, 342]""]","[""[38, 255, 107]""]",days since 1993-01-01 00:00:00,gregorian
northeast_pacific/full_domain/hindcast/monthly/raw/r20260701,juptake_ldon_nbact_100,1,396,396,1993-01-16,2025-12-16,fa2d4c0405,[38],[396],"[""[816, 342]""]","[""[38, 255, 107]""]",days since 1993-01-01 00:00:00,gregorian
northeast_pacific/full_domain/hindcast/monthly/raw/r20260701,jvirloss_nbact_100,1,396,396,1993-01-16,2025-12-16,fa2d4c0405,[38],[396],"[""[816, 342]""]","[""[38, 255, 107]""]",days since 1993-01-01 00:00:00,gregorian
northeast_pacific/full_domain/hindcast/monthly/raw/r20260701,jvirloss_nlgp_100,1,396,396,1993-01-16,2025-12-16,fa2d4c0405,[38],[396],"[""[816, 342]""]","[""[38, 255, 107]""]",days since 1993-01-01 00:00:00,gregorian
northeast_pacific/full_domain/hindcast/monthly/raw/r20260701,jvirloss_nmdp_100,1,396,396,1993-01-16,2025-12-16,fa2d4c0405,[38],[396],"[""[816, 342]""]","[""[38, 255, 107]""]",days since 1993-01-01 00:00:00,gregorian
northeast_pacific/full_domain/hindcast/monthly/raw/r20260701,jvirloss_nsmp_100,1,396,396,1993-01-16,2025-12-16,fa2d4c0405,[38],[396],"[""[816, 342]""]","[""[38, 255, 107]""]",days since 1993-01-01 00:00:00,gregorian
northeast_pacific/full_domain/hindcast/monthly/raw/r20260701,jzloss_nbact_100,1,396,396,1993-01-16,2025-12-16,fa2d4c0405,[38],[396],"[""[816, 342]""]","[""[38, 255, 107]""]",days since 1993-01-01 00:00:00,gregorian
northeast_pacific/full_domain/hindcast/monthly/raw/r20260701,jzloss_ndi_100,1,396,396,1993-01-16,2025-12-16,fa2d4c0405,[38],[396],"[""[816, 342]""]","[""[38, 255, 107]""]",days since 1993-01-01 00:00:00,gregorian
northeast_pacific/full_domain/hindcast/monthly/raw/r20260701,jzloss_nlgp_100,1,396,396,1993-01-16,2025-12-16,fa2d4c0405,[38],[396],"[""[816, 342]""]","[""[38, 255, 107]""]",days since 1993-01-01 00:00:00,gregorian
northeast_pacific/full_domain/hindcast/monthly/raw/r20260701,jzloss_nmdp_100,1,396,396,1993-01-16,2025-12-16,fa2d4c0405,[38],[396],"[""[816, 342]""]","[""[38, 255, 107]""]",days since 1993-01-01 00:00:00,gregorian
northeast_pacific/full_domain/hindcast/monthly/raw/r20260701,jzloss_nmdz_100,1,396,396,1993-01-16,2025-12-16,fa2d4c0405,[38],[396],"[""[816, 342]""]","[""[38, 255, 107]""]",days since 1993-01-01 00:00:00,gregorian
northeast_pacific/full_domain/hindcast/monthly/raw/r20260701,jzloss_nsmp_100,1,396,396,1993-01-16,2025-12-16,fa2d4c0405,[38],[396],"[""[816, 342]""]","[""[38, 255, 107]""]",days since 1993-01-01 00:00:00,gregorian
northeast_pacific/full_domain/hindcast/monthly/raw/r20260701,jzloss_nsmz_100,1,396,396,1993-01-16,2025-12-16,fa2d4c0405,[38],[396],"[""[816, 342]""]","[""[38, 255, 107]""]",days since 1993-01-01 00:00:00,gregorian
northeast_pacific/full_domain/hindcast/monthly/raw/r20260701,limfediat,1,396,396,1993-01-16,2025-12-16,fa2d4c0405,[38],[396],"[""[816, 342]""]","[""[38, 255, 107]""]",days since 1993-01-01 00:00:00,gregorian
northeast_pacific/full_domain/hindcast/monthly/raw/r20260701,limfediaz,1,396,396,1993-01-16,2025-12-16,fa2d4c0405,[38],[396],"[""[816, 342]""]","[""[38, 255, 107]""]",days since 1993-01-01 00:00:00,gregorian
northeast_pacific/full_domain/hindcast/monthly/raw/r20260701,limfemisc,1,396,396,1993-01-16,2025-12-16,fa2d4c0405,[38],[396],"[""[816, 342]""]","[""[38, 255, 107]""]",days since 1993-01-01 00:00:00,gregorian
northeast_pacific/full_domain/hindcast/monthly/raw/r20260701,limfepico,1,396,396,1993-01-16,2025-12-16,fa2d4c0405,[38],[396],"[""[816, 342]""]","[""[38, 255, 107]""]",days since 1993-01-01 00:00:00,gregorian
northeast_pacific/full_domain/hindcast/monthly/raw/r20260701,limirrdiat,1,396,396,1993-01-16,2025-12-16,fa2d4c0405,[38],[396],"[""[816, 342]""]","[""[38, 255, 107]""]",days since 1993-01-01 00:00:00,gregorian
northeast_pacific/full_domain/hindcast/monthly/raw/r20260701,limirrdiaz,1,396,396,1993-01-16,2025-12-16,fa2d4c0405,[38],[396],"[""[816, 342]""]","[""[38, 255, 107]""]",days since 1993-01-01 00:00:00,gregorian
northeast_pacific/full_domain/hindcast/monthly/raw/r20260701,limirrmisc,1,396,396,1993-01-16,2025-12-16,fa2d4c0405,[38],[396],"[""[816, 342]""]","[""[38, 255, 107]""]",days since 1993-01-01 00:00:00,gregorian
northeast_pacific/full_domain/hindcast/monthly/raw/r20260701,limirrpico,1,396,396,1993-01-16,2025-12-16,fa2d4c0405,[38],[396],"[""[816, 342]""]","[""[38, 255, 107]""]",days since 1993-01-01 00:00:00,gregorian
northeast_pacific/full_domain/hindcast/monthly/raw/r20260701,limndiat,1,396,396,1993-01-16,2025-12-16,fa2d4c0405,[38],[396],"[""[816, 342]""]","[""[38, 255, 107]""]",days since 1993-01-01 00:00:00,gregorian
northeast_pacific/full_domain/hindcast/monthly/raw/r20260701,limnmisc,1,396,396,1993-01-16,2025-12-16,fa2d4c0405,[38],[396],"[""[816, 342]""]","[""[38, 255, 107]""]",days since 1993-01-01 00:00:00,gregorian
northeast_pacific/full_domain/hindcast/monthly/raw/r20260701,limnpico,1,396,396,1993-01-16,2025-12-16,fa2d4c0405,[38],[396],"[""[816, 342]""]","[""[38, 255, 107]""]",days since 1993-01-01 00:00:00,gregorian
northeast_pacific/full_domain/hindcast/monthly/raw/r20260701,limpdiat,1,396,396,1993-01-16,2025-12-16,fa2d4c0405,[38],[396],"[""[816, 342]""]","[""[38, 255, 107]""]",days since 1993-01-01 00:00:00,gregorian
northeast_pacific/full_domain/hindcast/monthly/raw/r20260701,limpdiaz,1,396,396,1993-01-16,2025-12-16,fa2d4c0405,[38],[396],"[""[816, 342]""]","[""[38, 255, 107]""]",days since 1993-01-01 00:00:00,gregorian
northeast_pacific/full_domain/hindcast/monthly/raw/r20260701,limpmisc,1,396,396,1993-01-16,2025-12-16,fa2d4c0405,[38],[396],"[""[816, 342]""]","[""[38, 255, 107]""]",days since 1993-01-01 00:00:00,gregorian
northeast_pacific/full_domain/hindcast/monthly/raw/r20260701,limppico,1,396,396,1993-01-16,2025-12-16,fa2d4c0405,[38],[396],"[""[816, 342]""]","[""[38, 255, 107]""]",days since 1993-01-01 00:00:00,gregorian
northeast_pacific/full_domain/hindcast/monthly/raw/r20260701,mesozoo_200,1,396,396,1993-01-16,2025-12-16,fa2d4c0405,[38],[396],"[""[816, 342]""]","[""[38, 255, 107]""]",days since 1993-01-01 00:00:00,gregorian
northeast_pacific/full_domain/hindcast/monthly/raw/r20260701,mlotstmax,1,396,396,1993-01-16,2025-12-16,fa2d4c0405,[38],[396],"[""[816, 342]""]","[""[38, 255, 107]""]",days since 1993-01-01 00:00:00,gregorian
northeast_pacific/full_domain/hindcast/monthly/raw/r20260701,mlotstmin,1,396,396,1993-01-16,2025-12-16,fa2d4c0405,[38],[396],"[""[816, 342]""]","[""[38, 255, 107]""]",days since 1993-01-01 00:00:00,gregorian
northeast_pacific/full_domain/hindcast/monthly/raw/r20260701,mu_Di,1,396,396,1993-01-16,2025-12-16,fa2d4c0405,[100],[396],"[""[52, 816, 342]""]","[""[100, 10, 200, 200]""]",days since 1993-01-01 00:00:00,gregorian
northeast_pacific/full_domain/hindcast/monthly/raw/r20260701,mu_Lg,1,396,396,1993-01-16,2025-12-16,fa2d4c0405,[100],[396],"[""[52, 816, 342]""]","[""[100, 10, 200, 200]""]",days since 1993-01-01 00:00:00,gregorian
northeast_pacific/full_domain/hindcast/monthly/raw/r20260701,mu_Md,1,396,396,1993-01-16,2025-12-16,fa2d4c0405,[100],[396],"[""[52, 816, 342]""]","[""[100, 10, 200, 200]""]",days since 1993-01-01 00:00:00,gregorian
northeast_pacific/full_domain/hindcast/monthly/raw/r20260701,mu_Sm,1,396,396,1993-01-16,2025-12-16,fa2d4c0405,[100],[396],"[""[52, 816, 342]""]","[""[100, 10, 200, 200]""]",days since 1993-01-01 00:00:00,gregorian
northeast_pacific/full_domain/hindcast/monthly/raw/r20260701,nbact,1,396,396,1993-01-16,2025-12-16,fa2d4c0405,[100],[396],"[""[52, 816, 342]""]","[""[100, 10, 200, 200]""]",days since 1993-01-01 00:00:00,gregorian
northeast_pacific/full_domain/hindcast/monthly/raw/r20260701,nbact_100,1,396,396,1993-01-16,2025-12-16,fa2d4c0405,[38],[396],"[""[816, 342]""]","[""[38, 255, 107]""]",days since 1993-01-01 00:00:00,gregorian
northeast_pacific/full_domain/hindcast/monthly/raw/r20260701,ndet,1,396,396,1993-01-16,2025-12-16,fa2d4c0405,[100],[396],"[""[52, 816, 342]""]","[""[100, 10, 200, 200]""]",days since 1993-01-01 00:00:00,gregorian
northeast_pacific/full_domain/hindcast/monthly/raw/r20260701,ndet_100,1,396,396,1993-01-16,2025-12-16,fa2d4c0405,[38],[396],"[""[816, 342]""]","[""[38, 255, 107]""]",days since 1993-01-01 00:00:00,gregorian
northeast_pacific/full_domain/hindcast/monthly/raw/r20260701,ndi,1,396,396,1993-01-16,2025-12-16,fa2d4c0405,[100],[396],"[""[52, 816, 342]""]","[""[100, 10, 200, 200]""]",days since 1993-01-01 00:00:00,gregorian
northeast_pacific/full_domain/hindcast/monthly/raw/r20260701,ndi_100,1,396,396,1993-01-16,2025-12-16,fa2d4c0405,[38],[396],"[""[816, 342]""]","[""[38, 255, 107]""]",days since 1993-01-01 00:00:00,gregorian
northeast_pacific/full_domain/hindcast/monthly/raw/r20260701,net_heat_coupler,1,396,396,1993-01-16,2025-12-16,fa2d4c0405,[38],[396],"[""[816, 342]""]","[""[38, 255, 107]""]",days since 1993-01-01 00:00:00,gregorian
northeast_pacific/full_domain/hindcast/monthly/raw/r20260701,net_massin,1,396,396,1993-01-16,2025-12-16,fa2d4c0405,[38],[396],"[""[816, 342]""]","[""[38, 255, 107]""]",days since 1993-01-01 00:00:00,gregorian
northeast_pacific/full_domain/hindcast/monthly/raw/r20260701,net_massout,1,396,396,1993-01-16,2025-12-16,fa2d4c0405,[38],[396],"[""[816, 342]""]","[""[38, 255, 107]""]",days since 1993-01-01 00:00:00,gregorian
northeast_pacific/full_domain/hindcast/monthly/raw/r20260701,nh4,1,396,396,1993-01-16,2025-12-16,fa2d4c0405,[100],[396],"[""[52, 816, 342]""]","[""[100, 10, 200, 200]""]",days since 1993-01-01 00:00:00,gregorian
northeast_pacific/full_domain/hindcast/monthly/raw/r20260701,nh4_stf,1,396,396,1993-01-16,2025-12-16,fa2d4c0405,[38],[396],"[""[816, 342]""]","[""[38, 255, 107]""]",days since 1993-01-01 00:00:00,gregorian
northeast_pacific/full_domain/hindcast/monthly/raw/r20260701,nh4os,1,396,396,1993-01-16,2025-12-16,fa2d4c0405,[38],[396],"[""[816, 342]""]","[""[38, 255, 107]""]",days since 1993-01-01 00:00:00,gregorian
northeast_pacific/full_domain/hindcast/monthly/raw/r20260701,nlg,1,396,396,1993-01-16,2025-12-16,fa2d4c0405,[100],[396],"[""[52, 816, 342]""]","[""[100, 10, 200, 200]""]",days since 1993-01-01 00:00:00,gregorian
northeast_pacific/full_domain/hindcast/monthly/raw/r20260701,nlgp_100,1,396,396,1993-01-16,2025-12-16,fa2d4c0405,[38],[396],"[""[816, 342]""]","[""[38, 255, 107]""]",days since 1993-01-01 00:00:00,gregorian
northeast_pacific/full_domain/hindcast/monthly/raw/r20260701,nlgz,1,396,396,1993-01-16,2025-12-16,fa2d4c0405,[100],[396],"[""[52, 816, 342]""]","[""[100, 10, 200, 200]""]",days since 1993-01-01 00:00:00,gregorian
northeast_pacific/full_domain/hindcast/monthly/raw/r20260701,nlgz_100,1,396,396,1993-01-16,2025-12-16,fa2d4c0405,[38],[396],"[""[816, 342]""]","[""[38, 255, 107]""]",days since 1993-01-01 00:00:00,gregorian
northeast_pacific/full_domain/hindcast/monthly/raw/r20260701,nmd,1,396,396,1993-01-16,2025-12-16,fa2d4c0405,[100],[396],"[""[52, 816, 342]""]","[""[100, 10, 200, 200]""]",days since 1993-01-01 00:00:00,gregorian
northeast_pacific/full_domain/hindcast/monthly/raw/r20260701,nmdp_100,1,396,396,1993-01-16,2025-12-16,fa2d4c0405,[38],[396],"[""[816, 342]""]","[""[38, 255, 107]""]",days since 1993-01-01 00:00:00,gregorian
northeast_pacific/full_domain/hindcast/monthly/raw/r20260701,nmdz,1,396,396,1993-01-16,2025-12-16,fa2d4c0405,[100],[396],"[""[52, 816, 342]""]","[""[100, 10, 200, 200]""]",days since 1993-01-01 00:00:00,gregorian
northeast_pacific/full_domain/hindcast/monthly/raw/r20260701,nmdz_100,1,396,396,1993-01-16,2025-12-16,fa2d4c0405,[38],[396],"[""[816, 342]""]","[""[38, 255, 107]""]",days since 1993-01-01 00:00:00,gregorian
northeast_pacific/full_domain/hindcast/monthly/raw/r20260701,no3,1,396,396,1993-01-16,2025-12-16,fa2d4c0405,[100],[396],"[""[52, 816, 342]""]","[""[100, 10, 200, 200]""]",days since 1993-01-01 00:00:00,gregorian
northeast_pacific/full_domain/hindcast/monthly/raw/r20260701,no3os,1,396,396,1993-01-16,2025-12-16,fa2d4c0405,[38],[396],"[""[816, 342]""]","[""[38, 255, 107]""]",days since 1993-01-01 00:00:00,gregorian
northeast_pacific/full_domain/hindcast/monthly/raw/r20260701,nsm,1,396,396,1993-01-16,2025-12-16,fa2d4c0405,[100],[396],"[""[52, 816, 342]""]","[""[100, 10, 200, 200]""]",days since 1993-01-01 00:00:00,gregorian
northeast_pacific/full_domain/hindcast/monthly/raw/r20260701,nsmp_100,1,396,396,1993-01-16,2025-12-16,fa2d4c0405,[38],[396],"[""[816, 342]""]","[""[38, 255, 107]""]",days since 1993-01-01 00:00:00,gregorian
northeast_pacific/full_domain/hindcast/monthly/raw/r20260701,nsmz,1,396,396,1993-01-16,2025-12-16,fa2d4c0405,[100],[396],"[""[52, 816, 342]""]","[""[100, 10, 200, 200]""]",days since 1993-01-01 00:00:00,gregorian
northeast_pacific/full_domain/hindcast/monthly/raw/r20260701,nsmz_100,1,396,396,1993-01-16,2025-12-16,fa2d4c0405,[38],[396],"[""[816, 342]""]","[""[38, 255, 107]""]",days since 1993-01-01 00:00:00,gregorian
northeast_pacific/full_domain/hindcast/monthly/raw/r20260701,o2,1,396,396,1993-01-16,2025-12-16,fa2d4c0405,[100],[396],"[""[52, 816, 342]""]","[""[100, 10, 200, 200]""]",days since 1993-01-01 00:00:00,gregorian
northeast_pacific/full_domain/hindcast/monthly/raw/r20260701,o2_alpha,1,396,396,1993-01-16,2025-12-16,fa2d4c0405,[38],[396],"[""[816, 342]""]","[""[38, 255, 107]""]",days since 1993-01-01 00:00:00,gregorian
northeast_pacific/full_domain/hindcast/monthly/raw/r20260701,o2_csurf,1,396,396,1993-01-16,2025-12-16,fa2d4c0405,[38],[396],"[""[816, 342]""]","[""[38, 255, 107]""]",days since 1993-01-01 00:00:00,gregorian
northeast_pacific/full_domain/hindcast/monthly/raw/r20260701,o2_deltap,1,396,396,1993-01-16,2025-12-16,fa2d4c0405,[38],[396],"[""[816, 342]""]","[""[38, 255, 107]""]",days since 1993-01-01 00:00:00,gregorian
northeast_pacific/full_domain/hindcast/monthly/raw/r20260701,o2_kw,1,396,396,1993-01-16,2025-12-16,fa2d4c0405,[38],[396],"[""[816, 342]""]","[""[38, 255, 107]""]",days since 1993-01-01 00:00:00,gregorian
northeast_pacific/full_domain/hindcast/monthly/raw/r20260701,o2_sc_no,1,396,396,1993-01-16,2025-12-16,fa2d4c0405,[38],[396],"[""[816, 342]""]","[""[38, 255, 107]""]",days since 1993-01-01 00:00:00,gregorian
northeast_pacific/full_domain/hindcast/monthly/raw/r20260701,o2_stf_gas,1,396,396,1993-01-16,2025-12-16,fa2d4c0405,[38],[396],"[""[816, 342]""]","[""[38, 255, 107]""]",days since 1993-01-01 00:00:00,gregorian
northeast_pacific/full_domain/hindcast/monthly/raw/r20260701,o2max,1,396,396,1993-01-16,2025-12-16,fa2d4c0405,[100],[396],"[""[52, 816, 342]""]","[""[100, 10, 200, 200]""]",days since 1993-01-01 00:00:00,gregorian
northeast_pacific/full_domain/hindcast/monthly/raw/r20260701,o2min,1,396,396,1993-01-16,2025-12-16,fa2d4c0405,[100],[396],"[""[52, 816, 342]""]","[""[100, 10, 200, 200]""]",days since 1993-01-01 00:00:00,gregorian
northeast_pacific/full_domain/hindcast/monthly/raw/r20260701,o2os,1,396,396,1993-01-16,2025-12-16,fa2d4c0405,[38],[396],"[""[816, 342]""]","[""[38, 255, 107]""]",days since 1993-01-01 00:00:00,gregorian
northeast_pacific/full_domain/hindcast/monthly/raw/r20260701,o2satos,1,396,396,1993-01-16,2025-12-16,fa2d4c0405,[38],[396],"[""[816, 342]""]","[""[38, 255, 107]""]",days since 1993-01-01 00:00:00,gregorian
northeast_pacific/full_domain/hindcast/monthly/raw/r20260701,ocfriver,1,396,396,1993-01-16,2025-12-16,fa2d4c0405,[38],[396],"[""[816, 342]""]","[""[38, 255, 107]""]",days since 1993-01-01 00:00:00,gregorian
northeast_pacific/full_domain/hindcast/monthly/raw/r20260701,omega_arag,1,396,396,1993-01-16,2025-12-16,fa2d4c0405,[100],[396],"[""[52, 816, 342]""]","[""[100, 10, 200, 200]""]",days since 1993-01-01 00:00:00,gregorian
northeast_pacific/full_domain/hindcast/monthly/raw/r20260701,omega_calc,1,396,396,1993-01-16,2025-12-16,fa2d4c0405,[100],[396],"[""[52, 816, 342]""]","[""[100, 10, 200, 200]""]",days since 1993-01-01 00:00:00,gregorian
northeast_pacific/full_domain/hindcast/monthly/raw/r20260701,pbo,1,396,396,1993-01-16,2025-12-16,fa2d4c0405,[38],[396],"[""[816, 342]""]","[""[38, 255, 107]""]",days since 1993-01-01 00:00:00,gregorian
northeast_pacific/full_domain/hindcast/monthly/raw/r20260701,pco2surf,1,396,396,1993-01-16,2025-12-16,fa2d4c0405,[38],[396],"[""[816, 342]""]","[""[38, 255, 107]""]",days since 1993-01-01 00:00:00,gregorian
northeast_pacific/full_domain/hindcast/monthly/raw/r20260701,pdi,1,396,396,1993-01-16,2025-12-16,fa2d4c0405,[100],[396],"[""[52, 816, 342]""]","[""[100, 10, 200, 200]""]",days since 1993-01-01 00:00:00,gregorian
northeast_pacific/full_domain/hindcast/monthly/raw/r20260701,phos,1,396,396,1993-01-16,2025-12-16,fa2d4c0405,[38],[396],"[""[816, 342]""]","[""[38, 255, 107]""]",days since 1993-01-01 00:00:00,gregorian
northeast_pacific/full_domain/hindcast/monthly/raw/r20260701,phycos,1,396,396,1993-01-16,2025-12-16,fa2d4c0405,[38],[396],"[""[816, 342]""]","[""[38, 255, 107]""]",days since 1993-01-01 00:00:00,gregorian
northeast_pacific/full_domain/hindcast/monthly/raw/r20260701,phydiatos,1,396,396,1993-01-16,2025-12-16,fa2d4c0405,[38],[396],"[""[816, 342]""]","[""[38, 255, 107]""]",days since 1993-01-01 00:00:00,gregorian
northeast_pacific/full_domain/hindcast/monthly/raw/r20260701,phydiazos,1,396,396,1993-01-16,2025-12-16,fa2d4c0405,[38],[396],"[""[816, 342]""]","[""[38, 255, 107]""]",days since 1993-01-01 00:00:00,gregorian
northeast_pacific/full_domain/hindcast/monthly/raw/r20260701,phyfeos,1,396,396,1993-01-16,2025-12-16,fa2d4c0405,[38],[396],"[""[816, 342]""]","[""[38, 255, 107]""]",days since 1993-01-01 00:00:00,gregorian
northeast_pacific/full_domain/hindcast/monthly/raw/r20260701,phymiscos,1,396,396,1993-01-16,2025-12-16,fa2d4c0405,[38],[396],"[""[816, 342]""]","[""[38, 255, 107]""]",days since 1993-01-01 00:00:00,gregorian
northeast_pacific/full_domain/hindcast/monthly/raw/r20260701,phynos,1,396,396,1993-01-16,2025-12-16,fa2d4c0405,[38],[396],"[""[816, 342]""]","[""[38, 255, 107]""]",days since 1993-01-01 00:00:00,gregorian
northeast_pacific/full_domain/hindcast/monthly/raw/r20260701,phypicoos,1,396,396,1993-01-16,2025-12-16,fa2d4c0405,[38],[396],"[""[816, 342]""]","[""[38, 255, 107]""]",days since 1993-01-01 00:00:00,gregorian
northeast_pacific/full_domain/hindcast/monthly/raw/r20260701,phypos,1,396,396,1993-01-16,2025-12-16,fa2d4c0405,[38],[396],"[""[816, 342]""]","[""[38, 255, 107]""]",days since 1993-01-01 00:00:00,gregorian
northeast_pacific/full_domain/hindcast/monthly/raw/r20260701,physios,1,396,396,1993-01-16,2025-12-16,fa2d4c0405,[38],[396],"[""[816, 342]""]","[""[38, 255, 107]""]",days since 1993-01-01 00:00:00,gregorian
northeast_pacific/full_domain/hindcast/monthly/raw/r20260701,plg,1,396,396,1993-01-16,2025-12-16,fa2d4c0405,[100],[396],"[""[52, 816, 342]""]","[""[100, 10, 200, 200]""]",days since 1993-01-01 00:00:00,gregorian
northeast_pacific/full_domain/hindcast/monthly/raw/r20260701,pmd,1,396,396,1993-01-16,2025-12-16,fa2d4c0405,[100],[396],"[""[52, 816, 342]""]","[""[100, 10, 200, 200]""]",days since 1993-01-01 00:00:00,gregorian
northeast_pacific/full_domain/hindcast/monthly/raw/r20260701,po4,1,396,396,1993-01-16,2025-12-16,fa2d4c0405,[100],[396],"[""[52, 816, 342]""]","[""[100, 10, 200, 200]""]",days since 1993-01-01 00:00:00,gregorian
northeast_pacific/full_domain/hindcast/monthly/raw/r20260701,po4os,1,396,396,1993-01-16,2025-12-16,fa2d4c0405,[38],[396],"[""[816, 342]""]","[""[38, 255, 107]""]",days since 1993-01-01 00:00:00,gregorian
northeast_pacific/full_domain/hindcast/monthly/raw/r20260701,ponos,1,396,396,1993-01-16,2025-12-16,fa2d4c0405,[38],[396],"[""[816, 342]""]","[""[38, 255, 107]""]",days since 1993-01-01 00:00:00,gregorian
northeast_pacific/full_domain/hindcast/monthly/raw/r20260701,popos,1,396,396,1993-01-16,2025-12-16,fa2d4c0405,[38],[396],"[""[816, 342]""]","[""[38, 255, 107]""]",days since 1993-01-01 00:00:00,gregorian
northeast_pacific/full_domain/hindcast/monthly/raw/r20260701,prlq,1,396,396,1993-01-16,2025-12-16,fa2d4c0405,[38],[396],"[""[816, 342]""]","[""[38, 255, 107]""]",days since 1993-01-01 00:00:00,gregorian
northeast_pacific/full_domain/hindcast/monthly/raw/r20260701,prsn,1,396,396,1993-01-16,2025-12-16,fa2d4c0405,[38],[396],"[""[816, 342]""]","[""[38, 255, 107]""]",days since 1993-01-01 00:00:00,gregorian
northeast_pacific/full_domain/hindcast/monthly/raw/r20260701,psm,1,396,396,1993-01-16,2025-12-16,fa2d4c0405,[100],[396],"[""[52, 816, 342]""]","[""[100, 10, 200, 200]""]",days since 1993-01-01 00:00:00,gregorian
northeast_pacific/full_domain/hindcast/monthly/raw/r20260701,q_p_2_n_Di,1,396,396,1993-01-16,2025-12-16,fa2d4c0405,[100],[396],"[""[52, 816, 342]""]","[""[100, 10, 200, 200]""]",days since 1993-01-01 00:00:00,gregorian
northeast_pacific/full_domain/hindcast/monthly/raw/r20260701,q_p_2_n_Lg,1,396,396,1993-01-16,2025-12-16,fa2d4c0405,[100],[396],"[""[52, 816, 342]""]","[""[100, 10, 200, 200]""]",days since 1993-01-01 00:00:00,gregorian
northeast_pacific/full_domain/hindcast/monthly/raw/r20260701,q_p_2_n_Md,1,396,396,1993-01-16,2025-12-16,fa2d4c0405,[100],[396],"[""[52, 816, 342]""]","[""[100, 10, 200, 200]""]",days since 1993-01-01 00:00:00,gregorian
northeast_pacific/full_domain/hindcast/monthly/raw/r20260701,q_p_2_n_Sm,1,396,396,1993-01-16,2025-12-16,fa2d4c0405,[100],[396],"[""[52, 816, 342]""]","[""[100, 10, 200, 200]""]",days since 1993-01-01 00:00:00,gregorian
northeast_pacific/full_domain/hindcast/monthly/raw/r20260701,rhoinsitu,1,396,396,1993-01-16,2025-12-16,fa2d4c0405,[100],[396],"[""[52, 816, 342]""]","[""[100, 10, 200, 200]""]",days since 1993-01-01 00:00:00,gregorian
northeast_pacific/full_domain/hindcast/monthly/raw/r20260701,rhopot0,1,396,396,1993-01-16,2025-12-16,fa2d4c0405,[100],[396],"[""[52, 816, 342]""]","[""[100, 10, 200, 200]""]",days since 1993-01-01 00:00:00,gregorian
northeast_pacific/full_domain/hindcast/monthly/raw/r20260701,rlntds,1,396,396,1993-01-16,2025-12-16,fa2d4c0405,[38],[396],"[""[816, 342]""]","[""[38, 255, 107]""]",days since 1993-01-01 00:00:00,gregorian
northeast_pacific/full_domain/hindcast/monthly/raw/r20260701,rsdo,1,396,396,1993-01-16,2025-12-16,fa2d4c0405,[100],[396],"[""[76, 816, 342]""]","[""[100, 10, 200, 200]""]",days since 1993-01-01 00:00:00,gregorian
northeast_pacific/full_domain/hindcast/monthly/raw/r20260701,rsntds,1,396,396,1993-01-16,2025-12-16,fa2d4c0405,[38],[396],"[""[816, 342]""]","[""[38, 255, 107]""]",days since 1993-01-01 00:00:00,gregorian
northeast_pacific/full_domain/hindcast/monthly/raw/r20260701,runoff_flux_alk,1,396,396,1993-01-16,2025-12-16,fa2d4c0405,[38],[396],"[""[816, 342]""]","[""[38, 255, 107]""]",days since 1993-01-01 00:00:00,gregorian
northeast_pacific/full_domain/hindcast/monthly/raw/r20260701,runoff_flux_dic,1,396,396,1993-01-16,2025-12-16,fa2d4c0405,[38],[396],"[""[816, 342]""]","[""[38, 255, 107]""]",days since 1993-01-01 00:00:00,gregorian
northeast_pacific/full_domain/hindcast/monthly/raw/r20260701,runoff_flux_fed,1,396,396,1993-01-16,2025-12-16,fa2d4c0405,[38],[396],"[""[816, 342]""]","[""[38, 255, 107]""]",days since 1993-01-01 00:00:00,gregorian
northeast_pacific/full_domain/hindcast/monthly/raw/r20260701,runoff_flux_ldon,1,396,396,1993-01-16,2025-12-16,fa2d4c0405,[38],[396],"[""[816, 342]""]","[""[38, 255, 107]""]",days since 1993-01-01 00:00:00,gregorian
northeast_pacific/full_domain/hindcast/monthly/raw/r20260701,runoff_flux_ldop,1,396,396,1993-01-16,2025-12-16,fa2d4c0405,[38],[396],"[""[816, 342]""]","[""[38, 255, 107]""]",days since 1993-01-01 00:00:00,gregorian
northeast_pacific/full_domain/hindcast/monthly/raw/r20260701,runoff_flux_lith,1,396,396,1993-01-16,2025-12-16,fa2d4c0405,[38],[396],"[""[816, 342]""]","[""[38, 255, 107]""]",days since 1993-01-01 00:00:00,gregorian
northeast_pacific/full_domain/hindcast/monthly/raw/r20260701,runoff_flux_ndet,1,396,396,1993-01-16,2025-12-16,fa2d4c0405,[38],[396],"[""[816, 342]""]","[""[38, 255, 107]""]",days since 1993-01-01 00:00:00,gregorian
northeast_pacific/full_domain/hindcast/monthly/raw/r20260701,runoff_flux_no3,1,396,396,1993-01-16,2025-12-16,fa2d4c0405,[38],[396],"[""[816, 342]""]","[""[38, 255, 107]""]",days since 1993-01-01 00:00:00,gregorian
northeast_pacific/full_domain/hindcast/monthly/raw/r20260701,runoff_flux_pdet,1,396,396,1993-01-16,2025-12-16,fa2d4c0405,[38],[396],"[""[816, 342]""]","[""[38, 255, 107]""]",days since 1993-01-01 00:00:00,gregorian
northeast_pacific/full_domain/hindcast/monthly/raw/r20260701,runoff_flux_po4,1,396,396,1993-01-16,2025-12-16,fa2d4c0405,[38],[396],"[""[816, 342]""]","[""[38, 255, 107]""]",days since 1993-01-01 00:00:00,gregorian
northeast_pacific/full_domain/hindcast/monthly/raw/r20260701,runoff_flux_sldon,1,396,396,1993-01-16,2025-12-16,fa2d4c0405,[38],[396],"[""[816, 342]""]","[""[38, 255, 107]""]",days since 1993-01-01 00:00:00,gregorian
northeast_pacific/full_domain/hindcast/monthly/raw/r20260701,runoff_flux_sldop,1,396,396,1993-01-16,2025-12-16,fa2d4c0405,[38],[396],"[""[816, 342]""]","[""[38, 255, 107]""]",days since 1993-01-01 00:00:00,gregorian
northeast_pacific/full_domain/hindcast/monthly/raw/r20260701,runoff_flux_srdon,1,396,396,1993-01-16,2025-12-16,fa2d4c0405,[38],[396],"[""[816, 342]""]","[""[38, 255, 107]""]",days since 1993-01-01 00:00:00,gregorian
northeast_pacific/full_domain/hindcast/monthly/raw/r20260701,runoff_flux_srdop,1,396,396,1993-01-16,2025-12-16,fa2d4c0405,[38],[396],"[""[816, 342]""]","[""[38, 255, 107]""]",days since 1993-01-01 00:00:00,gregorian
northeast_pacific/full_domain/hindcast/monthly/raw/r20260701,sfc_co3_ion,1,396,396,1993-01-16,2025-12-16,fa2d4c0405,[38],[396],"[""[816, 342]""]","[""[38, 255, 107]""]",days since 1993-01-01 00:00:00,gregorian
northeast_pacific/full_domain/hindcast/monthly/raw/r20260701,sfc_co3_sol_arag,1,396,396,1993-01-16,2025-12-16,fa2d4c0405,[38],[396],"[""[816, 342]""]","[""[38, 255, 107]""]",days since 1993-01-01 00:00:00,gregorian
northeast_pacific/full_domain/hindcast/monthly/raw/r20260701,sfc_co3_sol_calc,1,396,396,1993-01-16,2025-12-16,fa2d4c0405,[38],[396],"[""[816, 342]""]","[""[38, 255, 107]""]",days since 1993-01-01 00:00:00,gregorian
northeast_pacific/full_domain/hindcast/monthly/raw/r20260701,sfc_def_fe_di,1,396,396,1993-01-16,2025-12-16,fa2d4c0405,[38],[396],"[""[816, 342]""]","[""[38, 255, 107]""]",days since 1993-01-01 00:00:00,gregorian
northeast_pacific/full_domain/hindcast/monthly/raw/r20260701,sfc_def_fe_lgp,1,396,396,1993-01-16,2025-12-16,fa2d4c0405,[38],[396],"[""[816, 342]""]","[""[38, 255, 107]""]",days since 1993-01-01 00:00:00,gregorian
northeast_pacific/full_domain/hindcast/monthly/raw/r20260701,sfc_def_fe_mdp,1,396,396,1993-01-16,2025-12-16,fa2d4c0405,[38],[396],"[""[816, 342]""]","[""[38, 255, 107]""]",days since 1993-01-01 00:00:00,gregorian
northeast_pacific/full_domain/hindcast/monthly/raw/r20260701,sfc_def_fe_smp,1,396,396,1993-01-16,2025-12-16,fa2d4c0405,[38],[396],"[""[816, 342]""]","[""[38, 255, 107]""]",days since 1993-01-01 00:00:00,gregorian
northeast_pacific/full_domain/hindcast/monthly/raw/r20260701,sfc_felim_di,1,396,396,1993-01-16,2025-12-16,fa2d4c0405,[38],[396],"[""[816, 342]""]","[""[38, 255, 107]""]",days since 1993-01-01 00:00:00,gregorian
northeast_pacific/full_domain/hindcast/monthly/raw/r20260701,sfc_felim_lgp,1,396,396,1993-01-16,2025-12-16,fa2d4c0405,[38],[396],"[""[816, 342]""]","[""[38, 255, 107]""]",days since 1993-01-01 00:00:00,gregorian
northeast_pacific/full_domain/hindcast/monthly/raw/r20260701,sfc_felim_mdp,1,396,396,1993-01-16,2025-12-16,fa2d4c0405,[38],[396],"[""[816, 342]""]","[""[38, 255, 107]""]",days since 1993-01-01 00:00:00,gregorian
northeast_pacific/full_domain/hindcast/monthly/raw/r20260701,sfc_felim_smp,1,396,396,1993-01-16,2025-12-16,fa2d4c0405,[38],[396],"[""[816, 342]""]","[""[38, 255, 107]""]",days since 1993-01-01 00:00:00,gregorian
northeast_pacific/full_domain/hindcast/monthly/raw/r20260701,sfc_irrlim_di,1,396,396,1993-01-16,2025-12-16,fa2d4c0405,[38],[396],"[""[816, 342]""]","[""[38, 255, 107]""]",days since 1993-01-01 00:00:00,gregorian
northeast_pacific/full_domain/hindcast/monthly/raw/r20260701,sfc_irrlim_lgp,1,396,396,1993-01-16,2025-12-16,fa2d4c0405,[38],[396],"[""[816, 342]""]","[""[38, 255, 107]""]",days since 1993-01-01 00:00:00,gregorian
northeast_pacific/full_domain/hindcast/monthly/raw/r20260701,sfc_irrlim_mdp,1,396,396,1993-01-16,2025-12-16,fa2d4c0405,[38],[396],"[""[816, 342]""]","[""[38, 255, 107]""]",days since 1993-01-01 00:00:00,gregorian
northeast_pacific/full_domain/hindcast/monthly/raw/r20260701,sfc_irrlim_smp,1,396,396,1993-01-16,2025-12-16,fa2d4c0405,[38],[396],"[""[816, 342]""]","[""[38, 255, 107]""]",days since 1993-01-01 00:00:00,gregorian
northeast_pacific/full_domain/hindcast/monthly/raw/r20260701,sfc_mu_di,1,396,396,1993-01-16,2025-12-16,fa2d4c0405,[38],[396],"[""[816, 342]""]","[""[38, 255, 107]""]",days since 1993-01-01 00:00:00,gregorian
northeast_pacific/full_domain/hindcast/monthly/raw/r20260701,sfc_mu_lgp,1,396,396,1993-01-16,2025-12-16,fa2d4c0405,[38],[396],"[""[816, 342]""]","[""[38, 255, 107]""]",days since 1993-01-01 00:00:00,gregorian
northeast_pacific/full_domain/hindcast/monthly/raw/r20260701,sfc_mu_mdp,1,396,396,1993-01-16,2025-12-16,fa2d4c0405,[38],[396],"[""[816, 342]""]","[""[38, 255, 107]""]",days since 1993-01-01 00:00:00,gregorian
northeast_pacific/full_domain/hindcast/monthly/raw/r20260701,sfc_mu_smp,1,396,396,1993-01-16,2025-12-16,fa2d4c0405,[38],[396],"[""[816, 342]""]","[""[38, 255, 107]""]",days since 1993-01-01 00:00:00,gregorian
northeast_pacific/full_domain/hindcast/monthly/raw/r20260701,sfc_nh4lim_lgp,1,396,396,1993-01-16,2025-12-16,fa2d4c0405,[38],[396],"[""[816, 342]""]","[""[38, 255, 107]""]",days since 1993-01-01 00:00:00,gregorian
northeast_pacific/full_domain/hindcast/monthly/raw/r20260701,sfc_nh4lim_mdp,1,396,396,1993-01-16,2025-12-16,fa2d4c0405,[38],[396],"[""[816, 342]""]","[""[38, 255, 107]""]",days since 1993-01-01 00:00:00,gregorian
northeast_pacific/full_domain/hindcast/monthly/raw/r20260701,sfc_nh4lim_smp,1,396,396,1993-01-16,2025-12-16,fa2d4c0405,[38],[396],"[""[816, 342]""]","[""[38, 255, 107]""]",days since 1993-01-01 00:00:00,gregorian
northeast_pacific/full_domain/hindcast/monthly/raw/r20260701,sfc_no3,1,396,396,1993-01-16,2025-12-16,fa2d4c0405,[38],[396],"[""[816, 342]""]","[""[38, 255, 107]""]",days since 1993-01-01 00:00:00,gregorian
northeast_pacific/full_domain/hindcast/monthly/raw/r20260701,sfc_no3lim_lgp,1,396,396,1993-01-16,2025-12-16,fa2d4c0405,[38],[396],"[""[816, 342]""]","[""[38, 255, 107]""]",days since 1993-01-01 00:00:00,gregorian
northeast_pacific/full_domain/hindcast/monthly/raw/r20260701,sfc_no3lim_mdp,1,396,396,1993-01-16,2025-12-16,fa2d4c0405,[38],[396],"[""[816, 342]""]","[""[38, 255, 107]""]",days since 1993-01-01 00:00:00,gregorian
northeast_pacific/full_domain/hindcast/monthly/raw/r20260701,sfc_no3lim_smp,1,396,396,1993-01-16,2025-12-16,fa2d4c0405,[38],[396],"[""[816, 342]""]","[""[38, 255, 107]""]",days since 1993-01-01 00:00:00,gregorian
northeast_pacific/full_domain/hindcast/monthly/raw/r20260701,sfc_po4,1,396,396,1993-01-16,2025-12-16,fa2d4c0405,[38],[396],"[""[816, 342]""]","[""[38, 255, 107]""]",days since 1993-01-01 00:00:00,gregorian
northeast_pacific/full_domain/hindcast/monthly/raw/r20260701,sfc_po4lim_di,1,396,396,1993-01-16,2025-12-16,fa2d4c0405,[38],[396],"[""[816, 342]""]","[""[38, 255, 107]""]",days since 1993-01-01 00:00:00,gregorian
northeast_pacific/full_domain/hindcast/monthly/raw/r20260701,sfc_po4lim_lgp,1,396,396,1993-01-16,2025-12-16,fa2d4c0405,[38],[396],"[""[816, 342]""]","[""[38, 255, 107]""]",days since 1993-01-01 00:00:00,gregorian
northeast_pacific/full_domain/hindcast/monthly/raw/r20260701,sfc_po4lim_mdp,1,396,396,1993-01-16,2025-12-16,fa2d4c0405,[38],[396],"[""[816, 342]""]","[""[38, 255, 107]""]",days since 1993-01-01 00:00:00,gregorian
northeast_pacific/full_domain/hindcast/monthly/raw/r20260701,sfc_po4lim_smp,1,396,396,1993-01-16,2025-12-16,fa2d4c0405,[38],[396],"[""[816, 342]""]","[""[38, 255, 107]""]",days since 1993-01-01 00:00:00,gregorian
northeast_pacific/full_domain/hindcast/monthly/raw/r20260701,sfc_q_fe_2_n_di,1,396,396,1993-01-16,2025-12-16,fa2d4c0405,[38],[396],"[""[816, 342]""]","[""[38, 255, 107]""]",days since 1993-01-01 00:00:00,gregorian
northeast_pacific/full_domain/hindcast/monthly/raw/r20260701,sfc_q_fe_2_n_lgp,1,396,396,1993-01-16,2025-12-16,fa2d4c0405,[38],[396],"[""[816, 342]""]","[""[38, 255, 107]""]",days since 1993-01-01 00:00:00,gregorian
northeast_pacific/full_domain/hindcast/monthly/raw/r20260701,sfc_q_fe_2_n_mdp,1,396,396,1993-01-16,2025-12-16,fa2d4c0405,[38],[396],"[""[816, 342]""]","[""[38, 255, 107]""]",days since 1993-01-01 00:00:00,gregorian
northeast_pacific/full_domain/hindcast/monthly/raw/r20260701,sfc_q_fe_2_n_smp,1,396,396,1993-01-16,2025-12-16,fa2d4c0405,[38],[396],"[""[816, 342]""]","[""[38, 255, 107]""]",days since 1993-01-01 00:00:00,gregorian
northeast_pacific/full_domain/hindcast/monthly/raw/r20260701,sfc_sio4,1,396,396,1993-01-16,2025-12-16,fa2d4c0405,[38],[396],"[""[816, 342]""]","[""[38, 255, 107]""]",days since 1993-01-01 00:00:00,gregorian
northeast_pacific/full_domain/hindcast/monthly/raw/r20260701,sfc_theta_di,1,396,396,1993-01-16,2025-12-16,fa2d4c0405,[38],[396],"[""[816, 342]""]","[""[38, 255, 107]""]",days since 1993-01-01 00:00:00,gregorian
northeast_pacific/full_domain/hindcast/monthly/raw/r20260701,sfc_theta_lgp,1,396,396,1993-01-16,2025-12-16,fa2d4c0405,[38],[396],"[""[816, 342]""]","[""[38, 255, 107]""]",days since 1993-01-01 00:00:00,gregorian
northeast_pacific/full_domain/hindcast/monthly/raw/r20260701,sfc_theta_mdp,1,396,396,1993-01-16,2025-12-16,fa2d4c0405,[38],[396],"[""[816, 342]""]","[""[38, 255, 107]""]",days since 1993-01-01 00:00:00,gregorian
northeast_pacific/full_domain/hindcast/monthly/raw/r20260701,sfc_theta_smp,1,396,396,1993-01-16,2025-12-16,fa2d4c0405,[38],[396],"[""[816, 342]""]","[""[38, 255, 107]""]",days since 1993-01-01 00:00:00,gregorian
northeast_pacific/full_domain/hindcast/monthly/raw/r20260701,sfdsi,1,396,396,1993-01-16,2025-12-16,fa2d4c0405,[38],[396],"[""[816, 342]""]","[""[38, 255, 107]""]",days since 1993-01-01 00:00:00,gregorian
northeast_pacific/full_domain/hindcast/monthly/raw/r20260701,si,1,396,396,1993-01-16,2025-12-16,fa2d4c0405,[100],[396],"[""[52, 816, 342]""]","[""[100, 10, 200, 200]""]",days since 1993-01-01 00:00:00,gregorian
northeast_pacific/full_domain/hindcast/monthly/raw/r20260701,siconc,1,396,396,1993-01-16,2025-12-16,fa2d4c0405,[38],[396],"[""[816, 342]""]","[""[38, 255, 107]""]",days since 1993-01-01 00:00:00,gregorian
northeast_pacific/full_domain/hindcast/monthly/raw/r20260701,silg,1,396,396,1993-01-16,2025-12-16,fa2d4c0405,[100],[396],"[""[52, 816, 342]""]","[""[100, 10, 200, 200]""]",days since 1993-01-01 00:00:00,gregorian
northeast_pacific/full_domain/hindcast/monthly/raw/r20260701,silgp_100,1,396,396,1993-01-16,2025-12-16,fa2d4c0405,[38],[396],"[""[816, 342]""]","[""[38, 255, 107]""]",days since 1993-01-01 00:00:00,gregorian
northeast_pacific/full_domain/hindcast/monthly/raw/r20260701,simass,1,396,396,1993-01-16,2025-12-16,fa2d4c0405,[38],[396],"[""[816, 342]""]","[""[38, 255, 107]""]",days since 1993-01-01 00:00:00,gregorian
northeast_pacific/full_domain/hindcast/monthly/raw/r20260701,simd,1,396,396,1993-01-16,2025-12-16,fa2d4c0405,[100],[396],"[""[52, 816, 342]""]","[""[100, 10, 200, 200]""]",days since 1993-01-01 00:00:00,gregorian
northeast_pacific/full_domain/hindcast/monthly/raw/r20260701,simdp_100,1,396,396,1993-01-16,2025-12-16,fa2d4c0405,[38],[396],"[""[816, 342]""]","[""[38, 255, 107]""]",days since 1993-01-01 00:00:00,gregorian
northeast_pacific/full_domain/hindcast/monthly/raw/r20260701,sios,1,396,396,1993-01-16,2025-12-16,fa2d4c0405,[38],[396],"[""[816, 342]""]","[""[38, 255, 107]""]",days since 1993-01-01 00:00:00,gregorian
northeast_pacific/full_domain/hindcast/monthly/raw/r20260701,sisnconc,1,396,396,1993-01-16,2025-12-16,fa2d4c0405,[38],[396],"[""[816, 342]""]","[""[38, 255, 107]""]",days since 1993-01-01 00:00:00,gregorian
northeast_pacific/full_domain/hindcast/monthly/raw/r20260701,sisnmass,1,396,396,1993-01-16,2025-12-16,fa2d4c0405,[38],[396],"[""[816, 342]""]","[""[38, 255, 107]""]",days since 1993-01-01 00:00:00,gregorian
northeast_pacific/full_domain/hindcast/monthly/raw/r20260701,sisnthick,1,396,396,1993-01-16,2025-12-16,fa2d4c0405,[38],[396],"[""[816, 342]""]","[""[38, 255, 107]""]",days since 1993-01-01 00:00:00,gregorian
northeast_pacific/full_domain/hindcast/monthly/raw/r20260701,sispeed,1,396,396,1993-01-16,2025-12-16,fa2d4c0405,[38],[396],"[""[816, 342]""]","[""[38, 255, 107]""]",days since 1993-01-01 00:00:00,gregorian
northeast_pacific/full_domain/hindcast/monthly/raw/r20260701,sitemptop,1,396,396,1993-01-16,2025-12-16,fa2d4c0405,[38],[396],"[""[816, 342]""]","[""[38, 255, 107]""]",days since 1993-01-01 00:00:00,gregorian
northeast_pacific/full_domain/hindcast/monthly/raw/r20260701,sithick,1,396,396,1993-01-16,2025-12-16,fa2d4c0405,[38],[396],"[""[816, 342]""]","[""[38, 255, 107]""]",days since 1993-01-01 00:00:00,gregorian
northeast_pacific/full_domain/hindcast/monthly/raw/r20260701,sitimefrac,1,396,396,1993-01-16,2025-12-16,fa2d4c0405,[38],[396],"[""[816, 342]""]","[""[38, 255, 107]""]",days since 1993-01-01 00:00:00,gregorian
northeast_pacific/full_domain/hindcast/monthly/raw/r20260701,siu,1,396,396,1993-01-16,2025-12-16,fa2d4c0405,[38],[396],"[""[816, 342]""]","[""[38, 255, 107]""]",days since 1993-01-01 00:00:00,gregorian
northeast_pacific/full_domain/hindcast/monthly/raw/r20260701,siv,1,396,396,1993-01-16,2025-12-16,fa2d4c0405,[38],[396],"[""[816, 342]""]","[""[38, 255, 107]""]",days since 1993-01-01 00:00:00,gregorian
northeast_pacific/full_domain/hindcast/monthly/raw/r20260701,sivol,1,396,396,1993-01-16,2025-12-16,fa2d4c0405,[38],[396],"[""[816, 342]""]","[""[38, 255, 107]""]",days since 1993-01-01 00:00:00,gregorian
northeast_pacific/full_domain/hindcast/monthly/raw/r20260701,so,1,396,396,1993-01-16,2025-12-16,fa2d4c0405,[100],[396],"[""[52, 816, 342]""]","[""[100, 10, 200, 200]""]",days since 1993-01-01 00:00:00,gregorian
northeast_pacific/full_domain/hindcast/monthly/raw/r20260701,sob,1,396,396,1993-01-16,2025-12-16,fa2d4c0405,[38],[396],"[""[816, 342]""]","[""[38, 255, 107]""]",days since 1993-01-01 00:00:00,gregorian
northeast_pacific/full_domain/hindcast/monthly/raw/r20260701,sos,1,396,396,1993-01-16,2025-12-16,fa2d4c0405,[38],[396],"[""[816, 342]""]","[""[38, 255, 107]""]",days since 1993-01-01 00:00:00,gregorian
northeast_pacific/full_domain/hindcast/monthly/raw/r20260701,sossq,1,396,396,1993-01-16,2025-12-16,fa2d4c0405,[38],[396],"[""[816, 342]""]","[""[38, 255, 107]""]",days since 1993-01-01 00:00:00,gregorian
northeast_pacific/full_domain/hindcast/monthly/raw/r20260701,spco2,1,396,396,1993-01-16,2025-12-16,fa2d4c0405,[38],[396],"[""[816, 342]""]","[""[38, 255, 107]""]",days since 1993-01-01 00:00:00,gregorian
northeast_pacific/full_domain/hindcast/monthly/raw/r20260701,speed,1,396,396,1993-01-16,2025-12-16,fa2d4c0405,[38],[396],"[""[816, 342]""]","[""[38, 255, 107]""]",days since 1993-01-01 00:00:00,gregorian
northeast_pacific/full_domain/hindcast/monthly/raw/r20260701,ssh,1,396,396,1993-01-16,2025-12-16,fa2d4c0405,[38],[396],"[""[816, 342]""]","[""[38, 255, 107]""]",days since 1993-01-01 00:00:00,gregorian
northeast_pacific/full_domain/hindcast/monthly/raw/r20260701,talk,1,396,396,1993-01-16,2025-12-16,fa2d4c0405,[100],[396],"[""[52, 816, 342]""]","[""[100, 10, 200, 200]""]",days since 1993-01-01 00:00:00,gregorian
northeast_pacific/full_domain/hindcast/monthly/raw/r20260701,talkos,1,396,396,1993-01-16,2025-12-16,fa2d4c0405,[38],[396],"[""[816, 342]""]","[""[38, 255, 107]""]",days since 1993-01-01 00:00:00,gregorian
northeast_pacific/full_domain/hindcast/monthly/raw/r20260701,tauuo,1,396,396,1993-01-16,2025-12-16,fa2d4c0405,[38],[396],"[""[816, 343]""]","[""[38, 255, 107]""]",days since 1993-01-01 00:00:00,gregorian
northeast_pacific/full_domain/hindcast/monthly/raw/r20260701,tauvo,1,396,396,1993-01-16,2025-12-16,fa2d4c0405,[38],[396],"[""[817, 342]""]","[""[38, 255, 107]""]",days since 1993-01-01 00:00:00,gregorian
northeast_pacific/full_domain/hindcast/monthly/raw/r20260701,theta_Di,1,396,396,1993-01-16,2025-12-16,fa2d4c0405,[100],[396],"[""[52, 816, 342]""]","[""[100, 10, 200, 200]""]",days since 1993-01-01 00:00:00,gregorian
northeast_pacific/full_domain/hindcast/monthly/raw/r20260701,theta_Lg,1,396,396,1993-01-16,2025-12-16,fa2d4c0405,[100],[396],"[""[52, 816, 342]""]","[""[100, 10, 200, 200]""]",days since 1993-01-01 00:00:00,gregorian
northeast_pacific/full_domain/hindcast/monthly/raw/r20260701,theta_Md,1,396,396,1993-01-16,2025-12-16,fa2d4c0405,[100],[396],"[""[52, 816, 342]""]","[""[100, 10, 200, 200]""]",days since 1993-01-01 00:00:00,gregorian
northeast_pacific/full_domain/hindcast/monthly/raw/r20260701,theta_Sm,1,396,396,1993-01-16,2025-12-16,fa2d4c0405,[100],[396],"[""[52, 816, 342]""]","[""[100, 10, 200, 200]""]",days since 1993-01-01 00:00:00,gregorian
northeast_pacific/full_domain/hindcast/monthly/raw/r20260701,thetao,1,396,396,1993-01-16,2025-12-16,fa2d4c0405,[100],[396],"[""[52, 816, 342]""]","[""[100, 10, 200, 200]""]",days since 1993-01-01 00:00:00,gregorian
northeast_pacific/full_domain/hindcast/monthly/raw/r20260701,tob,1,396,396,1993-01-16,2025-12-16,fa2d4c0405,[38],[396],"[""[816, 342]""]","[""[38, 255, 107]""]",days since 1993-01-01 00:00:00,gregorian
northeast_pacific/full_domain/hindcast/monthly/raw/r20260701,tos,1,396,396,1993-01-16,2025-12-16,fa2d4c0405,[38],[396],"[""[816, 342]""]","[""[38, 255, 107]""]",days since 1993-01-01 00:00:00,gregorian
northeast_pacific/full_domain/hindcast/monthly/raw/r20260701,tossq,1,396,396,1993-01-16,2025-12-16,fa2d4c0405,[38],[396],"[""[816, 342]""]","[""[38, 255, 107]""]",days since 1993-01-01 00:00:00,gregorian
northeast_pacific/full_domain/hindcast/monthly/raw/r20260701,udml_restrat,1,396,396,1993-01-16,2025-12-16,fa2d4c0405,[38],[396],"[""[816, 343]""]","[""[38, 255, 107]""]",days since 1993-01-01 00:00:00,gregorian
northeast_pacific/full_domain/hindcast/monthly/raw/r20260701,uhml,1,396,396,1993-01-16,2025-12-16,fa2d4c0405,[100],[396],"[""[52, 816, 343]""]","[""[100, 10, 200, 200]""]",days since 1993-01-01 00:00:00,gregorian
northeast_pacific/full_domain/hindcast/monthly/raw/r20260701,uml_restrat,1,396,396,1993-01-16,2025-12-16,fa2d4c0405,[38],[396],"[""[816, 343]""]","[""[38, 255, 107]""]",days since 1993-01-01 00:00:00,gregorian
northeast_pacific/full_domain/hindcast/monthly/raw/r20260701,umo,1,396,396,1993-01-16,2025-12-16,fa2d4c0405,[100],[396],"[""[52, 816, 343]""]","[""[100, 10, 200, 200]""]",days since 1993-01-01 00:00:00,gregorian
northeast_pacific/full_domain/hindcast/monthly/raw/r20260701,umo_2d,1,396,396,1993-01-16,2025-12-16,fa2d4c0405,[38],[396],"[""[816, 343]""]","[""[38, 255, 107]""]",days since 1993-01-01 00:00:00,gregorian
northeast_pacific/full_domain/hindcast/monthly/raw/r20260701,uo,1,396,396,1993-01-16,2025-12-16,fa2d4c0405,[100],[396],"[""[52, 816, 343]""]","[""[100, 10, 200, 200]""]",days since 1993-01-01 00:00:00,gregorian
northeast_pacific/full_domain/hindcast/monthly/raw/r20260701,ustar,1,396,396,1993-01-16,2025-12-16,fa2d4c0405,[38],[396],"[""[816, 342]""]","[""[38, 255, 107]""]",days since 1993-01-01 00:00:00,gregorian
northeast_pacific/full_domain/hindcast/monthly/raw/r20260701,vdml_restrat,1,396,396,1993-01-16,2025-12-16,fa2d4c0405,[38],[396],"[""[817, 342]""]","[""[38, 255, 107]""]",days since 1993-01-01 00:00:00,gregorian
northeast_pacific/full_domain/hindcast/monthly/raw/r20260701,vhml,1,396,396,1993-01-16,2025-12-16,fa2d4c0405,[100],[396],"[""[52, 817, 342]""]","[""[100, 10, 200, 200]""]",days since 1993-01-01 00:00:00,gregorian
northeast_pacific/full_domain/hindcast/monthly/raw/r20260701,vml_restrat,1,396,396,1993-01-16,2025-12-16,fa2d4c0405,[38],[396],"[""[817, 342]""]","[""[38, 255, 107]""]",days since 1993-01-01 00:00:00,gregorian
northeast_pacific/full_domain/hindcast/monthly/raw/r20260701,vmo,1,396,396,1993-01-16,2025-12-16,fa2d4c0405,[100],[396],"[""[52, 817, 342]""]","[""[100, 10, 200, 200]""]",days since 1993-01-01 00:00:00,gregorian
northeast_pacific/full_domain/hindcast/monthly/raw/r20260701,vmo_2d,1,396,396,1993-01-16,2025-12-16,fa2d4c0405,[38],[396],"[""[817, 342]""]","[""[38, 255, 107]""]",days since 1993-01-01 00:00:00,gregorian
northeast_pacific/full_domain/hindcast/monthly/raw/r20260701,vo,1,396,396,1993-01-16,2025-12-16,fa2d4c0405,[100],[396],"[""[52, 817, 342]""]","[""[100, 10, 200, 200]""]",days since 1993-01-01 00:00:00,gregorian
northeast_pacific/full_domain/hindcast/monthly/raw/r20260701,volcello,1,396,396,1993-01-16,2025-12-16,fa2d4c0405,[100],[396],"[""[52, 816, 342]""]","[""[100, 10, 200, 200]""]",days since 1993-01-01 00:00:00,gregorian
northeast_pacific/full_domain/hindcast/monthly/raw/r20260701,wc_vert_int_jdiss_cadet,1,396,396,1993-01-16,2025-12-16,fa2d4c0405,[38],[396],"[""[816, 342]""]","[""[38, 255, 107]""]",days since 1993-01-01 00:00:00,gregorian
northeast_pacific/full_domain/hindcast/monthly/raw/r20260701,wc_vert_int_jdiss_sidet,1,396,396,1993-01-16,2025-12-16,fa2d4c0405,[38],[396],"[""[816, 342]""]","[""[38, 255, 107]""]",days since 1993-01-01 00:00:00,gregorian
northeast_pacific/full_domain/hindcast/monthly/raw/r20260701,wc_vert_int_jno3denit,1,396,396,1993-01-16,2025-12-16,fa2d4c0405,[38],[396],"[""[816, 342]""]","[""[38, 255, 107]""]",days since 1993-01-01 00:00:00,gregorian
northeast_pacific/full_domain/hindcast/monthly/raw/r20260701,wc_vert_int_jo2resp,1,396,396,1993-01-16,2025-12-16,fa2d4c0405,[38],[396],"[""[816, 342]""]","[""[38, 255, 107]""]",days since 1993-01-01 00:00:00,gregorian
northeast_pacific/full_domain/hindcast/monthly/raw/r20260701,wc_vert_int_jprod_cadet,1,396,396,1993-01-16,2025-12-16,fa2d4c0405,[38],[396],"[""[816, 342]""]","[""[38, 255, 107]""]",days since 1993-01-01 00:00:00,gregorian
northeast_pacific/full_domain/hindcast/monthly/raw/r20260701,wc_vert_int_jprod_nh4,1,396,396,1993-01-16,2025-12-16,fa2d4c0405,[38],[396],"[""[816, 342]""]","[""[38, 255, 107]""]",days since 1993-01-01 00:00:00,gregorian
northeast_pacific/full_domain/hindcast/monthly/raw/r20260701,wc_vert_int_jprod_no3nitrif,1,396,396,1993-01-16,2025-12-16,fa2d4c0405,[38],[396],"[""[816, 342]""]","[""[38, 255, 107]""]",days since 1993-01-01 00:00:00,gregorian
northeast_pacific/full_domain/hindcast/monthly/raw/r20260701,wc_vert_int_juptake_nh4,1,396,396,1993-01-16,2025-12-16,fa2d4c0405,[38],[396],"[""[816, 342]""]","[""[38, 255, 107]""]",days since 1993-01-01 00:00:00,gregorian
northeast_pacific/full_domain/hindcast/monthly/raw/r20260701,wc_vert_int_juptake_no3,1,396,396,1993-01-16,2025-12-16,fa2d4c0405,[38],[396],"[""[816, 342]""]","[""[38, 255, 107]""]",days since 1993-01-01 00:00:00,gregorian
northeast_pacific/full_domain/hindcast/monthly/raw/r20260701,wc_vert_int_nfix,1,396,396,1993-01-16,2025-12-16,fa2d4c0405,[38],[396],"[""[816, 342]""]","[""[38, 255, 107]""]",days since 1993-01-01 00:00:00,gregorian
northeast_pacific/full_domain/hindcast/monthly/raw/r20260701,wc_vert_int_npp,1,396,396,1993-01-16,2025-12-16,fa2d4c0405,[38],[396],"[""[816, 342]""]","[""[38, 255, 107]""]",days since 1993-01-01 00:00:00,gregorian
northeast_pacific/full_domain/hindcast/monthly/raw/r20260701,wfo,1,396,396,1993-01-16,2025-12-16,fa2d4c0405,[38],[396],"[""[816, 342]""]","[""[38, 255, 107]""]",days since 1993-01-01 00:00:00,gregorian
northeast_pacific/full_domain/hindcast/monthly/raw/r20260701,zmeso,1,396,396,1993-01-16,2025-12-16,fa2d4c0405,[100],[396],"[""[52, 816, 342]""]","[""[100, 10, 200, 200]""]",days since 1993-01-01 00:00:00,gregorian
northeast_pacific/full_domain/hindcast/monthly/raw/r20260701,zmesoos,1,396,396,1993-01-16,2025-12-16,fa2d4c0405,[38],[396],"[""[816, 342]""]","[""[38, 255, 107]""]",days since 1993-01-01 00:00:00,gregorian
northeast_pacific/full_domain/hindcast/monthly/raw/r20260701,zmicro,1,396,396,1993-01-16,2025-12-16,fa2d4c0405,[100],[396],"[""[52, 816, 342]""]","[""[100, 10, 200, 200]""]",days since 1993-01-01 00:00:00,gregorian
northeast_pacific/full_domain/hindcast/monthly/raw/r20260701,zmicroos,1,396,396,1993-01-16,2025-12-16,fa2d4c0405,[38],[396],"[""[816, 342]""]","[""[38, 255, 107]""]",days since 1993-01-01 00:00:00,gregorian
northeast_pacific/full_domain/hindcast/monthly/raw/r20260701,zoocos,1,396,396,1993-01-16,2025-12-16,fa2d4c0405,[38],[396],"[""[816, 342]""]","[""[38, 255, 107]""]",days since 1993-01-01 00:00:00,gregorian
northeast_pacific/full_domain/hindcast/monthly/raw/r20260701,zos,1,396,396,1993-01-16,2025-12-16,fa2d4c0405,[38],[396],"[""[816, 342]""]","[""[38, 255, 107]""]",days since 1993-01-01 00:00:00,gregorian
northeast_pacific/full_domain/hindcast/monthly/raw/r20260701,zossq,1,396,396,1993-01-16,2025-12-16,fa2d4c0405,[38],[396],"[""[816, 342]""]","[""[38, 255, 107]""]",days since 1993-01-01 00:00:00,gregorian
northeast_pacific/full_domain/hindcast/monthly/regrid/r20260701,ALB,1,396,396,1993-01-16,2025-12-16,fa2d4c0405,[100],[396],"[""[815, 341]""]","[""[100, 200, 200]""]",days since 1993-01-01,gregorian
northeast_pacific/full_domain/hindcast/monthly/regrid/r20260701,BHEAT,1,396,396,1993-01-16,2025-12-16,fa2d4c0405,[100],[396],"[""[815, 341]""]","[""[100, 200, 200]""]",days since 1993-01-01,gregorian
northeast_pacific/full_domain/hindcast/monthly/regrid/r20260701,BMELT,1,396,396,1993-01-16,2025-12-16,fa2d4c0405,[100],[396],"[""[815, 341]""]","[""[100, 200, 200]""]",days since 1993-01-01,gregorian
northeast_pacific/full_domain/hindcast/monthly/regrid/r20260701,BSNK,1,396,396,1993-01-16,2025-12-16,fa2d4c0405,[100],[396],"[""[815, 341]""]","[""[100, 200, 200]""]",days since 1993-01-01,gregorian
northeast_pacific/full_domain/hindcast/monthly/regrid/r20260701,CN,1,396,396,1993-01-16,2025-12-16,fa2d4c0405,[99],[396],"[""[5, 815, 341]""]","[""[99, 1, 204, 86]""]",days since 1993-01-01,gregorian
northeast_pacific/full_domain/hindcast/monthly/regrid/r20260701,E2MELT,1,396,396,1993-01-16,2025-12-16,fa2d4c0405,[100],[396],"[""[815, 341]""]","[""[100, 200, 200]""]",days since 1993-01-01,gregorian
northeast_pacific/full_domain/hindcast/monthly/regrid/r20260701,EXT,1,396,396,1993-01-16,2025-12-16,fa2d4c0405,[100],[396],"[""[815, 341]""]","[""[100, 200, 200]""]",days since 1993-01-01,gregorian
northeast_pacific/full_domain/hindcast/monthly/regrid/r20260701,EXT_MAX,1,396,396,1993-01-16,2025-12-16,fa2d4c0405,[100],[396],"[""[815, 341]""]","[""[100, 200, 200]""]",days since 1993-01-01,gregorian
northeast_pacific/full_domain/hindcast/monthly/regrid/r20260701,EXT_MIN,1,396,396,1993-01-16,2025-12-16,fa2d4c0405,[100],[396],"[""[815, 341]""]","[""[100, 200, 200]""]",days since 1993-01-01,gregorian
northeast_pacific/full_domain/hindcast/monthly/regrid/r20260701,FRAZIL,1,396,396,1993-01-16,2025-12-16,fa2d4c0405,[100],[396],"[""[815, 341]""]","[""[100, 200, 200]""]",days since 1993-01-01,gregorian
northeast_pacific/full_domain/hindcast/monthly/regrid/r20260701,Heat_PmE,1,396,396,1993-01-16,2025-12-16,fa2d4c0405,[100],[396],"[""[815, 341]""]","[""[100, 200, 200]""]",days since 1993-01-01,gregorian
northeast_pacific/full_domain/hindcast/monthly/regrid/r20260701,LSNK,1,396,396,1993-01-16,2025-12-16,fa2d4c0405,[100],[396],"[""[815, 341]""]","[""[100, 200, 200]""]",days since 1993-01-01,gregorian
northeast_pacific/full_domain/hindcast/monthly/regrid/r20260701,LSRC,1,396,396,1993-01-16,2025-12-16,fa2d4c0405,[100],[396],"[""[815, 341]""]","[""[100, 200, 200]""]",days since 1993-01-01,gregorian
northeast_pacific/full_domain/hindcast/monthly/regrid/r20260701,LwLatSens,1,396,396,1993-01-16,2025-12-16,fa2d4c0405,[100],[396],"[""[815, 341]""]","[""[100, 200, 200]""]",days since 1993-01-01,gregorian
northeast_pacific/full_domain/hindcast/monthly/regrid/r20260701,MIB,1,396,396,1993-01-16,2025-12-16,fa2d4c0405,[100],[396],"[""[815, 341]""]","[""[100, 200, 200]""]",days since 1993-01-01,gregorian
northeast_pacific/full_domain/hindcast/monthly/regrid/r20260701,MLD_003,1,396,396,1993-01-16,2025-12-16,fa2d4c0405,[100],[396],"[""[815, 341]""]","[""[100, 200, 200]""]",days since 1993-01-01,gregorian
northeast_pacific/full_domain/hindcast/monthly/regrid/r20260701,MLD_003_max,1,396,396,1993-01-16,2025-12-16,fa2d4c0405,[100],[396],"[""[815, 341]""]","[""[100, 200, 200]""]",days since 1993-01-01,gregorian
northeast_pacific/full_domain/hindcast/monthly/regrid/r20260701,MLD_003_min,1,396,396,1993-01-16,2025-12-16,fa2d4c0405,[100],[396],"[""[815, 341]""]","[""[100, 200, 200]""]",days since 1993-01-01,gregorian
northeast_pacific/full_domain/hindcast/monthly/regrid/r20260701,MLD_EN1,1,396,396,1993-01-16,2025-12-16,fa2d4c0405,[100],[396],"[""[815, 341]""]","[""[100, 200, 200]""]",days since 1993-01-01,gregorian
northeast_pacific/full_domain/hindcast/monthly/regrid/r20260701,MLD_EN1_max,1,396,396,1993-01-16,2025-12-16,fa2d4c0405,[100],[396],"[""[815, 341]""]","[""[100, 200, 200]""]",days since 1993-01-01,gregorian
northeast_pacific/full_domain/hindcast/monthly/regrid/r20260701,MLD_EN1_min,1,396,396,1993-01-16,2025-12-16,fa2d4c0405,[100],[396],"[""[815, 341]""]","[""[100, 200, 200]""]",days since 1993-01-01,gregorian
northeast_pacific/full_domain/hindcast/monthly/regrid/r20260701,MLD_restrat,1,396,396,1993-01-16,2025-12-16,fa2d4c0405,[100],[396],"[""[815, 341]""]","[""[100, 200, 200]""]",days since 1993-01-01,gregorian
northeast_pacific/full_domain/hindcast/monthly/regrid/r20260701,MSTAR,1,396,396,1993-01-16,2025-12-16,fa2d4c0405,[100],[396],"[""[815, 341]""]","[""[100, 200, 200]""]",days since 1993-01-01,gregorian
northeast_pacific/full_domain/hindcast/monthly/regrid/r20260701,RAIN,1,396,396,1993-01-16,2025-12-16,fa2d4c0405,[100],[396],"[""[815, 341]""]","[""[100, 200, 200]""]",days since 1993-01-01,gregorian
northeast_pacific/full_domain/hindcast/monthly/regrid/r20260701,SALTF,1,396,396,1993-01-16,2025-12-16,fa2d4c0405,[100],[396],"[""[815, 341]""]","[""[100, 200, 200]""]",days since 1993-01-01,gregorian
northeast_pacific/full_domain/hindcast/monthly/regrid/r20260701,SN2IC,1,396,396,1993-01-16,2025-12-16,fa2d4c0405,[100],[396],"[""[815, 341]""]","[""[100, 200, 200]""]",days since 1993-01-01,gregorian
northeast_pacific/full_domain/hindcast/monthly/regrid/r20260701,SNOWFL,1,396,396,1993-01-16,2025-12-16,fa2d4c0405,[100],[396],"[""[815, 341]""]","[""[100, 200, 200]""]",days since 1993-01-01,gregorian
northeast_pacific/full_domain/hindcast/monthly/regrid/r20260701,STRENGTH_hf,1,396,396,1993-01-16,2025-12-16,fa2d4c0405,[100],[396],"[""[815, 341]""]","[""[100, 200, 200]""]",days since 1993-01-01,gregorian
northeast_pacific/full_domain/hindcast/monthly/regrid/r20260701,T1,1,396,396,1993-01-16,2025-12-16,fa2d4c0405,[100],[396],"[""[815, 341]""]","[""[100, 200, 200]""]",days since 1993-01-01,gregorian
northeast_pacific/full_domain/hindcast/monthly/regrid/r20260701,T2,1,396,396,1993-01-16,2025-12-16,fa2d4c0405,[100],[396],"[""[815, 341]""]","[""[100, 200, 200]""]",days since 1993-01-01,gregorian
northeast_pacific/full_domain/hindcast/monthly/regrid/r20260701,T3,1,396,396,1993-01-16,2025-12-16,fa2d4c0405,[100],[396],"[""[815, 341]""]","[""[100, 200, 200]""]",days since 1993-01-01,gregorian
northeast_pacific/full_domain/hindcast/monthly/regrid/r20260701,T4,1,396,396,1993-01-16,2025-12-16,fa2d4c0405,[100],[396],"[""[815, 341]""]","[""[100, 200, 200]""]",days since 1993-01-01,gregorian
northeast_pacific/full_domain/hindcast/monthly/regrid/r20260701,TMELT,1,396,396,1993-01-16,2025-12-16,fa2d4c0405,[100],[396],"[""[815, 341]""]","[""[100, 200, 200]""]",days since 1993-01-01,gregorian
northeast_pacific/full_domain/hindcast/monthly/regrid/r20260701,TSN,1,396,396,1993-01-16,2025-12-16,fa2d4c0405,[100],[396],"[""[815, 341]""]","[""[100, 200, 200]""]",days since 1993-01-01,gregorian
northeast_pacific/full_domain/hindcast/monthly/regrid/r20260701,XPRT,1,396,396,1993-01-16,2025-12-16,fa2d4c0405,[100],[396],"[""[815, 341]""]","[""[100, 200, 200]""]",days since 1993-01-01,gregorian
northeast_pacific/full_domain/hindcast/monthly/regrid/r20260701,aragos,1,396,396,1993-01-16,2025-12-16,fa2d4c0405,[100],[396],"[""[815, 341]""]","[""[100, 200, 200]""]",days since 1993-01-01,gregorian
northeast_pacific/full_domain/hindcast/monthly/regrid/r20260701,baccos,1,396,396,1993-01-16,2025-12-16,fa2d4c0405,[100],[396],"[""[815, 341]""]","[""[100, 200, 200]""]",days since 1993-01-01,gregorian
northeast_pacific/full_domain/hindcast/monthly/regrid/r20260701,bfeos,1,396,396,1993-01-16,2025-12-16,fa2d4c0405,[100],[396],"[""[815, 341]""]","[""[100, 200, 200]""]",days since 1993-01-01,gregorian
northeast_pacific/full_domain/hindcast/monthly/regrid/r20260701,bsios,1,396,396,1993-01-16,2025-12-16,fa2d4c0405,[100],[396],"[""[815, 341]""]","[""[100, 200, 200]""]",days since 1993-01-01,gregorian
northeast_pacific/full_domain/hindcast/monthly/regrid/r20260701,btm_co3_ion,1,396,396,1993-01-16,2025-12-16,fa2d4c0405,[100],[396],"[""[815, 341]""]","[""[100, 200, 200]""]",days since 1993-01-01,gregorian
northeast_pacific/full_domain/hindcast/monthly/regrid/r20260701,btm_co3_sol_arag,1,396,396,1993-01-16,2025-12-16,fa2d4c0405,[100],[396],"[""[815, 341]""]","[""[100, 200, 200]""]",days since 1993-01-01,gregorian
northeast_pacific/full_domain/hindcast/monthly/regrid/r20260701,btm_co3_sol_calc,1,396,396,1993-01-16,2025-12-16,fa2d4c0405,[100],[396],"[""[815, 341]""]","[""[100, 200, 200]""]",days since 1993-01-01,gregorian
northeast_pacific/full_domain/hindcast/monthly/regrid/r20260701,btm_htotal,1,396,396,1993-01-16,2025-12-16,fa2d4c0405,[100],[396],"[""[815, 341]""]","[""[100, 200, 200]""]",days since 1993-01-01,gregorian
northeast_pacific/full_domain/hindcast/monthly/regrid/r20260701,btm_o2,1,396,396,1993-01-16,2025-12-16,fa2d4c0405,[100],[396],"[""[815, 341]""]","[""[100, 200, 200]""]",days since 1993-01-01,gregorian
northeast_pacific/full_domain/hindcast/monthly/regrid/r20260701,btm_temp,1,396,396,1993-01-16,2025-12-16,fa2d4c0405,[100],[396],"[""[815, 341]""]","[""[100, 200, 200]""]",days since 1993-01-01,gregorian
northeast_pacific/full_domain/hindcast/monthly/regrid/r20260701,calc,1,396,396,1993-01-16,2025-12-16,fa2d4c0405,[100],[396],"[""[52, 815, 341]""]","[""[100, 10, 200, 200]""]",days since 1993-01-01,gregorian
northeast_pacific/full_domain/hindcast/monthly/regrid/r20260701,calcos,1,396,396,1993-01-16,2025-12-16,fa2d4c0405,[100],[396],"[""[815, 341]""]","[""[100, 200, 200]""]",days since 1993-01-01,gregorian
northeast_pacific/full_domain/hindcast/monthly/regrid/r20260701,cased,1,396,396,1993-01-16,2025-12-16,fa2d4c0405,[100],[396],"[""[815, 341]""]","[""[100, 200, 200]""]",days since 1993-01-01,gregorian
northeast_pacific/full_domain/hindcast/monthly/regrid/r20260701,cased_redis_coef,1,396,396,1993-01-16,2025-12-16,fa2d4c0405,[100],[396],"[""[815, 341]""]","[""[100, 200, 200]""]",days since 1993-01-01,gregorian
northeast_pacific/full_domain/hindcast/monthly/regrid/r20260701,cased_redis_delz,1,396,396,1993-01-16,2025-12-16,fa2d4c0405,[100],[396],"[""[815, 341]""]","[""[100, 200, 200]""]",days since 1993-01-01,gregorian
northeast_pacific/full_domain/hindcast/monthly/regrid/r20260701,chl,1,396,396,1993-01-16,2025-12-16,fa2d4c0405,[100],[396],"[""[52, 815, 341]""]","[""[100, 10, 200, 200]""]",days since 1993-01-01,gregorian
northeast_pacific/full_domain/hindcast/monthly/regrid/r20260701,chl_Di,1,396,396,1993-01-16,2025-12-16,fa2d4c0405,[100],[396],"[""[52, 815, 341]""]","[""[100, 10, 200, 200]""]",days since 1993-01-01,gregorian
northeast_pacific/full_domain/hindcast/monthly/regrid/r20260701,chl_Lg,1,396,396,1993-01-16,2025-12-16,fa2d4c0405,[100],[396],"[""[52, 815, 341]""]","[""[100, 10, 200, 200]""]",days since 1993-01-01,gregorian
northeast_pacific/full_domain/hindcast/monthly/regrid/r20260701,chl_Md,1,396,396,1993-01-16,2025-12-16,fa2d4c0405,[100],[396],"[""[52, 815, 341]""]","[""[100, 10, 200, 200]""]",days since 1993-01-01,gregorian
northeast_pacific/full_domain/hindcast/monthly/regrid/r20260701,chl_Sm,1,396,396,1993-01-16,2025-12-16,fa2d4c0405,[100],[396],"[""[52, 815, 341]""]","[""[100, 10, 200, 200]""]",days since 1993-01-01,gregorian
northeast_pacific/full_domain/hindcast/monthly/regrid/r20260701,chldiatos,1,396,396,1993-01-16,2025-12-16,fa2d4c0405,[100],[396],"[""[815, 341]""]","[""[100, 200, 200]""]",days since 1993-01-01,gregorian
northeast_pacific/full_domain/hindcast/monthly/regrid/r20260701,chldiazos,1,396,396,1993-01-16,2025-12-16,fa2d4c0405,[100],[396],"[""[815, 341]""]","[""[100, 200, 200]""]",days since 1993-01-01,gregorian
northeast_pacific/full_domain/hindcast/monthly/regrid/r20260701,chlmiscos,1,396,396,1993-01-16,2025-12-16,fa2d4c0405,[100],[396],"[""[815, 341]""]","[""[100, 200, 200]""]",days since 1993-01-01,gregorian
northeast_pacific/full_domain/hindcast/monthly/regrid/r20260701,chlos,1,396,396,1993-01-16,2025-12-16,fa2d4c0405,[100],[396],"[""[815, 341]""]","[""[100, 200, 200]""]",days since 1993-01-01,gregorian
northeast_pacific/full_domain/hindcast/monthly/regrid/r20260701,chlpicoos,1,396,396,1993-01-16,2025-12-16,fa2d4c0405,[100],[396],"[""[815, 341]""]","[""[100, 200, 200]""]",days since 1993-01-01,gregorian
northeast_pacific/full_domain/hindcast/monthly/regrid/r20260701,co3,1,396,396,1993-01-16,2025-12-16,fa2d4c0405,[100],[396],"[""[52, 815, 341]""]","[""[100, 10, 200, 200]""]",days since 1993-01-01,gregorian
northeast_pacific/full_domain/hindcast/monthly/regrid/r20260701,co3os,1,396,396,1993-01-16,2025-12-16,fa2d4c0405,[100],[396],"[""[815, 341]""]","[""[100, 200, 200]""]",days since 1993-01-01,gregorian
northeast_pacific/full_domain/hindcast/monthly/regrid/r20260701,co3sataragos,1,396,396,1993-01-16,2025-12-16,fa2d4c0405,[100],[396],"[""[815, 341]""]","[""[100, 200, 200]""]",days since 1993-01-01,gregorian
northeast_pacific/full_domain/hindcast/monthly/regrid/r20260701,co3satcalcos,1,396,396,1993-01-16,2025-12-16,fa2d4c0405,[100],[396],"[""[815, 341]""]","[""[100, 200, 200]""]",days since 1993-01-01,gregorian
northeast_pacific/full_domain/hindcast/monthly/regrid/r20260701,dep_dry_fed,1,396,396,1993-01-16,2025-12-16,fa2d4c0405,[100],[396],"[""[815, 341]""]","[""[100, 200, 200]""]",days since 1993-01-01,gregorian
northeast_pacific/full_domain/hindcast/monthly/regrid/r20260701,dep_dry_lith,1,396,396,1993-01-16,2025-12-16,fa2d4c0405,[100],[396],"[""[815, 341]""]","[""[100, 200, 200]""]",days since 1993-01-01,gregorian
northeast_pacific/full_domain/hindcast/monthly/regrid/r20260701,dep_dry_nh4,1,396,396,1993-01-16,2025-12-16,fa2d4c0405,[100],[396],"[""[815, 341]""]","[""[100, 200, 200]""]",days since 1993-01-01,gregorian
northeast_pacific/full_domain/hindcast/monthly/regrid/r20260701,dep_dry_no3,1,396,396,1993-01-16,2025-12-16,fa2d4c0405,[100],[396],"[""[815, 341]""]","[""[100, 200, 200]""]",days since 1993-01-01,gregorian
northeast_pacific/full_domain/hindcast/monthly/regrid/r20260701,dep_dry_po4,1,396,396,1993-01-16,2025-12-16,fa2d4c0405,[100],[396],"[""[815, 341]""]","[""[100, 200, 200]""]",days since 1993-01-01,gregorian
northeast_pacific/full_domain/hindcast/monthly/regrid/r20260701,dep_wet_fed,1,396,396,1993-01-16,2025-12-16,fa2d4c0405,[100],[396],"[""[815, 341]""]","[""[100, 200, 200]""]",days since 1993-01-01,gregorian
northeast_pacific/full_domain/hindcast/monthly/regrid/r20260701,dep_wet_lith,1,396,396,1993-01-16,2025-12-16,fa2d4c0405,[100],[396],"[""[815, 341]""]","[""[100, 200, 200]""]",days since 1993-01-01,gregorian
northeast_pacific/full_domain/hindcast/monthly/regrid/r20260701,dep_wet_nh4,1,396,396,1993-01-16,2025-12-16,fa2d4c0405,[100],[396],"[""[815, 341]""]","[""[100, 200, 200]""]",days since 1993-01-01,gregorian
northeast_pacific/full_domain/hindcast/monthly/regrid/r20260701,dep_wet_no3,1,396,396,1993-01-16,2025-12-16,fa2d4c0405,[100],[396],"[""[815, 341]""]","[""[100, 200, 200]""]",days since 1993-01-01,gregorian
northeast_pacific/full_domain/hindcast/monthly/regrid/r20260701,detocos,1,396,396,1993-01-16,2025-12-16,fa2d4c0405,[100],[396],"[""[815, 341]""]","[""[100, 200, 200]""]",days since 1993-01-01,gregorian
northeast_pacific/full_domain/hindcast/monthly/regrid/r20260701,dfeos,1,396,396,1993-01-16,2025-12-16,fa2d4c0405,[100],[396],"[""[815, 341]""]","[""[100, 200, 200]""]",days since 1993-01-01,gregorian
northeast_pacific/full_domain/hindcast/monthly/regrid/r20260701,dic_csurf,1,396,396,1993-01-16,2025-12-16,fa2d4c0405,[100],[396],"[""[815, 341]""]","[""[100, 200, 200]""]",days since 1993-01-01,gregorian
northeast_pacific/full_domain/hindcast/monthly/regrid/r20260701,dic_deltap,1,396,396,1993-01-16,2025-12-16,fa2d4c0405,[100],[396],"[""[815, 341]""]","[""[100, 200, 200]""]",days since 1993-01-01,gregorian
northeast_pacific/full_domain/hindcast/monthly/regrid/r20260701,dic_kw,1,396,396,1993-01-16,2025-12-16,fa2d4c0405,[100],[396],"[""[815, 341]""]","[""[100, 200, 200]""]",days since 1993-01-01,gregorian
northeast_pacific/full_domain/hindcast/monthly/regrid/r20260701,dic_sc_no,1,396,396,1993-01-16,2025-12-16,fa2d4c0405,[100],[396],"[""[815, 341]""]","[""[100, 200, 200]""]",days since 1993-01-01,gregorian
northeast_pacific/full_domain/hindcast/monthly/regrid/r20260701,dic_stf_gas,1,396,396,1993-01-16,2025-12-16,fa2d4c0405,[100],[396],"[""[815, 341]""]","[""[100, 200, 200]""]",days since 1993-01-01,gregorian
northeast_pacific/full_domain/hindcast/monthly/regrid/r20260701,dissic,1,396,396,1993-01-16,2025-12-16,fa2d4c0405,[100],[396],"[""[52, 815, 341]""]","[""[100, 10, 200, 200]""]",days since 1993-01-01,gregorian
northeast_pacific/full_domain/hindcast/monthly/regrid/r20260701,dissicos,1,396,396,1993-01-16,2025-12-16,fa2d4c0405,[100],[396],"[""[815, 341]""]","[""[100, 200, 200]""]",days since 1993-01-01,gregorian
northeast_pacific/full_domain/hindcast/monthly/regrid/r20260701,dissoc,1,396,396,1993-01-16,2025-12-16,fa2d4c0405,[100],[396],"[""[52, 815, 341]""]","[""[100, 10, 200, 200]""]",days since 1993-01-01,gregorian
northeast_pacific/full_domain/hindcast/monthly/regrid/r20260701,dissocos,1,396,396,1993-01-16,2025-12-16,fa2d4c0405,[100],[396],"[""[815, 341]""]","[""[100, 200, 200]""]",days since 1993-01-01,gregorian
northeast_pacific/full_domain/hindcast/monthly/regrid/r20260701,don_100,1,396,396,1993-01-16,2025-12-16,fa2d4c0405,[100],[396],"[""[815, 341]""]","[""[100, 200, 200]""]",days since 1993-01-01,gregorian
northeast_pacific/full_domain/hindcast/monthly/regrid/r20260701,dpco2,1,396,396,1993-01-16,2025-12-16,fa2d4c0405,[100],[396],"[""[815, 341]""]","[""[100, 200, 200]""]",days since 1993-01-01,gregorian
northeast_pacific/full_domain/hindcast/monthly/regrid/r20260701,dpo2,1,396,396,1993-01-16,2025-12-16,fa2d4c0405,[100],[396],"[""[815, 341]""]","[""[100, 200, 200]""]",days since 1993-01-01,gregorian
northeast_pacific/full_domain/hindcast/monthly/regrid/r20260701,eparag100,1,396,396,1993-01-16,2025-12-16,fa2d4c0405,[100],[396],"[""[815, 341]""]","[""[100, 200, 200]""]",days since 1993-01-01,gregorian
northeast_pacific/full_domain/hindcast/monthly/regrid/r20260701,epc100,1,396,396,1993-01-16,2025-12-16,fa2d4c0405,[100],[396],"[""[815, 341]""]","[""[100, 200, 200]""]",days since 1993-01-01,gregorian
northeast_pacific/full_domain/hindcast/monthly/regrid/r20260701,epcalc100,1,396,396,1993-01-16,2025-12-16,fa2d4c0405,[100],[396],"[""[815, 341]""]","[""[100, 200, 200]""]",days since 1993-01-01,gregorian
northeast_pacific/full_domain/hindcast/monthly/regrid/r20260701,epfe100,1,396,396,1993-01-16,2025-12-16,fa2d4c0405,[100],[396],"[""[815, 341]""]","[""[100, 200, 200]""]",days since 1993-01-01,gregorian
northeast_pacific/full_domain/hindcast/monthly/regrid/r20260701,epn100,1,396,396,1993-01-16,2025-12-16,fa2d4c0405,[100],[396],"[""[815, 341]""]","[""[100, 200, 200]""]",days since 1993-01-01,gregorian
northeast_pacific/full_domain/hindcast/monthly/regrid/r20260701,epp100,1,396,396,1993-01-16,2025-12-16,fa2d4c0405,[100],[396],"[""[815, 341]""]","[""[100, 200, 200]""]",days since 1993-01-01,gregorian
northeast_pacific/full_domain/hindcast/monthly/regrid/r20260701,epsi100,1,396,396,1993-01-16,2025-12-16,fa2d4c0405,[100],[396],"[""[815, 341]""]","[""[100, 200, 200]""]",days since 1993-01-01,gregorian
northeast_pacific/full_domain/hindcast/monthly/regrid/r20260701,evs,1,396,396,1993-01-16,2025-12-16,fa2d4c0405,[100],[396],"[""[815, 341]""]","[""[100, 200, 200]""]",days since 1993-01-01,gregorian
northeast_pacific/full_domain/hindcast/monthly/regrid/r20260701,fcadet_arag_btm,1,396,396,1993-01-16,2025-12-16,fa2d4c0405,[100],[396],"[""[815, 341]""]","[""[100, 200, 200]""]",days since 1993-01-01,gregorian
northeast_pacific/full_domain/hindcast/monthly/regrid/r20260701,fcadet_calc_btm,1,396,396,1993-01-16,2025-12-16,fa2d4c0405,[100],[396],"[""[815, 341]""]","[""[100, 200, 200]""]",days since 1993-01-01,gregorian
northeast_pacific/full_domain/hindcast/monthly/regrid/r20260701,fcased_burial,1,396,396,1993-01-16,2025-12-16,fa2d4c0405,[100],[396],"[""[815, 341]""]","[""[100, 200, 200]""]",days since 1993-01-01,gregorian
northeast_pacific/full_domain/hindcast/monthly/regrid/r20260701,fcased_redis,1,396,396,1993-01-16,2025-12-16,fa2d4c0405,[100],[396],"[""[815, 341]""]","[""[100, 200, 200]""]",days since 1993-01-01,gregorian
northeast_pacific/full_domain/hindcast/monthly/regrid/r20260701,fcased_redis_surfresp,1,396,396,1993-01-16,2025-12-16,fa2d4c0405,[100],[396],"[""[815, 341]""]","[""[100, 200, 200]""]",days since 1993-01-01,gregorian
northeast_pacific/full_domain/hindcast/monthly/regrid/r20260701,fed,1,396,396,1993-01-16,2025-12-16,fa2d4c0405,[100],[396],"[""[52, 815, 341]""]","[""[100, 10, 200, 200]""]",days since 1993-01-01,gregorian
northeast_pacific/full_domain/hindcast/monthly/regrid/r20260701,fedet,1,396,396,1993-01-16,2025-12-16,fa2d4c0405,[100],[396],"[""[52, 815, 341]""]","[""[100, 10, 200, 200]""]",days since 1993-01-01,gregorian
northeast_pacific/full_domain/hindcast/monthly/regrid/r20260701,feprime,1,396,396,1993-01-16,2025-12-16,fa2d4c0405,[100],[396],"[""[52, 815, 341]""]","[""[100, 10, 200, 200]""]",days since 1993-01-01,gregorian
northeast_pacific/full_domain/hindcast/monthly/regrid/r20260701,ffe_sed,1,396,396,1993-01-16,2025-12-16,fa2d4c0405,[100],[396],"[""[815, 341]""]","[""[100, 200, 200]""]",days since 1993-01-01,gregorian
northeast_pacific/full_domain/hindcast/monthly/regrid/r20260701,ffedet_btm,1,396,396,1993-01-16,2025-12-16,fa2d4c0405,[100],[396],"[""[815, 341]""]","[""[100, 200, 200]""]",days since 1993-01-01,gregorian
northeast_pacific/full_domain/hindcast/monthly/regrid/r20260701,ffedi_btm,1,396,396,1993-01-16,2025-12-16,fa2d4c0405,[100],[396],"[""[815, 341]""]","[""[100, 200, 200]""]",days since 1993-01-01,gregorian
northeast_pacific/full_domain/hindcast/monthly/regrid/r20260701,ffelg_btm,1,396,396,1993-01-16,2025-12-16,fa2d4c0405,[100],[396],"[""[815, 341]""]","[""[100, 200, 200]""]",days since 1993-01-01,gregorian
northeast_pacific/full_domain/hindcast/monthly/regrid/r20260701,ffemd_btm,1,396,396,1993-01-16,2025-12-16,fa2d4c0405,[100],[396],"[""[815, 341]""]","[""[100, 200, 200]""]",days since 1993-01-01,gregorian
northeast_pacific/full_domain/hindcast/monthly/regrid/r20260701,ffetot_btm,1,396,396,1993-01-16,2025-12-16,fa2d4c0405,[100],[396],"[""[815, 341]""]","[""[100, 200, 200]""]",days since 1993-01-01,gregorian
northeast_pacific/full_domain/hindcast/monthly/regrid/r20260701,fgco2,1,396,396,1993-01-16,2025-12-16,fa2d4c0405,[100],[396],"[""[815, 341]""]","[""[100, 200, 200]""]",days since 1993-01-01,gregorian
northeast_pacific/full_domain/hindcast/monthly/regrid/r20260701,fgo2,1,396,396,1993-01-16,2025-12-16,fa2d4c0405,[100],[396],"[""[815, 341]""]","[""[100, 200, 200]""]",days since 1993-01-01,gregorian
northeast_pacific/full_domain/hindcast/monthly/regrid/r20260701,ficeberg,1,396,396,1993-01-16,2025-12-16,fa2d4c0405,[100],[396],"[""[815, 341]""]","[""[100, 200, 200]""]",days since 1993-01-01,gregorian
northeast_pacific/full_domain/hindcast/monthly/regrid/r20260701,flithdet_btm,1,396,396,1993-01-16,2025-12-16,fa2d4c0405,[100],[396],"[""[815, 341]""]","[""[100, 200, 200]""]",days since 1993-01-01,gregorian
northeast_pacific/full_domain/hindcast/monthly/regrid/r20260701,fndet_btm,1,396,396,1993-01-16,2025-12-16,fa2d4c0405,[100],[396],"[""[815, 341]""]","[""[100, 200, 200]""]",days since 1993-01-01,gregorian
northeast_pacific/full_domain/hindcast/monthly/regrid/r20260701,fndi_btm,1,396,396,1993-01-16,2025-12-16,fa2d4c0405,[100],[396],"[""[815, 341]""]","[""[100, 200, 200]""]",days since 1993-01-01,gregorian
northeast_pacific/full_domain/hindcast/monthly/regrid/r20260701,fnlg_btm,1,396,396,1993-01-16,2025-12-16,fa2d4c0405,[100],[396],"[""[815, 341]""]","[""[100, 200, 200]""]",days since 1993-01-01,gregorian
northeast_pacific/full_domain/hindcast/monthly/regrid/r20260701,fnmd_btm,1,396,396,1993-01-16,2025-12-16,fa2d4c0405,[100],[396],"[""[815, 341]""]","[""[100, 200, 200]""]",days since 1993-01-01,gregorian
northeast_pacific/full_domain/hindcast/monthly/regrid/r20260701,fno3denit_sed,1,396,396,1993-01-16,2025-12-16,fa2d4c0405,[100],[396],"[""[815, 341]""]","[""[100, 200, 200]""]",days since 1993-01-01,gregorian
northeast_pacific/full_domain/hindcast/monthly/regrid/r20260701,fnoxic_sed,1,396,396,1993-01-16,2025-12-16,fa2d4c0405,[100],[396],"[""[815, 341]""]","[""[100, 200, 200]""]",days since 1993-01-01,gregorian
northeast_pacific/full_domain/hindcast/monthly/regrid/r20260701,fnso4red_sed,1,396,396,1993-01-16,2025-12-16,fa2d4c0405,[100],[396],"[""[815, 341]""]","[""[100, 200, 200]""]",days since 1993-01-01,gregorian
northeast_pacific/full_domain/hindcast/monthly/regrid/r20260701,fntot_btm,1,396,396,1993-01-16,2025-12-16,fa2d4c0405,[100],[396],"[""[815, 341]""]","[""[100, 200, 200]""]",days since 1993-01-01,gregorian
northeast_pacific/full_domain/hindcast/monthly/regrid/r20260701,fpdet_btm,1,396,396,1993-01-16,2025-12-16,fa2d4c0405,[100],[396],"[""[815, 341]""]","[""[100, 200, 200]""]",days since 1993-01-01,gregorian
northeast_pacific/full_domain/hindcast/monthly/regrid/r20260701,fpdi_btm,1,396,396,1993-01-16,2025-12-16,fa2d4c0405,[100],[396],"[""[815, 341]""]","[""[100, 200, 200]""]",days since 1993-01-01,gregorian
northeast_pacific/full_domain/hindcast/monthly/regrid/r20260701,fplg_btm,1,396,396,1993-01-16,2025-12-16,fa2d4c0405,[100],[396],"[""[815, 341]""]","[""[100, 200, 200]""]",days since 1993-01-01,gregorian
northeast_pacific/full_domain/hindcast/monthly/regrid/r20260701,fpmd_btm,1,396,396,1993-01-16,2025-12-16,fa2d4c0405,[100],[396],"[""[815, 341]""]","[""[100, 200, 200]""]",days since 1993-01-01,gregorian
northeast_pacific/full_domain/hindcast/monthly/regrid/r20260701,fptot_btm,1,396,396,1993-01-16,2025-12-16,fa2d4c0405,[100],[396],"[""[815, 341]""]","[""[100, 200, 200]""]",days since 1993-01-01,gregorian
northeast_pacific/full_domain/hindcast/monthly/regrid/r20260701,frfe,1,396,396,1993-01-16,2025-12-16,fa2d4c0405,[100],[396],"[""[815, 341]""]","[""[100, 200, 200]""]",days since 1993-01-01,gregorian
northeast_pacific/full_domain/hindcast/monthly/regrid/r20260701,fric,1,396,396,1993-01-16,2025-12-16,fa2d4c0405,[100],[396],"[""[815, 341]""]","[""[100, 200, 200]""]",days since 1993-01-01,gregorian
northeast_pacific/full_domain/hindcast/monthly/regrid/r20260701,friver,1,396,396,1993-01-16,2025-12-16,fa2d4c0405,[100],[396],"[""[815, 341]""]","[""[100, 200, 200]""]",days since 1993-01-01,gregorian
northeast_pacific/full_domain/hindcast/monthly/regrid/r20260701,frn,1,396,396,1993-01-16,2025-12-16,fa2d4c0405,[100],[396],"[""[815, 341]""]","[""[100, 200, 200]""]",days since 1993-01-01,gregorian
northeast_pacific/full_domain/hindcast/monthly/regrid/r20260701,froc,1,396,396,1993-01-16,2025-12-16,fa2d4c0405,[100],[396],"[""[815, 341]""]","[""[100, 200, 200]""]",days since 1993-01-01,gregorian
northeast_pacific/full_domain/hindcast/monthly/regrid/r20260701,fsfe,1,396,396,1993-01-16,2025-12-16,fa2d4c0405,[100],[396],"[""[815, 341]""]","[""[100, 200, 200]""]",days since 1993-01-01,gregorian
northeast_pacific/full_domain/hindcast/monthly/regrid/r20260701,fsidet_btm,1,396,396,1993-01-16,2025-12-16,fa2d4c0405,[100],[396],"[""[815, 341]""]","[""[100, 200, 200]""]",days since 1993-01-01,gregorian
northeast_pacific/full_domain/hindcast/monthly/regrid/r20260701,fsilg_btm,1,396,396,1993-01-16,2025-12-16,fa2d4c0405,[100],[396],"[""[815, 341]""]","[""[100, 200, 200]""]",days since 1993-01-01,gregorian
northeast_pacific/full_domain/hindcast/monthly/regrid/r20260701,fsimd_btm,1,396,396,1993-01-16,2025-12-16,fa2d4c0405,[100],[396],"[""[815, 341]""]","[""[100, 200, 200]""]",days since 1993-01-01,gregorian
northeast_pacific/full_domain/hindcast/monthly/regrid/r20260701,fsitherm,1,396,396,1993-01-16,2025-12-16,fa2d4c0405,[100],[396],"[""[815, 341]""]","[""[100, 200, 200]""]",days since 1993-01-01,gregorian
northeast_pacific/full_domain/hindcast/monthly/regrid/r20260701,fsn,1,396,396,1993-01-16,2025-12-16,fa2d4c0405,[100],[396],"[""[815, 341]""]","[""[100, 200, 200]""]",days since 1993-01-01,gregorian
northeast_pacific/full_domain/hindcast/monthly/regrid/r20260701,heat_content_cond,1,396,396,1993-01-16,2025-12-16,fa2d4c0405,[100],[396],"[""[815, 341]""]","[""[100, 200, 200]""]",days since 1993-01-01,gregorian
northeast_pacific/full_domain/hindcast/monthly/regrid/r20260701,heat_content_fprec,1,396,396,1993-01-16,2025-12-16,fa2d4c0405,[100],[396],"[""[815, 341]""]","[""[100, 200, 200]""]",days since 1993-01-01,gregorian
northeast_pacific/full_domain/hindcast/monthly/regrid/r20260701,heat_content_massin,1,396,396,1993-01-16,2025-12-16,fa2d4c0405,[100],[396],"[""[815, 341]""]","[""[100, 200, 200]""]",days since 1993-01-01,gregorian
northeast_pacific/full_domain/hindcast/monthly/regrid/r20260701,heat_content_massout,1,396,396,1993-01-16,2025-12-16,fa2d4c0405,[100],[396],"[""[815, 341]""]","[""[100, 200, 200]""]",days since 1993-01-01,gregorian
northeast_pacific/full_domain/hindcast/monthly/regrid/r20260701,heat_content_surfwater,1,396,396,1993-01-16,2025-12-16,fa2d4c0405,[100],[396],"[""[815, 341]""]","[""[100, 200, 200]""]",days since 1993-01-01,gregorian
northeast_pacific/full_domain/hindcast/monthly/regrid/r20260701,hfds,1,396,396,1993-01-16,2025-12-16,fa2d4c0405,[100],[396],"[""[815, 341]""]","[""[100, 200, 200]""]",days since 1993-01-01,gregorian
northeast_pacific/full_domain/hindcast/monthly/regrid/r20260701,hfevapds,1,396,396,1993-01-16,2025-12-16,fa2d4c0405,[100],[396],"[""[815, 341]""]","[""[100, 200, 200]""]",days since 1993-01-01,gregorian
northeast_pacific/full_domain/hindcast/monthly/regrid/r20260701,hfibthermds,1,396,396,1993-01-16,2025-12-16,fa2d4c0405,[100],[396],"[""[815, 341]""]","[""[100, 200, 200]""]",days since 1993-01-01,gregorian
northeast_pacific/full_domain/hindcast/monthly/regrid/r20260701,hflso,1,396,396,1993-01-16,2025-12-16,fa2d4c0405,[100],[396],"[""[815, 341]""]","[""[100, 200, 200]""]",days since 1993-01-01,gregorian
northeast_pacific/full_domain/hindcast/monthly/regrid/r20260701,hfrainds,1,396,396,1993-01-16,2025-12-16,fa2d4c0405,[100],[396],"[""[815, 341]""]","[""[100, 200, 200]""]",days since 1993-01-01,gregorian
northeast_pacific/full_domain/hindcast/monthly/regrid/r20260701,hfrunoffds,1,396,396,1993-01-16,2025-12-16,fa2d4c0405,[100],[396],"[""[815, 341]""]","[""[100, 200, 200]""]",days since 1993-01-01,gregorian
northeast_pacific/full_domain/hindcast/monthly/regrid/r20260701,hfsifrazil,1,396,396,1993-01-16,2025-12-16,fa2d4c0405,[100],[396],"[""[815, 341]""]","[""[100, 200, 200]""]",days since 1993-01-01,gregorian
northeast_pacific/full_domain/hindcast/monthly/regrid/r20260701,hfsnthermds,1,396,396,1993-01-16,2025-12-16,fa2d4c0405,[100],[396],"[""[815, 341]""]","[""[100, 200, 200]""]",days since 1993-01-01,gregorian
northeast_pacific/full_domain/hindcast/monthly/regrid/r20260701,hfsso,1,396,396,1993-01-16,2025-12-16,fa2d4c0405,[100],[396],"[""[815, 341]""]","[""[100, 200, 200]""]",days since 1993-01-01,gregorian
northeast_pacific/full_domain/hindcast/monthly/regrid/r20260701,htotal,1,396,396,1993-01-16,2025-12-16,fa2d4c0405,[100],[396],"[""[52, 815, 341]""]","[""[100, 10, 200, 200]""]",days since 1993-01-01,gregorian
northeast_pacific/full_domain/hindcast/monthly/regrid/r20260701,icfriver,1,396,396,1993-01-16,2025-12-16,fa2d4c0405,[100],[396],"[""[815, 341]""]","[""[100, 200, 200]""]",days since 1993-01-01,gregorian
northeast_pacific/full_domain/hindcast/monthly/regrid/r20260701,intdic,1,396,396,1993-01-16,2025-12-16,fa2d4c0405,[100],[396],"[""[815, 341]""]","[""[100, 200, 200]""]",days since 1993-01-01,gregorian
northeast_pacific/full_domain/hindcast/monthly/regrid/r20260701,intdoc,1,396,396,1993-01-16,2025-12-16,fa2d4c0405,[100],[396],"[""[815, 341]""]","[""[100, 200, 200]""]",days since 1993-01-01,gregorian
northeast_pacific/full_domain/hindcast/monthly/regrid/r20260701,intparag,1,396,396,1993-01-16,2025-12-16,fa2d4c0405,[100],[396],"[""[815, 341]""]","[""[100, 200, 200]""]",days since 1993-01-01,gregorian
northeast_pacific/full_domain/hindcast/monthly/regrid/r20260701,intpbfe,1,396,396,1993-01-16,2025-12-16,fa2d4c0405,[100],[396],"[""[815, 341]""]","[""[100, 200, 200]""]",days since 1993-01-01,gregorian
northeast_pacific/full_domain/hindcast/monthly/regrid/r20260701,intpbn,1,396,396,1993-01-16,2025-12-16,fa2d4c0405,[100],[396],"[""[815, 341]""]","[""[100, 200, 200]""]",days since 1993-01-01,gregorian
northeast_pacific/full_domain/hindcast/monthly/regrid/r20260701,intpbp,1,396,396,1993-01-16,2025-12-16,fa2d4c0405,[100],[396],"[""[815, 341]""]","[""[100, 200, 200]""]",days since 1993-01-01,gregorian
northeast_pacific/full_domain/hindcast/monthly/regrid/r20260701,intpbsi,1,396,396,1993-01-16,2025-12-16,fa2d4c0405,[100],[396],"[""[815, 341]""]","[""[100, 200, 200]""]",days since 1993-01-01,gregorian
northeast_pacific/full_domain/hindcast/monthly/regrid/r20260701,intpcalcite,1,396,396,1993-01-16,2025-12-16,fa2d4c0405,[100],[396],"[""[815, 341]""]","[""[100, 200, 200]""]",days since 1993-01-01,gregorian
northeast_pacific/full_domain/hindcast/monthly/regrid/r20260701,intpn2,1,396,396,1993-01-16,2025-12-16,fa2d4c0405,[100],[396],"[""[815, 341]""]","[""[100, 200, 200]""]",days since 1993-01-01,gregorian
northeast_pacific/full_domain/hindcast/monthly/regrid/r20260701,intpoc,1,396,396,1993-01-16,2025-12-16,fa2d4c0405,[100],[396],"[""[815, 341]""]","[""[100, 200, 200]""]",days since 1993-01-01,gregorian
northeast_pacific/full_domain/hindcast/monthly/regrid/r20260701,intpp,1,396,396,1993-01-16,2025-12-16,fa2d4c0405,[100],[396],"[""[815, 341]""]","[""[100, 200, 200]""]",days since 1993-01-01,gregorian
northeast_pacific/full_domain/hindcast/monthly/regrid/r20260701,intppdiat,1,396,396,1993-01-16,2025-12-16,fa2d4c0405,[100],[396],"[""[815, 341]""]","[""[100, 200, 200]""]",days since 1993-01-01,gregorian
northeast_pacific/full_domain/hindcast/monthly/regrid/r20260701,intppdiaz,1,396,396,1993-01-16,2025-12-16,fa2d4c0405,[100],[396],"[""[815, 341]""]","[""[100, 200, 200]""]",days since 1993-01-01,gregorian
northeast_pacific/full_domain/hindcast/monthly/regrid/r20260701,intppmisc,1,396,396,1993-01-16,2025-12-16,fa2d4c0405,[100],[396],"[""[815, 341]""]","[""[100, 200, 200]""]",days since 1993-01-01,gregorian
northeast_pacific/full_domain/hindcast/monthly/regrid/r20260701,intppnitrate,1,396,396,1993-01-16,2025-12-16,fa2d4c0405,[100],[396],"[""[815, 341]""]","[""[100, 200, 200]""]",days since 1993-01-01,gregorian
northeast_pacific/full_domain/hindcast/monthly/regrid/r20260701,intpppico,1,396,396,1993-01-16,2025-12-16,fa2d4c0405,[100],[396],"[""[815, 341]""]","[""[100, 200, 200]""]",days since 1993-01-01,gregorian
northeast_pacific/full_domain/hindcast/monthly/regrid/r20260701,irr_inst,1,396,396,1993-01-16,2025-12-16,fa2d4c0405,[100],[396],"[""[52, 815, 341]""]","[""[100, 10, 200, 200]""]",days since 1993-01-01,gregorian
northeast_pacific/full_domain/hindcast/monthly/regrid/r20260701,irr_mix,1,396,396,1993-01-16,2025-12-16,fa2d4c0405,[100],[396],"[""[52, 815, 341]""]","[""[100, 10, 200, 200]""]",days since 1993-01-01,gregorian
northeast_pacific/full_domain/hindcast/monthly/regrid/r20260701,irrlim_Di,1,396,396,1993-01-16,2025-12-16,fa2d4c0405,[100],[396],"[""[52, 815, 341]""]","[""[100, 10, 200, 200]""]",days since 1993-01-01,gregorian
northeast_pacific/full_domain/hindcast/monthly/regrid/r20260701,irrlim_Lg,1,396,396,1993-01-16,2025-12-16,fa2d4c0405,[100],[396],"[""[52, 815, 341]""]","[""[100, 10, 200, 200]""]",days since 1993-01-01,gregorian
northeast_pacific/full_domain/hindcast/monthly/regrid/r20260701,irrlim_Md,1,396,396,1993-01-16,2025-12-16,fa2d4c0405,[100],[396],"[""[52, 815, 341]""]","[""[100, 10, 200, 200]""]",days since 1993-01-01,gregorian
northeast_pacific/full_domain/hindcast/monthly/regrid/r20260701,irrlim_Sm,1,396,396,1993-01-16,2025-12-16,fa2d4c0405,[100],[396],"[""[52, 815, 341]""]","[""[100, 10, 200, 200]""]",days since 1993-01-01,gregorian
northeast_pacific/full_domain/hindcast/monthly/regrid/r20260701,jaggloss_nlgp_100,1,396,396,1993-01-16,2025-12-16,fa2d4c0405,[100],[396],"[""[815, 341]""]","[""[100, 200, 200]""]",days since 1993-01-01,gregorian
northeast_pacific/full_domain/hindcast/monthly/regrid/r20260701,jaggloss_nmdp_100,1,396,396,1993-01-16,2025-12-16,fa2d4c0405,[100],[396],"[""[815, 341]""]","[""[100, 200, 200]""]",days since 1993-01-01,gregorian
northeast_pacific/full_domain/hindcast/monthly/regrid/r20260701,jaggloss_nsmp_100,1,396,396,1993-01-16,2025-12-16,fa2d4c0405,[100],[396],"[""[815, 341]""]","[""[100, 200, 200]""]",days since 1993-01-01,gregorian
northeast_pacific/full_domain/hindcast/monthly/regrid/r20260701,jexuloss_ndi_100,1,396,396,1993-01-16,2025-12-16,fa2d4c0405,[100],[396],"[""[815, 341]""]","[""[100, 200, 200]""]",days since 1993-01-01,gregorian
northeast_pacific/full_domain/hindcast/monthly/regrid/r20260701,jexuloss_nlgp_100,1,396,396,1993-01-16,2025-12-16,fa2d4c0405,[100],[396],"[""[815, 341]""]","[""[100, 200, 200]""]",days since 1993-01-01,gregorian
northeast_pacific/full_domain/hindcast/monthly/regrid/r20260701,jexuloss_nmdp_100,1,396,396,1993-01-16,2025-12-16,fa2d4c0405,[100],[396],"[""[815, 341]""]","[""[100, 200, 200]""]",days since 1993-01-01,gregorian
northeast_pacific/full_domain/hindcast/monthly/regrid/r20260701,jexuloss_nsmp_100,1,396,396,1993-01-16,2025-12-16,fa2d4c0405,[100],[396],"[""[815, 341]""]","[""[100, 200, 200]""]",days since 1993-01-01,gregorian
northeast_pacific/full_domain/hindcast/monthly/regrid/r20260701,jhploss_nlgz_100,1,396,396,1993-01-16,2025-12-16,fa2d4c0405,[100],[396],"[""[815, 341]""]","[""[100, 200, 200]""]",days since 1993-01-01,gregorian
northeast_pacific/full_domain/hindcast/monthly/regrid/r20260701,jhploss_nmdz_100,1,396,396,1993-01-16,2025-12-16,fa2d4c0405,[100],[396],"[""[815, 341]""]","[""[100, 200, 200]""]",days since 1993-01-01,gregorian
northeast_pacific/full_domain/hindcast/monthly/regrid/r20260701,jingest_n_hp_100,1,396,396,1993-01-16,2025-12-16,fa2d4c0405,[100],[396],"[""[815, 341]""]","[""[100, 200, 200]""]",days since 1993-01-01,gregorian
northeast_pacific/full_domain/hindcast/monthly/regrid/r20260701,jingest_n_nlgz_100,1,396,396,1993-01-16,2025-12-16,fa2d4c0405,[100],[396],"[""[815, 341]""]","[""[100, 200, 200]""]",days since 1993-01-01,gregorian
northeast_pacific/full_domain/hindcast/monthly/regrid/r20260701,jingest_n_nmdz_100,1,396,396,1993-01-16,2025-12-16,fa2d4c0405,[100],[396],"[""[815, 341]""]","[""[100, 200, 200]""]",days since 1993-01-01,gregorian
northeast_pacific/full_domain/hindcast/monthly/regrid/r20260701,jingest_n_nsmz_100,1,396,396,1993-01-16,2025-12-16,fa2d4c0405,[100],[396],"[""[815, 341]""]","[""[100, 200, 200]""]",days since 1993-01-01,gregorian
northeast_pacific/full_domain/hindcast/monthly/regrid/r20260701,jmortloss_ndi_100,1,396,396,1993-01-16,2025-12-16,fa2d4c0405,[100],[396],"[""[815, 341]""]","[""[100, 200, 200]""]",days since 1993-01-01,gregorian
northeast_pacific/full_domain/hindcast/monthly/regrid/r20260701,jmortloss_nlgp_100,1,396,396,1993-01-16,2025-12-16,fa2d4c0405,[100],[396],"[""[815, 341]""]","[""[100, 200, 200]""]",days since 1993-01-01,gregorian
northeast_pacific/full_domain/hindcast/monthly/regrid/r20260701,jmortloss_nmdp_100,1,396,396,1993-01-16,2025-12-16,fa2d4c0405,[100],[396],"[""[815, 341]""]","[""[100, 200, 200]""]",days since 1993-01-01,gregorian
northeast_pacific/full_domain/hindcast/monthly/regrid/r20260701,jmortloss_nsmp_100,1,396,396,1993-01-16,2025-12-16,fa2d4c0405,[100],[396],"[""[815, 341]""]","[""[100, 200, 200]""]",days since 1993-01-01,gregorian
northeast_pacific/full_domain/hindcast/monthly/regrid/r20260701,jprod_cadet_arag_100,1,396,396,1993-01-16,2025-12-16,fa2d4c0405,[100],[396],"[""[815, 341]""]","[""[100, 200, 200]""]",days since 1993-01-01,gregorian
northeast_pacific/full_domain/hindcast/monthly/regrid/r20260701,jprod_cadet_calc_100,1,396,396,1993-01-16,2025-12-16,fa2d4c0405,[100],[396],"[""[815, 341]""]","[""[100, 200, 200]""]",days since 1993-01-01,gregorian
northeast_pacific/full_domain/hindcast/monthly/regrid/r20260701,jprod_don_nmdz_100,1,396,396,1993-01-16,2025-12-16,fa2d4c0405,[100],[396],"[""[815, 341]""]","[""[100, 200, 200]""]",days since 1993-01-01,gregorian
northeast_pacific/full_domain/hindcast/monthly/regrid/r20260701,jprod_don_nsmz_100,1,396,396,1993-01-16,2025-12-16,fa2d4c0405,[100],[396],"[""[815, 341]""]","[""[100, 200, 200]""]",days since 1993-01-01,gregorian
northeast_pacific/full_domain/hindcast/monthly/regrid/r20260701,jprod_lithdet_100,1,396,396,1993-01-16,2025-12-16,fa2d4c0405,[100],[396],"[""[815, 341]""]","[""[100, 200, 200]""]",days since 1993-01-01,gregorian
northeast_pacific/full_domain/hindcast/monthly/regrid/r20260701,jprod_mesozoo_200,1,396,396,1993-01-16,2025-12-16,fa2d4c0405,[100],[396],"[""[815, 341]""]","[""[100, 200, 200]""]",days since 1993-01-01,gregorian
northeast_pacific/full_domain/hindcast/monthly/regrid/r20260701,jprod_nbact_100,1,396,396,1993-01-16,2025-12-16,fa2d4c0405,[100],[396],"[""[815, 341]""]","[""[100, 200, 200]""]",days since 1993-01-01,gregorian
northeast_pacific/full_domain/hindcast/monthly/regrid/r20260701,jprod_ndet_hp_100,1,396,396,1993-01-16,2025-12-16,fa2d4c0405,[100],[396],"[""[815, 341]""]","[""[100, 200, 200]""]",days since 1993-01-01,gregorian
northeast_pacific/full_domain/hindcast/monthly/regrid/r20260701,jprod_ndet_nlgz_100,1,396,396,1993-01-16,2025-12-16,fa2d4c0405,[100],[396],"[""[815, 341]""]","[""[100, 200, 200]""]",days since 1993-01-01,gregorian
northeast_pacific/full_domain/hindcast/monthly/regrid/r20260701,jprod_ndet_nmdz_100,1,396,396,1993-01-16,2025-12-16,fa2d4c0405,[100],[396],"[""[815, 341]""]","[""[100, 200, 200]""]",days since 1993-01-01,gregorian
northeast_pacific/full_domain/hindcast/monthly/regrid/r20260701,jprod_ndi_100,1,396,396,1993-01-16,2025-12-16,fa2d4c0405,[100],[396],"[""[815, 341]""]","[""[100, 200, 200]""]",days since 1993-01-01,gregorian
northeast_pacific/full_domain/hindcast/monthly/regrid/r20260701,jprod_ndi_n2_100,1,396,396,1993-01-16,2025-12-16,fa2d4c0405,[100],[396],"[""[815, 341]""]","[""[100, 200, 200]""]",days since 1993-01-01,gregorian
northeast_pacific/full_domain/hindcast/monthly/regrid/r20260701,jprod_ndi_new_100,1,396,396,1993-01-16,2025-12-16,fa2d4c0405,[100],[396],"[""[815, 341]""]","[""[100, 200, 200]""]",days since 1993-01-01,gregorian
northeast_pacific/full_domain/hindcast/monthly/regrid/r20260701,jprod_nlgp_100,1,396,396,1993-01-16,2025-12-16,fa2d4c0405,[100],[396],"[""[815, 341]""]","[""[100, 200, 200]""]",days since 1993-01-01,gregorian
northeast_pacific/full_domain/hindcast/monthly/regrid/r20260701,jprod_nlgp_new_100,1,396,396,1993-01-16,2025-12-16,fa2d4c0405,[100],[396],"[""[815, 341]""]","[""[100, 200, 200]""]",days since 1993-01-01,gregorian
northeast_pacific/full_domain/hindcast/monthly/regrid/r20260701,jprod_nlgz_100,1,396,396,1993-01-16,2025-12-16,fa2d4c0405,[100],[396],"[""[815, 341]""]","[""[100, 200, 200]""]",days since 1993-01-01,gregorian
northeast_pacific/full_domain/hindcast/monthly/regrid/r20260701,jprod_nmdp_100,1,396,396,1993-01-16,2025-12-16,fa2d4c0405,[100],[396],"[""[815, 341]""]","[""[100, 200, 200]""]",days since 1993-01-01,gregorian
northeast_pacific/full_domain/hindcast/monthly/regrid/r20260701,jprod_nmdp_new_100,1,396,396,1993-01-16,2025-12-16,fa2d4c0405,[100],[396],"[""[815, 341]""]","[""[100, 200, 200]""]",days since 1993-01-01,gregorian
northeast_pacific/full_domain/hindcast/monthly/regrid/r20260701,jprod_nmdz_100,1,396,396,1993-01-16,2025-12-16,fa2d4c0405,[100],[396],"[""[815, 341]""]","[""[100, 200, 200]""]",days since 1993-01-01,gregorian
northeast_pacific/full_domain/hindcast/monthly/regrid/r20260701,jprod_nsmp_100,1,396,396,1993-01-16,2025-12-16,fa2d4c0405,[100],[396],"[""[815, 341]""]","[""[100, 200, 200]""]",days since 1993-01-01,gregorian
northeast_pacific/full_domain/hindcast/monthly/regrid/r20260701,jprod_nsmp_new_100,1,396,396,1993-01-16,2025-12-16,fa2d4c0405,[100],[396],"[""[815, 341]""]","[""[100, 200, 200]""]",days since 1993-01-01,gregorian
northeast_pacific/full_domain/hindcast/monthly/regrid/r20260701,jprod_nsmz_100,1,396,396,1993-01-16,2025-12-16,fa2d4c0405,[100],[396],"[""[815, 341]""]","[""[100, 200, 200]""]",days since 1993-01-01,gregorian
northeast_pacific/full_domain/hindcast/monthly/regrid/r20260701,jprod_sidet_100,1,396,396,1993-01-16,2025-12-16,fa2d4c0405,[100],[396],"[""[815, 341]""]","[""[100, 200, 200]""]",days since 1993-01-01,gregorian
northeast_pacific/full_domain/hindcast/monthly/regrid/r20260701,jremin_n_hp_100,1,396,396,1993-01-16,2025-12-16,fa2d4c0405,[100],[396],"[""[815, 341]""]","[""[100, 200, 200]""]",days since 1993-01-01,gregorian
northeast_pacific/full_domain/hindcast/monthly/regrid/r20260701,jremin_n_nbact_100,1,396,396,1993-01-16,2025-12-16,fa2d4c0405,[100],[396],"[""[815, 341]""]","[""[100, 200, 200]""]",days since 1993-01-01,gregorian
northeast_pacific/full_domain/hindcast/monthly/regrid/r20260701,jremin_n_nlgz_100,1,396,396,1993-01-16,2025-12-16,fa2d4c0405,[100],[396],"[""[815, 341]""]","[""[100, 200, 200]""]",days since 1993-01-01,gregorian
northeast_pacific/full_domain/hindcast/monthly/regrid/r20260701,jremin_n_nmdz_100,1,396,396,1993-01-16,2025-12-16,fa2d4c0405,[100],[396],"[""[815, 341]""]","[""[100, 200, 200]""]",days since 1993-01-01,gregorian
northeast_pacific/full_domain/hindcast/monthly/regrid/r20260701,jremin_n_nsmz_100,1,396,396,1993-01-16,2025-12-16,fa2d4c0405,[100],[396],"[""[815, 341]""]","[""[100, 200, 200]""]",days since 1993-01-01,gregorian
northeast_pacific/full_domain/hindcast/monthly/regrid/r20260701,jremin_ndet_100,1,396,396,1993-01-16,2025-12-16,fa2d4c0405,[100],[396],"[""[815, 341]""]","[""[100, 200, 200]""]",days since 1993-01-01,gregorian
northeast_pacific/full_domain/hindcast/monthly/regrid/r20260701,juptake_ldon_nbact_100,1,396,396,1993-01-16,2025-12-16,fa2d4c0405,[100],[396],"[""[815, 341]""]","[""[100, 200, 200]""]",days since 1993-01-01,gregorian
northeast_pacific/full_domain/hindcast/monthly/regrid/r20260701,jvirloss_nbact_100,1,396,396,1993-01-16,2025-12-16,fa2d4c0405,[100],[396],"[""[815, 341]""]","[""[100, 200, 200]""]",days since 1993-01-01,gregorian
northeast_pacific/full_domain/hindcast/monthly/regrid/r20260701,jvirloss_nlgp_100,1,396,396,1993-01-16,2025-12-16,fa2d4c0405,[100],[396],"[""[815, 341]""]","[""[100, 200, 200]""]",days since 1993-01-01,gregorian
northeast_pacific/full_domain/hindcast/monthly/regrid/r20260701,jvirloss_nmdp_100,1,396,396,1993-01-16,2025-12-16,fa2d4c0405,[100],[396],"[""[815, 341]""]","[""[100, 200, 200]""]",days since 1993-01-01,gregorian
northeast_pacific/full_domain/hindcast/monthly/regrid/r20260701,jvirloss_nsmp_100,1,396,396,1993-01-16,2025-12-16,fa2d4c0405,[100],[396],"[""[815, 341]""]","[""[100, 200, 200]""]",days since 1993-01-01,gregorian
northeast_pacific/full_domain/hindcast/monthly/regrid/r20260701,jzloss_nbact_100,1,396,396,1993-01-16,2025-12-16,fa2d4c0405,[100],[396],"[""[815, 341]""]","[""[100, 200, 200]""]",days since 1993-01-01,gregorian
northeast_pacific/full_domain/hindcast/monthly/regrid/r20260701,jzloss_ndi_100,1,396,396,1993-01-16,2025-12-16,fa2d4c0405,[100],[396],"[""[815, 341]""]","[""[100, 200, 200]""]",days since 1993-01-01,gregorian
northeast_pacific/full_domain/hindcast/monthly/regrid/r20260701,jzloss_nlgp_100,1,396,396,1993-01-16,2025-12-16,fa2d4c0405,[100],[396],"[""[815, 341]""]","[""[100, 200, 200]""]",days since 1993-01-01,gregorian
northeast_pacific/full_domain/hindcast/monthly/regrid/r20260701,jzloss_nmdp_100,1,396,396,1993-01-16,2025-12-16,fa2d4c0405,[100],[396],"[""[815, 341]""]","[""[100, 200, 200]""]",days since 1993-01-01,gregorian
northeast_pacific/full_domain/hindcast/monthly/regrid/r20260701,jzloss_nmdz_100,1,396,396,1993-01-16,2025-12-16,fa2d4c0405,[100],[396],"[""[815, 341]""]","[""[100, 200, 200]""]",days since 1993-01-01,gregorian
northeast_pacific/full_domain/hindcast/monthly/regrid/r20260701,jzloss_nsmp_100,1,396,396,1993-01-16,2025-12-16,fa2d4c0405,[100],[396],"[""[815, 341]""]","[""[100, 200, 200]""]",days since 1993-01-01,gregorian
northeast_pacific/full_domain/hindcast/monthly/regrid/r20260701,jzloss_nsmz_100,1,396,396,1993-01-16,2025-12-16,fa2d4c0405,[100],[396],"[""[815, 341]""]","[""[100, 200, 200]""]",days since 1993-01-01,gregorian
northeast_pacific/full_domain/hindcast/monthly/regrid/r20260701,limfediat,1,396,396,1993-01-16,2025-12-16,fa2d4c0405,[100],[396],"[""[815, 341]""]","[""[100, 200, 200]""]",days since 1993-01-01,gregorian
northeast_pacific/full_domain/hindcast/monthly/regrid/r20260701,limfediaz,1,396,396,1993-01-16,2025-12-16,fa2d4c0405,[100],[396],"[""[815, 341]""]","[""[100, 200, 200]""]",days since 1993-01-01,gregorian
northeast_pacific/full_domain/hindcast/monthly/regrid/r20260701,limfemisc,1,396,396,1993-01-16,2025-12-16,fa2d4c0405,[100],[396],"[""[815, 341]""]","[""[100, 200, 200]""]",days since 1993-01-01,gregorian
northeast_pacific/full_domain/hindcast/monthly/regrid/r20260701,limfepico,1,396,396,1993-01-16,2025-12-16,fa2d4c0405,[100],[396],"[""[815, 341]""]","[""[100, 200, 200]""]",days since 1993-01-01,gregorian
northeast_pacific/full_domain/hindcast/monthly/regrid/r20260701,limirrdiat,1,396,396,1993-01-16,2025-12-16,fa2d4c0405,[100],[396],"[""[815, 341]""]","[""[100, 200, 200]""]",days since 1993-01-01,gregorian
northeast_pacific/full_domain/hindcast/monthly/regrid/r20260701,limirrdiaz,1,396,396,1993-01-16,2025-12-16,fa2d4c0405,[100],[396],"[""[815, 341]""]","[""[100, 200, 200]""]",days since 1993-01-01,gregorian
northeast_pacific/full_domain/hindcast/monthly/regrid/r20260701,limirrmisc,1,396,396,1993-01-16,2025-12-16,fa2d4c0405,[100],[396],"[""[815, 341]""]","[""[100, 200, 200]""]",days since 1993-01-01,gregorian
northeast_pacific/full_domain/hindcast/monthly/regrid/r20260701,limirrpico,1,396,396,1993-01-16,2025-12-16,fa2d4c0405,[100],[396],"[""[815, 341]""]","[""[100, 200, 200]""]",days since 1993-01-01,gregorian
northeast_pacific/full_domain/hindcast/monthly/regrid/r20260701,limndiat,1,396,396,1993-01-16,2025-12-16,fa2d4c0405,[100],[396],"[""[815, 341]""]","[""[100, 200, 200]""]",days since 1993-01-01,gregorian
northeast_pacific/full_domain/hindcast/monthly/regrid/r20260701,limnmisc,1,396,396,1993-01-16,2025-12-16,fa2d4c0405,[100],[396],"[""[815, 341]""]","[""[100, 200, 200]""]",days since 1993-01-01,gregorian
northeast_pacific/full_domain/hindcast/monthly/regrid/r20260701,limnpico,1,396,396,1993-01-16,2025-12-16,fa2d4c0405,[100],[396],"[""[815, 341]""]","[""[100, 200, 200]""]",days since 1993-01-01,gregorian
northeast_pacific/full_domain/hindcast/monthly/regrid/r20260701,limpdiat,1,396,396,1993-01-16,2025-12-16,fa2d4c0405,[100],[396],"[""[815, 341]""]","[""[100, 200, 200]""]",days since 1993-01-01,gregorian
northeast_pacific/full_domain/hindcast/monthly/regrid/r20260701,limpdiaz,1,396,396,1993-01-16,2025-12-16,fa2d4c0405,[100],[396],"[""[815, 341]""]","[""[100, 200, 200]""]",days since 1993-01-01,gregorian
northeast_pacific/full_domain/hindcast/monthly/regrid/r20260701,limpmisc,1,396,396,1993-01-16,2025-12-16,fa2d4c0405,[100],[396],"[""[815, 341]""]","[""[100, 200, 200]""]",days since 1993-01-01,gregorian
northeast_pacific/full_domain/hindcast/monthly/regrid/r20260701,limppico,1,396,396,1993-01-16,2025-12-16,fa2d4c0405,[100],[396],"[""[815, 341]""]","[""[100, 200, 200]""]",days since 1993-01-01,gregorian
northeast_pacific/full_domain/hindcast/monthly/regrid/r20260701,mesozoo_200,1,396,396,1993-01-16,2025-12-16,fa2d4c0405,[100],[396],"[""[815, 341]""]","[""[100, 200, 200]""]",days since 1993-01-01,gregorian
northeast_pacific/full_domain/hindcast/monthly/regrid/r20260701,mlotstmax,1,396,396,1993-01-16,2025-12-16,fa2d4c0405,[100],[396],"[""[815, 341]""]","[""[100, 200, 200]""]",days since 1993-01-01,gregorian
northeast_pacific/full_domain/hindcast/monthly/regrid/r20260701,mlotstmin,1,396,396,1993-01-16,2025-12-16,fa2d4c0405,[100],[396],"[""[815, 341]""]","[""[100, 200, 200]""]",days since 1993-01-01,gregorian
northeast_pacific/full_domain/hindcast/monthly/regrid/r20260701,mu_Di,1,396,396,1993-01-16,2025-12-16,fa2d4c0405,[100],[396],"[""[52, 815, 341]""]","[""[100, 10, 200, 200]""]",days since 1993-01-01,gregorian
northeast_pacific/full_domain/hindcast/monthly/regrid/r20260701,mu_Lg,1,396,396,1993-01-16,2025-12-16,fa2d4c0405,[100],[396],"[""[52, 815, 341]""]","[""[100, 10, 200, 200]""]",days since 1993-01-01,gregorian
northeast_pacific/full_domain/hindcast/monthly/regrid/r20260701,mu_Md,1,396,396,1993-01-16,2025-12-16,fa2d4c0405,[100],[396],"[""[52, 815, 341]""]","[""[100, 10, 200, 200]""]",days since 1993-01-01,gregorian
northeast_pacific/full_domain/hindcast/monthly/regrid/r20260701,mu_Sm,1,396,396,1993-01-16,2025-12-16,fa2d4c0405,[100],[396],"[""[52, 815, 341]""]","[""[100, 10, 200, 200]""]",days since 1993-01-01,gregorian
northeast_pacific/full_domain/hindcast/monthly/regrid/r20260701,nbact,1,396,396,1993-01-16,2025-12-16,fa2d4c0405,[100],[396],"[""[52, 815, 341]""]","[""[100, 10, 200, 200]""]",days since 1993-01-01,gregorian
northeast_pacific/full_domain/hindcast/monthly/regrid/r20260701,nbact_100,1,396,396,1993-01-16,2025-12-16,fa2d4c0405,[100],[396],"[""[815, 341]""]","[""[100, 200, 200]""]",days since 1993-01-01,gregorian
northeast_pacific/full_domain/hindcast/monthly/regrid/r20260701,ndet,1,396,396,1993-01-16,2025-12-16,fa2d4c0405,[100],[396],"[""[52, 815, 341]""]","[""[100, 10, 200, 200]""]",days since 1993-01-01,gregorian
northeast_pacific/full_domain/hindcast/monthly/regrid/r20260701,ndet_100,1,396,396,1993-01-16,2025-12-16,fa2d4c0405,[100],[396],"[""[815, 341]""]","[""[100, 200, 200]""]",days since 1993-01-01,gregorian
northeast_pacific/full_domain/hindcast/monthly/regrid/r20260701,ndi,1,396,396,1993-01-16,2025-12-16,fa2d4c0405,[100],[396],"[""[52, 815, 341]""]","[""[100, 10, 200, 200]""]",days since 1993-01-01,gregorian
northeast_pacific/full_domain/hindcast/monthly/regrid/r20260701,ndi_100,1,396,396,1993-01-16,2025-12-16,fa2d4c0405,[100],[396],"[""[815, 341]""]","[""[100, 200, 200]""]",days since 1993-01-01,gregorian
northeast_pacific/full_domain/hindcast/monthly/regrid/r20260701,net_heat_coupler,1,396,396,1993-01-16,2025-12-16,fa2d4c0405,[100],[396],"[""[815, 341]""]","[""[100, 200, 200]""]",days since 1993-01-01,gregorian
northeast_pacific/full_domain/hindcast/monthly/regrid/r20260701,net_massin,1,396,396,1993-01-16,2025-12-16,fa2d4c0405,[100],[396],"[""[815, 341]""]","[""[100, 200, 200]""]",days since 1993-01-01,gregorian
northeast_pacific/full_domain/hindcast/monthly/regrid/r20260701,net_massout,1,396,396,1993-01-16,2025-12-16,fa2d4c0405,[100],[396],"[""[815, 341]""]","[""[100, 200, 200]""]",days since 1993-01-01,gregorian
northeast_pacific/full_domain/hindcast/monthly/regrid/r20260701,nh4,1,396,396,1993-01-16,2025-12-16,fa2d4c0405,[100],[396],"[""[52, 815, 341]""]","[""[100, 10, 200, 200]""]",days since 1993-01-01,gregorian
northeast_pacific/full_domain/hindcast/monthly/regrid/r20260701,nh4_stf,1,396,396,1993-01-16,2025-12-16,fa2d4c0405,[100],[396],"[""[815, 341]""]","[""[100, 200, 200]""]",days since 1993-01-01,gregorian
northeast_pacific/full_domain/hindcast/monthly/regrid/r20260701,nh4os,1,396,396,1993-01-16,2025-12-16,fa2d4c0405,[100],[396],"[""[815, 341]""]","[""[100, 200, 200]""]",days since 1993-01-01,gregorian
northeast_pacific/full_domain/hindcast/monthly/regrid/r20260701,nlg,1,396,396,1993-01-16,2025-12-16,fa2d4c0405,[100],[396],"[""[52, 815, 341]""]","[""[100, 10, 200, 200]""]",days since 1993-01-01,gregorian
northeast_pacific/full_domain/hindcast/monthly/regrid/r20260701,nlgp_100,1,396,396,1993-01-16,2025-12-16,fa2d4c0405,[100],[396],"[""[815, 341]""]","[""[100, 200, 200]""]",days since 1993-01-01,gregorian
northeast_pacific/full_domain/hindcast/monthly/regrid/r20260701,nlgz,1,396,396,1993-01-16,2025-12-16,fa2d4c0405,[100],[396],"[""[52, 815, 341]""]","[""[100, 10, 200, 200]""]",days since 1993-01-01,gregorian
northeast_pacific/full_domain/hindcast/monthly/regrid/r20260701,nlgz_100,1,396,396,1993-01-16,2025-12-16,fa2d4c0405,[100],[396],"[""[815, 341]""]","[""[100, 200, 200]""]",days since 1993-01-01,gregorian
northeast_pacific/full_domain/hindcast/monthly/regrid/r20260701,nmd,1,396,396,1993-01-16,2025-12-16,fa2d4c0405,[100],[396],"[""[52, 815, 341]""]","[""[100, 10, 200, 200]""]",days since 1993-01-01,gregorian
northeast_pacific/full_domain/hindcast/monthly/regrid/r20260701,nmdp_100,1,396,396,1993-01-16,2025-12-16,fa2d4c0405,[100],[396],"[""[815, 341]""]","[""[100, 200, 200]""]",days since 1993-01-01,gregorian
northeast_pacific/full_domain/hindcast/monthly/regrid/r20260701,nmdz,1,396,396,1993-01-16,2025-12-16,fa2d4c0405,[100],[396],"[""[52, 815, 341]""]","[""[100, 10, 200, 200]""]",days since 1993-01-01,gregorian
northeast_pacific/full_domain/hindcast/monthly/regrid/r20260701,nmdz_100,1,396,396,1993-01-16,2025-12-16,fa2d4c0405,[100],[396],"[""[815, 341]""]","[""[100, 200, 200]""]",days since 1993-01-01,gregorian
northeast_pacific/full_domain/hindcast/monthly/regrid/r20260701,no3,1,396,396,1993-01-16,2025-12-16,fa2d4c0405,[100],[396],"[""[52, 815, 341]""]","[""[100, 10, 200, 200]""]",days since 1993-01-01,gregorian
northeast_pacific/full_domain/hindcast/monthly/regrid/r20260701,no3os,1,396,396,1993-01-16,2025-12-16,fa2d4c0405,[100],[396],"[""[815, 341]""]","[""[100, 200, 200]""]",days since 1993-01-01,gregorian
northeast_pacific/full_domain/hindcast/monthly/regrid/r20260701,nsm,1,396,396,1993-01-16,2025-12-16,fa2d4c0405,[100],[396],"[""[52, 815, 341]""]","[""[100, 10, 200, 200]""]",days since 1993-01-01,gregorian
northeast_pacific/full_domain/hindcast/monthly/regrid/r20260701,nsmp_100,1,396,396,1993-01-16,2025-12-16,fa2d4c0405,[100],[396],"[""[815, 341]""]","[""[100, 200, 200]""]",days since 1993-01-01,gregorian
northeast_pacific/full_domain/hindcast/monthly/regrid/r20260701,nsmz,1,396,396,1993-01-16,2025-12-16,fa2d4c0405,[100],[396],"[""[52, 815, 341]""]","[""[100, 10, 200, 200]""]",days since 1993-01-01,gregorian
northeast_pacific/full_domain/hindcast/monthly/regrid/r20260701,nsmz_100,1,396,396,1993-01-16,2025-12-16,fa2d4c0405,[100],[396],"[""[815, 341]""]","[""[100, 200, 200]""]",days since 1993-01-01,gregorian
northeast_pacific/full_domain/hindcast/monthly/regrid/r20260701,o2,1,396,396,1993-01-16,2025-12-16,fa2d4c0405,[100],[396],"[""[52, 815, 341]""]","[""[100, 10, 200, 200]""]",days since 1993-01-01,gregorian
northeast_pacific/full_domain/hindcast/monthly/regrid/r20260701,o2_alpha,1,396,396,1993-01-16,2025-12-16,fa2d4c0405,[100],[396],"[""[815, 341]""]","[""[100, 200, 200]""]",days since 1993-01-01,gregorian
northeast_pacific/full_domain/hindcast/monthly/regrid/r20260701,o2_csurf,1,396,396,1993-01-16,2025-12-16,fa2d4c0405,[100],[396],"[""[815, 341]""]","[""[100, 200, 200]""]",days since 1993-01-01,gregorian
northeast_pacific/full_domain/hindcast/monthly/regrid/r20260701,o2_deltap,1,396,396,1993-01-16,2025-12-16,fa2d4c0405,[100],[396],"[""[815, 341]""]","[""[100, 200, 200]""]",days since 1993-01-01,gregorian
northeast_pacific/full_domain/hindcast/monthly/regrid/r20260701,o2_kw,1,396,396,1993-01-16,2025-12-16,fa2d4c0405,[100],[396],"[""[815, 341]""]","[""[100, 200, 200]""]",days since 1993-01-01,gregorian
northeast_pacific/full_domain/hindcast/monthly/regrid/r20260701,o2_sc_no,1,396,396,1993-01-16,2025-12-16,fa2d4c0405,[100],[396],"[""[815, 341]""]","[""[100, 200, 200]""]",days since 1993-01-01,gregorian
northeast_pacific/full_domain/hindcast/monthly/regrid/r20260701,o2_stf_gas,1,396,396,1993-01-16,2025-12-16,fa2d4c0405,[100],[396],"[""[815, 341]""]","[""[100, 200, 200]""]",days since 1993-01-01,gregorian
northeast_pacific/full_domain/hindcast/monthly/regrid/r20260701,o2max,1,396,396,1993-01-16,2025-12-16,fa2d4c0405,[100],[396],"[""[52, 815, 341]""]","[""[100, 10, 200, 200]""]",days since 1993-01-01,gregorian
northeast_pacific/full_domain/hindcast/monthly/regrid/r20260701,o2min,1,396,396,1993-01-16,2025-12-16,fa2d4c0405,[100],[396],"[""[52, 815, 341]""]","[""[100, 10, 200, 200]""]",days since 1993-01-01,gregorian
northeast_pacific/full_domain/hindcast/monthly/regrid/r20260701,o2os,1,396,396,1993-01-16,2025-12-16,fa2d4c0405,[100],[396],"[""[815, 341]""]","[""[100, 200, 200]""]",days since 1993-01-01,gregorian
northeast_pacific/full_domain/hindcast/monthly/regrid/r20260701,o2satos,1,396,396,1993-01-16,2025-12-16,fa2d4c0405,[100],[396],"[""[815, 341]""]","[""[100, 200, 200]""]",days since 1993-01-01,gregorian
northeast_pacific/full_domain/hindcast/monthly/regrid/r20260701,ocfriver,1,396,396,1993-01-16,2025-12-16,fa2d4c0405,[100],[396],"[""[815, 341]""]","[""[100, 200, 200]""]",days since 1993-01-01,gregorian
northeast_pacific/full_domain/hindcast/monthly/regrid/r20260701,omega_arag,1,396,396,1993-01-16,2025-12-16,fa2d4c0405,[100],[396],"[""[52, 815, 341]""]","[""[100, 10, 200, 200]""]",days since 1993-01-01,gregorian
northeast_pacific/full_domain/hindcast/monthly/regrid/r20260701,omega_calc,1,396,396,1993-01-16,2025-12-16,fa2d4c0405,[100],[396],"[""[52, 815, 341]""]","[""[100, 10, 200, 200]""]",days since 1993-01-01,gregorian
northeast_pacific/full_domain/hindcast/monthly/regrid/r20260701,pbo,1,396,396,1993-01-16,2025-12-16,fa2d4c0405,[100],[396],"[""[815, 341]""]","[""[100, 200, 200]""]",days since 1993-01-01,gregorian
northeast_pacific/full_domain/hindcast/monthly/regrid/r20260701,pco2surf,1,396,396,1993-01-16,2025-12-16,fa2d4c0405,[100],[396],"[""[815, 341]""]","[""[100, 200, 200]""]",days since 1993-01-01,gregorian
northeast_pacific/full_domain/hindcast/monthly/regrid/r20260701,pdi,1,396,396,1993-01-16,2025-12-16,fa2d4c0405,[100],[396],"[""[52, 815, 341]""]","[""[100, 10, 200, 200]""]",days since 1993-01-01,gregorian
northeast_pacific/full_domain/hindcast/monthly/regrid/r20260701,phos,1,396,396,1993-01-16,2025-12-16,fa2d4c0405,[100],[396],"[""[815, 341]""]","[""[100, 200, 200]""]",days since 1993-01-01,gregorian
northeast_pacific/full_domain/hindcast/monthly/regrid/r20260701,phycos,1,396,396,1993-01-16,2025-12-16,fa2d4c0405,[100],[396],"[""[815, 341]""]","[""[100, 200, 200]""]",days since 1993-01-01,gregorian
northeast_pacific/full_domain/hindcast/monthly/regrid/r20260701,phydiatos,1,396,396,1993-01-16,2025-12-16,fa2d4c0405,[100],[396],"[""[815, 341]""]","[""[100, 200, 200]""]",days since 1993-01-01,gregorian
northeast_pacific/full_domain/hindcast/monthly/regrid/r20260701,phydiazos,1,396,396,1993-01-16,2025-12-16,fa2d4c0405,[100],[396],"[""[815, 341]""]","[""[100, 200, 200]""]",days since 1993-01-01,gregorian
northeast_pacific/full_domain/hindcast/monthly/regrid/r20260701,phyfeos,1,396,396,1993-01-16,2025-12-16,fa2d4c0405,[100],[396],"[""[815, 341]""]","[""[100, 200, 200]""]",days since 1993-01-01,gregorian
northeast_pacific/full_domain/hindcast/monthly/regrid/r20260701,phymiscos,1,396,396,1993-01-16,2025-12-16,fa2d4c0405,[100],[396],"[""[815, 341]""]","[""[100, 200, 200]""]",days since 1993-01-01,gregorian
northeast_pacific/full_domain/hindcast/monthly/regrid/r20260701,phynos,1,396,396,1993-01-16,2025-12-16,fa2d4c0405,[100],[396],"[""[815, 341]""]","[""[100, 200, 200]""]",days since 1993-01-01,gregorian
northeast_pacific/full_domain/hindcast/monthly/regrid/r20260701,phypicoos,1,396,396,1993-01-16,2025-12-16,fa2d4c0405,[100],[396],"[""[815, 341]""]","[""[100, 200, 200]""]",days since 1993-01-01,gregorian
northeast_pacific/full_domain/hindcast/monthly/regrid/r20260701,phypos,1,396,396,1993-01-16,2025-12-16,fa2d4c0405,[100],[396],"[""[815, 341]""]","[""[100, 200, 200]""]",days since 1993-01-01,gregorian
northeast_pacific/full_domain/hindcast/monthly/regrid/r20260701,physios,1,396,396,1993-01-16,2025-12-16,fa2d4c0405,[100],[396],"[""[815, 341]""]","[""[100, 200, 200]""]",days since 1993-01-01,gregorian
northeast_pacific/full_domain/hindcast/monthly/regrid/r20260701,plg,1,396,396,1993-01-16,2025-12-16,fa2d4c0405,[100],[396],"[""[52, 815, 341]""]","[""[100, 10, 200, 200]""]",days since 1993-01-01,gregorian
northeast_pacific/full_domain/hindcast/monthly/regrid/r20260701,pmd,1,396,396,1993-01-16,2025-12-16,fa2d4c0405,[100],[396],"[""[52, 815, 341]""]","[""[100, 10, 200, 200]""]",days since 1993-01-01,gregorian
northeast_pacific/full_domain/hindcast/monthly/regrid/r20260701,po4,1,396,396,1993-01-16,2025-12-16,fa2d4c0405,[100],[396],"[""[52, 815, 341]""]","[""[100, 10, 200, 200]""]",days since 1993-01-01,gregorian
northeast_pacific/full_domain/hindcast/monthly/regrid/r20260701,po4os,1,396,396,1993-01-16,2025-12-16,fa2d4c0405,[100],[396],"[""[815, 341]""]","[""[100, 200, 200]""]",days since 1993-01-01,gregorian
northeast_pacific/full_domain/hindcast/monthly/regrid/r20260701,ponos,1,396,396,1993-01-16,2025-12-16,fa2d4c0405,[100],[396],"[""[815, 341]""]","[""[100, 200, 200]""]",days since 1993-01-01,gregorian
northeast_pacific/full_domain/hindcast/monthly/regrid/r20260701,popos,1,396,396,1993-01-16,2025-12-16,fa2d4c0405,[100],[396],"[""[815, 341]""]","[""[100, 200, 200]""]",days since 1993-01-01,gregorian
northeast_pacific/full_domain/hindcast/monthly/regrid/r20260701,prlq,1,396,396,1993-01-16,2025-12-16,fa2d4c0405,[100],[396],"[""[815, 341]""]","[""[100, 200, 200]""]",days since 1993-01-01,gregorian
northeast_pacific/full_domain/hindcast/monthly/regrid/r20260701,prsn,1,396,396,1993-01-16,2025-12-16,fa2d4c0405,[100],[396],"[""[815, 341]""]","[""[100, 200, 200]""]",days since 1993-01-01,gregorian
northeast_pacific/full_domain/hindcast/monthly/regrid/r20260701,psm,1,396,396,1993-01-16,2025-12-16,fa2d4c0405,[100],[396],"[""[52, 815, 341]""]","[""[100, 10, 200, 200]""]",days since 1993-01-01,gregorian
northeast_pacific/full_domain/hindcast/monthly/regrid/r20260701,q_p_2_n_Di,1,396,396,1993-01-16,2025-12-16,fa2d4c0405,[100],[396],"[""[52, 815, 341]""]","[""[100, 10, 200, 200]""]",days since 1993-01-01,gregorian
northeast_pacific/full_domain/hindcast/monthly/regrid/r20260701,q_p_2_n_Lg,1,396,396,1993-01-16,2025-12-16,fa2d4c0405,[100],[396],"[""[52, 815, 341]""]","[""[100, 10, 200, 200]""]",days since 1993-01-01,gregorian
northeast_pacific/full_domain/hindcast/monthly/regrid/r20260701,q_p_2_n_Md,1,396,396,1993-01-16,2025-12-16,fa2d4c0405,[100],[396],"[""[52, 815, 341]""]","[""[100, 10, 200, 200]""]",days since 1993-01-01,gregorian
northeast_pacific/full_domain/hindcast/monthly/regrid/r20260701,q_p_2_n_Sm,1,396,396,1993-01-16,2025-12-16,fa2d4c0405,[100],[396],"[""[52, 815, 341]""]","[""[100, 10, 200, 200]""]",days since 1993-01-01,gregorian
northeast_pacific/full_domain/hindcast/monthly/regrid/r20260701,rhoinsitu,1,396,396,1993-01-16,2025-12-16,fa2d4c0405,[100],[396],"[""[52, 815, 341]""]","[""[100, 10, 200, 200]""]",days since 1993-01-01,gregorian
northeast_pacific/full_domain/hindcast/monthly/regrid/r20260701,rhopot0,1,396,396,1993-01-16,2025-12-16,fa2d4c0405,[100],[396],"[""[52, 815, 341]""]","[""[100, 10, 200, 200]""]",days since 1993-01-01,gregorian
northeast_pacific/full_domain/hindcast/monthly/regrid/r20260701,rlntds,1,396,396,1993-01-16,2025-12-16,fa2d4c0405,[100],[396],"[""[815, 341]""]","[""[100, 200, 200]""]",days since 1993-01-01,gregorian
northeast_pacific/full_domain/hindcast/monthly/regrid/r20260701,rsdo,1,396,396,1993-01-16,2025-12-16,fa2d4c0405,[100],[396],"[""[76, 815, 341]""]","[""[100, 10, 200, 200]""]",days since 1993-01-01,gregorian
northeast_pacific/full_domain/hindcast/monthly/regrid/r20260701,rsntds,1,396,396,1993-01-16,2025-12-16,fa2d4c0405,[100],[396],"[""[815, 341]""]","[""[100, 200, 200]""]",days since 1993-01-01,gregorian
northeast_pacific/full_domain/hindcast/monthly/regrid/r20260701,runoff_flux_alk,1,396,396,1993-01-16,2025-12-16,fa2d4c0405,[100],[396],"[""[815, 341]""]","[""[100, 200, 200]""]",days since 1993-01-01,gregorian
northeast_pacific/full_domain/hindcast/monthly/regrid/r20260701,runoff_flux_dic,1,396,396,1993-01-16,2025-12-16,fa2d4c0405,[100],[396],"[""[815, 341]""]","[""[100, 200, 200]""]",days since 1993-01-01,gregorian
northeast_pacific/full_domain/hindcast/monthly/regrid/r20260701,runoff_flux_fed,1,396,396,1993-01-16,2025-12-16,fa2d4c0405,[100],[396],"[""[815, 341]""]","[""[100, 200, 200]""]",days since 1993-01-01,gregorian
northeast_pacific/full_domain/hindcast/monthly/regrid/r20260701,runoff_flux_ldon,1,396,396,1993-01-16,2025-12-16,fa2d4c0405,[100],[396],"[""[815, 341]""]","[""[100, 200, 200]""]",days since 1993-01-01,gregorian
northeast_pacific/full_domain/hindcast/monthly/regrid/r20260701,runoff_flux_ldop,1,396,396,1993-01-16,2025-12-16,fa2d4c0405,[100],[396],"[""[815, 341]""]","[""[100, 200, 200]""]",days since 1993-01-01,gregorian
northeast_pacific/full_domain/hindcast/monthly/regrid/r20260701,runoff_flux_lith,1,396,396,1993-01-16,2025-12-16,fa2d4c0405,[100],[396],"[""[815, 341]""]","[""[100, 200, 200]""]",days since 1993-01-01,gregorian
northeast_pacific/full_domain/hindcast/monthly/regrid/r20260701,runoff_flux_ndet,1,396,396,1993-01-16,2025-12-16,fa2d4c0405,[100],[396],"[""[815, 341]""]","[""[100, 200, 200]""]",days since 1993-01-01,gregorian
northeast_pacific/full_domain/hindcast/monthly/regrid/r20260701,runoff_flux_no3,1,396,396,1993-01-16,2025-12-16,fa2d4c0405,[100],[396],"[""[815, 341]""]","[""[100, 200, 200]""]",days since 1993-01-01,gregorian
northeast_pacific/full_domain/hindcast/monthly/regrid/r20260701,runoff_flux_pdet,1,396,396,1993-01-16,2025-12-16,fa2d4c0405,[100],[396],"[""[815, 341]""]","[""[100, 200, 200]""]",days since 1993-01-01,gregorian
northeast_pacific/full_domain/hindcast/monthly/regrid/r20260701,runoff_flux_po4,1,396,396,1993-01-16,2025-12-16,fa2d4c0405,[100],[396],"[""[815, 341]""]","[""[100, 200, 200]""]",days since 1993-01-01,gregorian
northeast_pacific/full_domain/hindcast/monthly/regrid/r20260701,runoff_flux_sldon,1,396,396,1993-01-16,2025-12-16,fa2d4c0405,[100],[396],"[""[815, 341]""]","[""[100, 200, 200]""]",days since 1993-01-01,gregorian
northeast_pacific/full_domain/hindcast/monthly/regrid/r20260701,runoff_flux_sldop,1,396,396,1993-01-16,2025-12-16,fa2d4c0405,[100],[396],"[""[815, 341]""]","[""[100, 200, 200]""]",days since 1993-01-01,gregorian
northeast_pacific/full_domain/hindcast/monthly/regrid/r20260701,runoff_flux_srdon,1,396,396,1993-01-16,2025-12-16,fa2d4c0405,[100],[396],"[""[815, 341]""]","[""[100, 200, 200]""]",days since 1993-01-01,gregorian
northeast_pacific/full_domain/hindcast/monthly/regrid/r20260701,runoff_flux_srdop,1,396,396,1993-01-16,2025-12-16,fa2d4c0405,[100],[396],"[""[815, 341]""]","[""[100, 200, 200]""]",days since 1993-01-01,gregorian
northeast_pacific/full_domain/hindcast/monthly/regrid/r20260701,sfc_co3_ion,1,396,396,1993-01-16,2025-12-16,fa2d4c0405,[100],[396],"[""[815, 341]""]","[""[100, 200, 200]""]",days since 1993-01-01,gregorian
northeast_pacific/full_domain/hindcast/monthly/regrid/r20260701,sfc_co3_sol_arag,1,396,396,1993-01-16,2025-12-16,fa2d4c0405,[100],[396],"[""[815, 341]""]","[""[100, 200, 200]""]",days since 1993-01-01,gregorian
northeast_pacific/full_domain/hindcast/monthly/regrid/r20260701,sfc_co3_sol_calc,1,396,396,1993-01-16,2025-12-16,fa2d4c0405,[100],[396],"[""[815, 341]""]","[""[100, 200, 200]""]",days since 1993-01-01,gregorian
northeast_pacific/full_domain/hindcast/monthly/regrid/r20260701,sfc_def_fe_di,1,396,396,1993-01-16,2025-12-16,fa2d4c0405,[100],[396],"[""[815, 341]""]","[""[100, 200, 200]""]",days since 1993-01-01,gregorian
northeast_pacific/full_domain/hindcast/monthly/regrid/r20260701,sfc_def_fe_lgp,1,396,396,1993-01-16,2025-12-16,fa2d4c0405,[100],[396],"[""[815, 341]""]","[""[100, 200, 200]""]",days since 1993-01-01,gregorian
northeast_pacific/full_domain/hindcast/monthly/regrid/r20260701,sfc_def_fe_mdp,1,396,396,1993-01-16,2025-12-16,fa2d4c0405,[100],[396],"[""[815, 341]""]","[""[100, 200, 200]""]",days since 1993-01-01,gregorian
northeast_pacific/full_domain/hindcast/monthly/regrid/r20260701,sfc_def_fe_smp,1,396,396,1993-01-16,2025-12-16,fa2d4c0405,[100],[396],"[""[815, 341]""]","[""[100, 200, 200]""]",days since 1993-01-01,gregorian
northeast_pacific/full_domain/hindcast/monthly/regrid/r20260701,sfc_felim_di,1,396,396,1993-01-16,2025-12-16,fa2d4c0405,[100],[396],"[""[815, 341]""]","[""[100, 200, 200]""]",days since 1993-01-01,gregorian
northeast_pacific/full_domain/hindcast/monthly/regrid/r20260701,sfc_felim_lgp,1,396,396,1993-01-16,2025-12-16,fa2d4c0405,[100],[396],"[""[815, 341]""]","[""[100, 200, 200]""]",days since 1993-01-01,gregorian
northeast_pacific/full_domain/hindcast/monthly/regrid/r20260701,sfc_felim_mdp,1,396,396,1993-01-16,2025-12-16,fa2d4c0405,[100],[396],"[""[815, 341]""]","[""[100, 200, 200]""]",days since 1993-01-01,gregorian
northeast_pacific/full_domain/hindcast/monthly/regrid/r20260701,sfc_felim_smp,1,396,396,1993-01-16,2025-12-16,fa2d4c0405,[100],[396],"[""[815, 341]""]","[""[100, 200, 200]""]",days since 1993-01-01,gregorian
northeast_pacific/full_domain/hindcast/monthly/regrid/r20260701,sfc_irrlim_di,1,396,396,1993-01-16,2025-12-16,fa2d4c0405,[100],[396],"[""[815, 341]""]","[""[100, 200, 200]""]",days since 1993-01-01,gregorian
northeast_pacific/full_domain/hindcast/monthly/regrid/r20260701,sfc_irrlim_lgp,1,396,396,1993-01-16,2025-12-16,fa2d4c0405,[100],[396],"[""[815, 341]""]","[""[100, 200, 200]""]",days since 1993-01-01,gregorian
northeast_pacific/full_domain/hindcast/monthly/regrid/r20260701,sfc_irrlim_mdp,1,396,396,1993-01-16,2025-12-16,fa2d4c0405,[100],[396],"[""[815, 341]""]","[""[100, 200, 200]""]",days since 1993-01-01,gregorian
northeast_pacific/full_domain/hindcast/monthly/regrid/r20260701,sfc_irrlim_smp,1,396,396,1993-01-16,2025-12-16,fa2d4c0405,[100],[396],"[""[815, 341]""]","[""[100, 200, 200]""]",days since 1993-01-01,gregorian
northeast_pacific/full_domain/hindcast/monthly/regrid/r20260701,sfc_mu_di,1,396,396,1993-01-16,2025-12-16,fa2d4c0405,[100],[396],"[""[815, 341]""]","[""[100, 200, 200]""]",days since 1993-01-01,gregorian
northeast_pacific/full_domain/hindcast/monthly/regrid/r20260701,sfc_mu_lgp,1,396,396,1993-01-16,2025-12-16,fa2d4c0405,[100],[396],"[""[815, 341]""]","[""[100, 200, 200]""]",days since 1993-01-01,gregorian
northeast_pacific/full_domain/hindcast/monthly/regrid/r20260701,sfc_mu_mdp,1,396,396,1993-01-16,2025-12-16,fa2d4c0405,[100],[396],"[""[815, 341]""]","[""[100, 200, 200]""]",days since 1993-01-01,gregorian
northeast_pacific/full_domain/hindcast/monthly/regrid/r20260701,sfc_mu_smp,1,396,396,1993-01-16,2025-12-16,fa2d4c0405,[100],[396],"[""[815, 341]""]","[""[100, 200, 200]""]",days since 1993-01-01,gregorian
northeast_pacific/full_domain/hindcast/monthly/regrid/r20260701,sfc_nh4lim_lgp,1,396,396,1993-01-16,2025-12-16,fa2d4c0405,[100],[396],"[""[815, 341]""]","[""[100, 200, 200]""]",days since 1993-01-01,gregorian
northeast_pacific/full_domain/hindcast/monthly/regrid/r20260701,sfc_nh4lim_mdp,1,396,396,1993-01-16,2025-12-16,fa2d4c0405,[100],[396],"[""[815, 341]""]","[""[100, 200, 200]""]",days since 1993-01-01,gregorian
northeast_pacific/full_domain/hindcast/monthly/regrid/r20260701,sfc_nh4lim_smp,1,396,396,1993-01-16,2025-12-16,fa2d4c0405,[100],[396],"[""[815, 341]""]","[""[100, 200, 200]""]",days since 1993-01-01,gregorian
northeast_pacific/full_domain/hindcast/monthly/regrid/r20260701,sfc_no3,1,396,396,1993-01-16,2025-12-16,fa2d4c0405,[100],[396],"[""[815, 341]""]","[""[100, 200, 200]""]",days since 1993-01-01,gregorian
northeast_pacific/full_domain/hindcast/monthly/regrid/r20260701,sfc_no3lim_lgp,1,396,396,1993-01-16,2025-12-16,fa2d4c0405,[100],[396],"[""[815, 341]""]","[""[100, 200, 200]""]",days since 1993-01-01,gregorian
northeast_pacific/full_domain/hindcast/monthly/regrid/r20260701,sfc_no3lim_mdp,1,396,396,1993-01-16,2025-12-16,fa2d4c0405,[100],[396],"[""[815, 341]""]","[""[100, 200, 200]""]",days since 1993-01-01,gregorian
northeast_pacific/full_domain/hindcast/monthly/regrid/r20260701,sfc_no3lim_smp,1,396,396,1993-01-16,2025-12-16,fa2d4c0405,[100],[396],"[""[815, 341]""]","[""[100, 200, 200]""]",days since 1993-01-01,gregorian
northeast_pacific/full_domain/hindcast/monthly/regrid/r20260701,sfc_po4,1,396,396,1993-01-16,2025-12-16,fa2d4c0405,[100],[396],"[""[815, 341]""]","[""[100, 200, 200]""]",days since 1993-01-01,gregorian
northeast_pacific/full_domain/hindcast/monthly/regrid/r20260701,sfc_po4lim_di,1,396,396,1993-01-16,2025-12-16,fa2d4c0405,[100],[396],"[""[815, 341]""]","[""[100, 200, 200]""]",days since 1993-01-01,gregorian
northeast_pacific/full_domain/hindcast/monthly/regrid/r20260701,sfc_po4lim_lgp,1,396,396,1993-01-16,2025-12-16,fa2d4c0405,[100],[396],"[""[815, 341]""]","[""[100, 200, 200]""]",days since 1993-01-01,gregorian
northeast_pacific/full_domain/hindcast/monthly/regrid/r20260701,sfc_po4lim_mdp,1,396,396,1993-01-16,2025-12-16,fa2d4c0405,[100],[396],"[""[815, 341]""]","[""[100, 200, 200]""]",days since 1993-01-01,gregorian
northeast_pacific/full_domain/hindcast/monthly/regrid/r20260701,sfc_po4lim_smp,1,396,396,1993-01-16,2025-12-16,fa2d4c0405,[100],[396],"[""[815, 341]""]","[""[100, 200, 200]""]",days since 1993-01-01,gregorian
northeast_pacific/full_domain/hindcast/monthly/regrid/r20260701,sfc_q_fe_2_n_di,1,396,396,1993-01-16,2025-12-16,fa2d4c0405,[100],[396],"[""[815, 341]""]","[""[100, 200, 200]""]",days since 1993-01-01,gregorian
northeast_pacific/full_domain/hindcast/monthly/regrid/r20260701,sfc_q_fe_2_n_lgp,1,396,396,1993-01-16,2025-12-16,fa2d4c0405,[100],[396],"[""[815, 341]""]","[""[100, 200, 200]""]",days since 1993-01-01,gregorian
northeast_pacific/full_domain/hindcast/monthly/regrid/r20260701,sfc_q_fe_2_n_mdp,1,396,396,1993-01-16,2025-12-16,fa2d4c0405,[100],[396],"[""[815, 341]""]","[""[100, 200, 200]""]",days since 1993-01-01,gregorian
northeast_pacific/full_domain/hindcast/monthly/regrid/r20260701,sfc_q_fe_2_n_smp,1,396,396,1993-01-16,2025-12-16,fa2d4c0405,[100],[396],"[""[815, 341]""]","[""[100, 200, 200]""]",days since 1993-01-01,gregorian
northeast_pacific/full_domain/hindcast/monthly/regrid/r20260701,sfc_sio4,1,396,396,1993-01-16,2025-12-16,fa2d4c0405,[100],[396],"[""[815, 341]""]","[""[100, 200, 200]""]",days since 1993-01-01,gregorian
northeast_pacific/full_domain/hindcast/monthly/regrid/r20260701,sfc_theta_di,1,396,396,1993-01-16,2025-12-16,fa2d4c0405,[100],[396],"[""[815, 341]""]","[""[100, 200, 200]""]",days since 1993-01-01,gregorian
northeast_pacific/full_domain/hindcast/monthly/regrid/r20260701,sfc_theta_lgp,1,396,396,1993-01-16,2025-12-16,fa2d4c0405,[100],[396],"[""[815, 341]""]","[""[100, 200, 200]""]",days since 1993-01-01,gregorian
northeast_pacific/full_domain/hindcast/monthly/regrid/r20260701,sfc_theta_mdp,1,396,396,1993-01-16,2025-12-16,fa2d4c0405,[100],[396],"[""[815, 341]""]","[""[100, 200, 200]""]",days since 1993-01-01,gregorian
northeast_pacific/full_domain/hindcast/monthly/regrid/r20260701,sfc_theta_smp,1,396,396,1993-01-16,2025-12-16,fa2d4c0405,[100],[396],"[""[815, 341]""]","[""[100, 200, 200]""]",days since 1993-01-01,gregorian
northeast_pacific/full_domain/hindcast/monthly/regrid/r20260701,sfdsi,1,396,396,1993-01-16,2025-12-16,fa2d4c0405,[100],[396],"[""[815, 341]""]","[""[100, 200, 200]""]",days since 1993-01-01,gregorian
northeast_pacific/full_domain/hindcast/monthly/regrid/r20260701,si,1,396,396,1993-01-16,2025-12-16,fa2d4c0405,[100],[396],"[""[52, 815, 341]""]","[""[100, 10, 200, 200]""]",days since 1993-01-01,gregorian
northeast_pacific/full_domain/hindcast/monthly/regrid/r20260701,siconc,1,396,396,1993-01-16,2025-12-16,fa2d4c0405,[100],[396],"[""[815, 341]""]","[""[100, 200, 200]""]",days since 1993-01-01,gregorian
northeast_pacific/full_domain/hindcast/monthly/regrid/r20260701,silg,1,396,396,1993-01-16,2025-12-16,fa2d4c0405,[100],[396],"[""[52, 815, 341]""]","[""[100, 10, 200, 200]""]",days since 1993-01-01,gregorian
northeast_pacific/full_domain/hindcast/monthly/regrid/r20260701,silgp_100,1,396,396,1993-01-16,2025-12-16,fa2d4c0405,[100],[396],"[""[815, 341]""]","[""[100, 200, 200]""]",days since 1993-01-01,gregorian
northeast_pacific/full_domain/hindcast/monthly/regrid/r20260701,simass,1,396,396,1993-01-16,2025-12-16,fa2d4c0405,[100],[396],"[""[815, 341]""]","[""[100, 200, 200]""]",days since 1993-01-01,gregorian
northeast_pacific/full_domain/hindcast/monthly/regrid/r20260701,simd,1,396,396,1993-01-16,2025-12-16,fa2d4c0405,[100],[396],"[""[52, 815, 341]""]","[""[100, 10, 200, 200]""]",days since 1993-01-01,gregorian
northeast_pacific/full_domain/hindcast/monthly/regrid/r20260701,simdp_100,1,396,396,1993-01-16,2025-12-16,fa2d4c0405,[100],[396],"[""[815, 341]""]","[""[100, 200, 200]""]",days since 1993-01-01,gregorian
northeast_pacific/full_domain/hindcast/monthly/regrid/r20260701,sios,1,396,396,1993-01-16,2025-12-16,fa2d4c0405,[100],[396],"[""[815, 341]""]","[""[100, 200, 200]""]",days since 1993-01-01,gregorian
northeast_pacific/full_domain/hindcast/monthly/regrid/r20260701,sisnconc,1,396,396,1993-01-16,2025-12-16,fa2d4c0405,[100],[396],"[""[815, 341]""]","[""[100, 200, 200]""]",days since 1993-01-01,gregorian
northeast_pacific/full_domain/hindcast/monthly/regrid/r20260701,sisnmass,1,396,396,1993-01-16,2025-12-16,fa2d4c0405,[100],[396],"[""[815, 341]""]","[""[100, 200, 200]""]",days since 1993-01-01,gregorian
northeast_pacific/full_domain/hindcast/monthly/regrid/r20260701,sisnthick,1,396,396,1993-01-16,2025-12-16,fa2d4c0405,[100],[396],"[""[815, 341]""]","[""[100, 200, 200]""]",days since 1993-01-01,gregorian
northeast_pacific/full_domain/hindcast/monthly/regrid/r20260701,sispeed,1,396,396,1993-01-16,2025-12-16,fa2d4c0405,[100],[396],"[""[815, 341]""]","[""[100, 200, 200]""]",days since 1993-01-01,gregorian
northeast_pacific/full_domain/hindcast/monthly/regrid/r20260701,sitemptop,1,396,396,1993-01-16,2025-12-16,fa2d4c0405,[100],[396],"[""[815, 341]""]","[""[100, 200, 200]""]",days since 1993-01-01,gregorian
northeast_pacific/full_domain/hindcast/monthly/regrid/r20260701,sithick,1,396,396,1993-01-16,2025-12-16,fa2d4c0405,[100],[396],"[""[815, 341]""]","[""[100, 200, 200]""]",days since 1993-01-01,gregorian
northeast_pacific/full_domain/hindcast/monthly/regrid/r20260701,sitimefrac,1,396,396,1993-01-16,2025-12-16,fa2d4c0405,[100],[396],"[""[815, 341]""]","[""[100, 200, 200]""]",days since 1993-01-01,gregorian
northeast_pacific/full_domain/hindcast/monthly/regrid/r20260701,siu,1,396,396,1993-01-16,2025-12-16,fa2d4c0405,[100],[396],"[""[815, 341]""]","[""[100, 200, 200]""]",days since 1993-01-01,gregorian
northeast_pacific/full_domain/hindcast/monthly/regrid/r20260701,siv,1,396,396,1993-01-16,2025-12-16,fa2d4c0405,[100],[396],"[""[815, 341]""]","[""[100, 200, 200]""]",days since 1993-01-01,gregorian
northeast_pacific/full_domain/hindcast/monthly/regrid/r20260701,sivol,1,396,396,1993-01-16,2025-12-16,fa2d4c0405,[100],[396],"[""[815, 341]""]","[""[100, 200, 200]""]",days since 1993-01-01,gregorian
northeast_pacific/full_domain/hindcast/monthly/regrid/r20260701,so,1,396,396,1993-01-16,2025-12-16,fa2d4c0405,[100],[396],"[""[52, 815, 341]""]","[""[100, 10, 200, 200]""]",days since 1993-01-01,gregorian
northeast_pacific/full_domain/hindcast/monthly/regrid/r20260701,sob,1,396,396,1993-01-16,2025-12-16,fa2d4c0405,[100],[396],"[""[815, 341]""]","[""[100, 200, 200]""]",days since 1993-01-01,gregorian
northeast_pacific/full_domain/hindcast/monthly/regrid/r20260701,sos,1,396,396,1993-01-16,2025-12-16,fa2d4c0405,[100],[396],"[""[815, 341]""]","[""[100, 200, 200]""]",days since 1993-01-01,gregorian
northeast_pacific/full_domain/hindcast/monthly/regrid/r20260701,sossq,1,396,396,1993-01-16,2025-12-16,fa2d4c0405,[100],[396],"[""[815, 341]""]","[""[100, 200, 200]""]",days since 1993-01-01,gregorian
northeast_pacific/full_domain/hindcast/monthly/regrid/r20260701,spco2,1,396,396,1993-01-16,2025-12-16,fa2d4c0405,[100],[396],"[""[815, 341]""]","[""[100, 200, 200]""]",days since 1993-01-01,gregorian
northeast_pacific/full_domain/hindcast/monthly/regrid/r20260701,speed,1,396,396,1993-01-16,2025-12-16,fa2d4c0405,[100],[396],"[""[815, 341]""]","[""[100, 200, 200]""]",days since 1993-01-01,gregorian
northeast_pacific/full_domain/hindcast/monthly/regrid/r20260701,ssh,1,396,396,1993-01-16,2025-12-16,fa2d4c0405,[100],[396],"[""[815, 341]""]","[""[100, 200, 200]""]",days since 1993-01-01,gregorian
northeast_pacific/full_domain/hindcast/monthly/regrid/r20260701,talk,1,396,396,1993-01-16,2025-12-16,fa2d4c0405,[100],[396],"[""[52, 815, 341]""]","[""[100, 10, 200, 200]""]",days since 1993-01-01,gregorian
northeast_pacific/full_domain/hindcast/monthly/regrid/r20260701,talkos,1,396,396,1993-01-16,2025-12-16,fa2d4c0405,[100],[396],"[""[815, 341]""]","[""[100, 200, 200]""]",days since 1993-01-01,gregorian
northeast_pacific/full_domain/hindcast/monthly/regrid/r20260701,theta_Di,1,396,396,1993-01-16,2025-12-16,fa2d4c0405,[100],[396],"[""[52, 815, 341]""]","[""[100, 10, 200, 200]""]",days since 1993-01-01,gregorian
northeast_pacific/full_domain/hindcast/monthly/regrid/r20260701,theta_Lg,1,396,396,1993-01-16,2025-12-16,fa2d4c0405,[100],[396],"[""[52, 815, 341]""]","[""[100, 10, 200, 200]""]",days since 1993-01-01,gregorian
northeast_pacific/full_domain/hindcast/monthly/regrid/r20260701,theta_Md,1,396,396,1993-01-16,2025-12-16,fa2d4c0405,[100],[396],"[""[52, 815, 341]""]","[""[100, 10, 200, 200]""]",days since 1993-01-01,gregorian
northeast_pacific/full_domain/hindcast/monthly/regrid/r20260701,theta_Sm,1,396,396,1993-01-16,2025-12-16,fa2d4c0405,[100],[396],"[""[52, 815, 341]""]","[""[100, 10, 200, 200]""]",days since 1993-01-01,gregorian
northeast_pacific/full_domain/hindcast/monthly/regrid/r20260701,thetao,1,396,396,1993-01-16,2025-12-16,fa2d4c0405,[100],[396],"[""[52, 815, 341]""]","[""[100, 10, 200, 200]""]",days since 1993-01-01,gregorian
northeast_pacific/full_domain/hindcast/monthly/regrid/r20260701,tob,1,396,396,1993-01-16,2025-12-16,fa2d4c0405,[100],[396],"[""[815, 341]""]","[""[100, 200, 200]""]",days since 1993-01-01,gregorian
northeast_pacific/full_domain/hindcast/monthly/regrid/r20260701,tos,1,396,396,1993-01-16,2025-12-16,fa2d4c0405,[100],[396],"[""[815, 341]""]","[""[100, 200, 200]""]",days since 1993-01-01,gregorian
northeast_pacific/full_domain/hindcast/monthly/regrid/r20260701,tossq,1,396,396,1993-01-16,2025-12-16,fa2d4c0405,[100],[396],"[""[815, 341]""]","[""[100, 200, 200]""]",days since 1993-01-01,gregorian
northeast_pacific/full_domain/hindcast/monthly/regrid/r20260701,ustar,1,396,396,1993-01-16,2025-12-16,fa2d4c0405,[100],[396],"[""[815, 341]""]","[""[100, 200, 200]""]",days since 1993-01-01,gregorian
northeast_pacific/full_domain/hindcast/monthly/regrid/r20260701,volcello,1,396,396,1993-01-16,2025-12-16,fa2d4c0405,[100],[396],"[""[52, 815, 341]""]","[""[100, 10, 200, 200]""]",days since 1993-01-01,gregorian
northeast_pacific/full_domain/hindcast/monthly/regrid/r20260701,wc_vert_int_jdiss_cadet,1,396,396,1993-01-16,2025-12-16,fa2d4c0405,[100],[396],"[""[815, 341]""]","[""[100, 200, 200]""]",days since 1993-01-01,gregorian
northeast_pacific/full_domain/hindcast/monthly/regrid/r20260701,wc_vert_int_jdiss_sidet,1,396,396,1993-01-16,2025-12-16,fa2d4c0405,[100],[396],"[""[815, 341]""]","[""[100, 200, 200]""]",days since 1993-01-01,gregorian
northeast_pacific/full_domain/hindcast/monthly/regrid/r20260701,wc_vert_int_jno3denit,1,396,396,1993-01-16,2025-12-16,fa2d4c0405,[100],[396],"[""[815, 341]""]","[""[100, 200, 200]""]",days since 1993-01-01,gregorian
northeast_pacific/full_domain/hindcast/monthly/regrid/r20260701,wc_vert_int_jo2resp,1,396,396,1993-01-16,2025-12-16,fa2d4c0405,[100],[396],"[""[815, 341]""]","[""[100, 200, 200]""]",days since 1993-01-01,gregorian
northeast_pacific/full_domain/hindcast/monthly/regrid/r20260701,wc_vert_int_jprod_cadet,1,396,396,1993-01-16,2025-12-16,fa2d4c0405,[100],[396],"[""[815, 341]""]","[""[100, 200, 200]""]",days since 1993-01-01,gregorian
northeast_pacific/full_domain/hindcast/monthly/regrid/r20260701,wc_vert_int_jprod_nh4,1,396,396,1993-01-16,2025-12-16,fa2d4c0405,[100],[396],"[""[815, 341]""]","[""[100, 200, 200]""]",days since 1993-01-01,gregorian
northeast_pacific/full_domain/hindcast/monthly/regrid/r20260701,wc_vert_int_jprod_no3nitrif,1,396,396,1993-01-16,2025-12-16,fa2d4c0405,[100],[396],"[""[815, 341]""]","[""[100, 200, 200]""]",days since 1993-01-01,gregorian
northeast_pacific/full_domain/hindcast/monthly/regrid/r20260701,wc_vert_int_juptake_nh4,1,396,396,1993-01-16,2025-12-16,fa2d4c0405,[100],[396],"[""[815, 341]""]","[""[100, 200, 200]""]",days since 1993-01-01,gregorian
northeast_pacific/full_domain/hindcast/monthly/regrid/r20260701,wc_vert_int_juptake_no3,1,396,396,1993-01-16,2025-12-16,fa2d4c0405,[100],[396],"[""[815, 341]""]","[""[100, 200, 200]""]",days since 1993-01-01,gregorian
northeast_pacific/full_domain/hindcast/monthly/regrid/r20260701,wc_vert_int_nfix,1,396,396,1993-01-16,2025-12-16,fa2d4c0405,[100],[396],"[""[815, 341]""]","[""[100, 200, 200]""]",days since 1993-01-01,gregorian
northeast_pacific/full_domain/hindcast/monthly/regrid/r20260701,wc_vert_int_npp,1,396,396,1993-01-16,2025-12-16,fa2d4c0405,[100],[396],"[""[815, 341]""]","[""[100, 200, 200]""]",days since 1993-01-01,gregorian
northeast_pacific/full_domain/hindcast/monthly/regrid/r20260701,wfo,1,396,396,1993-01-16,2025-12-16,fa2d4c0405,[100],[396],"[""[815, 341]""]","[""[100, 200, 200]""]",days since 1993-01-01,gregorian
northeast_pacific/full_domain/hindcast/monthly/regrid/r20260701,zmeso,1,396,396,1993-01-16,2025-12-16,fa2d4c0405,[100],[396],"[""[52, 815, 341]""]","[""[100, 10, 200, 200]""]",days since 1993-01-01,gregorian
northeast_pacific/full_domain/hindcast/monthly/regrid/r20260701,zmesoos,1,396,396,1993-01-16,2025-12-16,fa2d4c0405,[100],[396],"[""[815, 341]""]","[""[100, 200, 200]""]",days since 1993-01-01,gregorian
northeast_pacific/full_domain/hindcast/monthly/regrid/r20260701,zmicro,1,396,396,1993-01-16,2025-12-16,fa2d4c0405,[100],[396],"[""[52, 815, 341]""]","[""[100, 10, 200, 200]""]",days since 1993-01-01,gregorian
northeast_pacific/full_domain/hindcast/monthly/regrid/r20260701,zmicroos,1,396,396,1993-01-16,2025-12-16,fa2d4c0405,[100],[396],"[""[815, 341]""]","[""[100, 200, 200]""]",days since 1993-01-01,gregorian
northeast_pacific/full_domain/hindcast/monthly/regrid/r20260701,zoocos,1,396,396,1993-01-16,2025-12-16,fa2d4c0405,[100],[396],"[""[815, 341]""]","[""[100, 200, 200]""]",days since 1993-01-01,gregorian
northeast_pacific/full_domain/hindcast/monthly/regrid/r20260701,zos,1,396,396,1993-01-16,2025-12-16,fa2d4c0405,[100],[396],"[""[815, 341]""]","[""[100, 200, 200]""]",days since 1993-01-01,gregorian
northeast_pacific/full_domain/hindcast/monthly/regrid/r20260701,zossq,1,396,396,1993-01-16,2025-12-16,fa2d4c0405,[100],[396],"[""[815, 341]""]","[""[100, 200, 200]""]",days since 1993-01-01,gregorian
northwest_atlantic/full_domain/hindcast/daily/raw/r20250715,btm_co3_ion,1,11322,11322,1993-01-01,2023-12-31,24b28b5199,[100],[11322],"[""[845, 775]""]","[""[100, 200, 200]""]",days since 1993-01-01 00:00:00,gregorian
northwest_atlantic/full_domain/hindcast/daily/raw/r20250715,btm_co3_sol_arag,1,11322,11322,1993-01-01,2023-12-31,24b28b5199,[100],[11322],"[""[845, 775]""]","[""[100, 200, 200]""]",days since 1993-01-01 00:00:00,gregorian
northwest_atlantic/full_domain/hindcast/daily/raw/r20250715,btm_co3_sol_calc,1,11322,11322,1993-01-01,2023-12-31,24b28b5199,[100],[11322],"[""[845, 775]""]","[""[100, 200, 200]""]",days since 1993-01-01 00:00:00,gregorian
northwest_atlantic/full_domain/hindcast/daily/raw/r20250715,btm_htotal,1,11322,11322,1993-01-01,2023-12-31,24b28b5199,[100],[11322],"[""[845, 775]""]","[""[100, 200, 200]""]",days since 1993-01-01 00:00:00,gregorian
northwest_atlantic/full_domain/hindcast/daily/raw/r20250715,btm_o2,1,11322,11322,1993-01-01,2023-12-31,24b28b5199,[100],[11322],"[""[845, 775]""]","[""[100, 200, 200]""]",days since 1993-01-01 00:00:00,gregorian
northwest_atlantic/full_domain/hindcast/daily/raw/r20250715,chlos,1,11322,11322,1993-01-01,2023-12-31,24b28b5199,[100],[11322],"[""[845, 775]""]","[""[100, 200, 200]""]",days since 1993-01-01 00:00:00,gregorian
northwest_atlantic/full_domain/hindcast/daily/raw/r20250715,mesozoo_200,1,11322,11322,1993-01-01,2023-12-31,24b28b5199,[100],[11322],"[""[845, 775]""]","[""[100, 200, 200]""]",days since 1993-01-01 00:00:00,gregorian
northwest_atlantic/full_domain/hindcast/daily/raw/r20250715,no3os,1,11322,11322,1993-01-01,2023-12-31,24b28b5199,[100],[11322],"[""[845, 775]""]","[""[100, 200, 200]""]",days since 1993-01-01 00:00:00,gregorian
northwest_atlantic/full_domain/hindcast/daily/raw/r20250715,pco2surf,1,11322,11322,1993-01-01,2023-12-31,24b28b5199,[100],[11322],"[""[845, 775]""]","[""[100, 200, 200]""]",days since 1993-01-01 00:00:00,gregorian
northwest_atlantic/full_domain/hindcast/daily/raw/r20250715,phos,1,11322,11322,1993-01-01,2023-12-31,24b28b5199,[100],[11322],"[""[845, 775]""]","[""[100, 200, 200]""]",days since 1993-01-01 00:00:00,gregorian
northwest_atlantic/full_domain/hindcast/daily/raw/r20250715,phycos,1,11322,11322,1993-01-01,2023-12-31,24b28b5199,[100],[11322],"[""[845, 775]""]","[""[100, 200, 200]""]",days since 1993-01-01 00:00:00,gregorian
northwest_atlantic/full_domain/hindcast/daily/regrid/r20250715,btm_co3_ion,1,11322,11322,1993-01-01,2023-12-31,24b28b5199,[100],[11322],"[""[844, 774]""]","[""[100, 200, 200]""]",days since 1993-01-01,gregorian
northwest_atlantic/full_domain/hindcast/daily/regrid/r20250715,btm_co3_sol_arag,1,11322,11322,1993-01-01,2023-12-31,24b28b5199,[100],[11322],"[""[844, 774]""]","[""[100, 200, 200]""]",days since 1993-01-01,gregorian
northwest_atlantic/full_domain/hindcast/daily/regrid/r20250715,btm_co3_sol_calc,1,11322,11322,1993-01-01,2023-12-31,24b28b5199,[100],[11322],"[""[844, 774]""]","[""[100, 200, 200]""]",days since 1993-01-01,gregorian
northwest_atlantic/full_domain/hindcast/daily/regrid/r20250715,btm_htotal,1,11322,11322,1993-01-01,2023-12-31,24b28b5199,[100],[11322],"[""[844, 774]""]","[""[100, 200, 200]""]",days since 1993-01-01,gregorian
northwest_atlantic/full_domain/hindcast/daily/regrid/r20250715,btm_o2,1,11322,11322,1993-01-01,2023-12-31,24b28b5199,[100],[11322],"[""[844, 774]""]","[""[100, 200, 200]""]",days since 1993-01-01,gregorian
northwest_atlantic/full_domain/hindcast/daily/regrid/r20250715,chlos,1,11322,11322,1993-01-01,2023-12-31,24b28b5199,[100],[11322],"[""[844, 774]""]","[""[100, 200, 200]""]",days since 1993-01-01,gregorian
northwest_atlantic/full_domain/hindcast/daily/regrid/r20250715,mesozoo_200,1,11322,11322,1993-01-01,2023-12-31,24b28b5199,[100],[11322],"[""[844, 774]""]","[""[100, 200, 200]""]",days since 1993-01-01,gregorian
northwest_atlantic/full_domain/hindcast/daily/regrid/r20250715,no3os,1,11322,11322,1993-01-01,2023-12-31,24b28b5199,[100],[11322],"[""[844, 774]""]","[""[100, 200, 200]""]",days since 1993-01-01,gregorian
northwest_atlantic/full_domain/hindcast/daily/regrid/r20250715,pco2surf,1,11322,11322,1993-01-01,2023-12-31,24b28b5199,[100],[11322],"[""[844, 774]""]","[""[100, 200, 200]""]",days since 1993-01-01,gregorian
northwest_atlantic/full_domain/hindcast/daily/regrid/r20250715,phos,1,11322,11322,1993-01-01,2023-12-31,24b28b5199,[100],[11322],"[""[844, 774]""]","[""[100, 200, 200]""]",days since 1993-01-01,gregorian
northwest_atlantic/full_domain/hindcast/daily/regrid/r20250715,phycos,1,11322,11322,1993-01-01,2023-12-31,24b28b5199,[100],[11322],"[""[844, 774]""]","[""[100, 200, 200]""]",days since 1993-01-01,gregorian
northwest_atlantic/full_domain/hindcast/monthly/raw/r20250715,ALB,1,372,372,1993-01-16,2023-12-16,dfe7b5b5a9,[100],[372],"[""[845, 775]""]","[""[100, 200, 200]""]",days since 1993-01-01 00:00:00,gregorian
northwest_atlantic/full_domain/hindcast/monthly/raw/r20250715,BHEAT,1,372,372,1993-01-16,2023-12-16,dfe7b5b5a9,[100],[372],"[""[845, 775]""]","[""[100, 200, 200]""]",days since 1993-01-01 00:00:00,gregorian
northwest_atlantic/full_domain/hindcast/monthly/raw/r20250715,BMELT,1,372,372,1993-01-16,2023-12-16,dfe7b5b5a9,[100],[372],"[""[845, 775]""]","[""[100, 200, 200]""]",days since 1993-01-01 00:00:00,gregorian
northwest_atlantic/full_domain/hindcast/monthly/raw/r20250715,BSNK,1,372,372,1993-01-16,2023-12-16,dfe7b5b5a9,[100],[372],"[""[845, 775]""]","[""[100, 200, 200]""]",days since 1993-01-01 00:00:00,gregorian
northwest_atlantic/full_domain/hindcast/monthly/raw/r20250715,CN,1,372,372,1993-01-16,2023-12-16,dfe7b5b5a9,[100],[372],"[""[5, 845, 775]""]","[""[100, 5, 200, 200]""]",days since 1993-01-01 00:00:00,gregorian
northwest_atlantic/full_domain/hindcast/monthly/raw/r20250715,E2MELT,1,372,372,1993-01-16,2023-12-16,dfe7b5b5a9,[100],[372],"[""[845, 775]""]","[""[100, 200, 200]""]",days since 1993-01-01 00:00:00,gregorian
northwest_atlantic/full_domain/hindcast/monthly/raw/r20250715,EXT,1,372,372,1993-01-16,2023-12-16,dfe7b5b5a9,[100],[372],"[""[845, 775]""]","[""[100, 200, 200]""]",days since 1993-01-01 00:00:00,gregorian
northwest_atlantic/full_domain/hindcast/monthly/raw/r20250715,EXT_MAX,1,372,372,1993-01-16,2023-12-16,dfe7b5b5a9,[100],[372],"[""[845, 775]""]","[""[100, 200, 200]""]",days since 1993-01-01 00:00:00,gregorian
northwest_atlantic/full_domain/hindcast/monthly/raw/r20250715,EXT_MIN,1,372,372,1993-01-16,2023-12-16,dfe7b5b5a9,[100],[372],"[""[845, 775]""]","[""[100, 200, 200]""]",days since 1993-01-01 00:00:00,gregorian
northwest_atlantic/full_domain/hindcast/monthly/raw/r20250715,FA_X,1,372,372,1993-01-16,2023-12-16,dfe7b5b5a9,[100],[372],"[""[845, 776]""]","[""[100, 200, 200]""]",days since 1993-01-01 00:00:00,gregorian
northwest_atlantic/full_domain/hindcast/monthly/raw/r20250715,FA_Y,1,372,372,1993-01-16,2023-12-16,dfe7b5b5a9,[100],[372],"[""[846, 775]""]","[""[100, 200, 200]""]",days since 1993-01-01 00:00:00,gregorian
northwest_atlantic/full_domain/hindcast/monthly/raw/r20250715,FI_X,1,372,372,1993-01-16,2023-12-16,dfe7b5b5a9,[100],[372],"[""[845, 776]""]","[""[100, 200, 200]""]",days since 1993-01-01 00:00:00,gregorian
northwest_atlantic/full_domain/hindcast/monthly/raw/r20250715,FI_Y,1,372,372,1993-01-16,2023-12-16,dfe7b5b5a9,[100],[372],"[""[846, 775]""]","[""[100, 200, 200]""]",days since 1993-01-01 00:00:00,gregorian
northwest_atlantic/full_domain/hindcast/monthly/raw/r20250715,FRAZIL,1,372,372,1993-01-16,2023-12-16,dfe7b5b5a9,[100],[372],"[""[845, 775]""]","[""[100, 200, 200]""]",days since 1993-01-01 00:00:00,gregorian
northwest_atlantic/full_domain/hindcast/monthly/raw/r20250715,Heat_PmE,1,372,372,1993-01-16,2023-12-16,dfe7b5b5a9,[100],[372],"[""[845, 775]""]","[""[100, 200, 200]""]",days since 1993-01-01 00:00:00,gregorian
northwest_atlantic/full_domain/hindcast/monthly/raw/r20250715,IX_TRANS,1,372,372,1993-01-16,2023-12-16,dfe7b5b5a9,[100],[372],"[""[845, 776]""]","[""[100, 200, 200]""]",days since 1993-01-01 00:00:00,gregorian
northwest_atlantic/full_domain/hindcast/monthly/raw/r20250715,IY_TRANS,1,372,372,1993-01-16,2023-12-16,dfe7b5b5a9,[100],[372],"[""[846, 775]""]","[""[100, 200, 200]""]",days since 1993-01-01 00:00:00,gregorian
northwest_atlantic/full_domain/hindcast/monthly/raw/r20250715,LSNK,1,372,372,1993-01-16,2023-12-16,dfe7b5b5a9,[100],[372],"[""[845, 775]""]","[""[100, 200, 200]""]",days since 1993-01-01 00:00:00,gregorian
northwest_atlantic/full_domain/hindcast/monthly/raw/r20250715,LSRC,1,372,372,1993-01-16,2023-12-16,dfe7b5b5a9,[100],[372],"[""[845, 775]""]","[""[100, 200, 200]""]",days since 1993-01-01 00:00:00,gregorian
northwest_atlantic/full_domain/hindcast/monthly/raw/r20250715,LwLatSens,1,372,372,1993-01-16,2023-12-16,dfe7b5b5a9,[100],[372],"[""[845, 775]""]","[""[100, 200, 200]""]",days since 1993-01-01 00:00:00,gregorian
northwest_atlantic/full_domain/hindcast/monthly/raw/r20250715,MIB,1,372,372,1993-01-16,2023-12-16,dfe7b5b5a9,[100],[372],"[""[845, 775]""]","[""[100, 200, 200]""]",days since 1993-01-01 00:00:00,gregorian
northwest_atlantic/full_domain/hindcast/monthly/raw/r20250715,MLD_003,1,372,372,1993-01-16,2023-12-16,dfe7b5b5a9,[100],[372],"[""[845, 775]""]","[""[100, 200, 200]""]",days since 1993-01-01 00:00:00,gregorian
northwest_atlantic/full_domain/hindcast/monthly/raw/r20250715,MLD_003_max,1,372,372,1993-01-16,2023-12-16,dfe7b5b5a9,[100],[372],"[""[845, 775]""]","[""[100, 200, 200]""]",days since 1993-01-01 00:00:00,gregorian
northwest_atlantic/full_domain/hindcast/monthly/raw/r20250715,MLD_003_min,1,372,372,1993-01-16,2023-12-16,dfe7b5b5a9,[100],[372],"[""[845, 775]""]","[""[100, 200, 200]""]",days since 1993-01-01 00:00:00,gregorian
northwest_atlantic/full_domain/hindcast/monthly/raw/r20250715,MLD_EN1,1,372,372,1993-01-16,2023-12-16,dfe7b5b5a9,[100],[372],"[""[845, 775]""]","[""[100, 200, 200]""]",days since 1993-01-01 00:00:00,gregorian
northwest_atlantic/full_domain/hindcast/monthly/raw/r20250715,MLD_EN1_max,1,372,372,1993-01-16,2023-12-16,dfe7b5b5a9,[100],[372],"[""[845, 775]""]","[""[100, 200, 200]""]",days since 1993-01-01 00:00:00,gregorian
northwest_atlantic/full_domain/hindcast/monthly/raw/r20250715,MLD_EN1_min,1,372,372,1993-01-16,2023-12-16,dfe7b5b5a9,[100],[372],"[""[845, 775]""]","[""[100, 200, 200]""]",days since 1993-01-01 00:00:00,gregorian
northwest_atlantic/full_domain/hindcast/monthly/raw/r20250715,MLD_restrat,1,372,372,1993-01-16,2023-12-16,dfe7b5b5a9,[100],[372],"[""[845, 775]""]","[""[100, 200, 200]""]",days since 1993-01-01 00:00:00,gregorian
northwest_atlantic/full_domain/hindcast/monthly/raw/r20250715,MSTAR,1,372,372,1993-01-16,2023-12-16,dfe7b5b5a9,[100],[372],"[""[845, 775]""]","[""[100, 200, 200]""]",days since 1993-01-01 00:00:00,gregorian
northwest_atlantic/full_domain/hindcast/monthly/raw/r20250715,RAIN,1,372,372,1993-01-16,2023-12-16,dfe7b5b5a9,[100],[372],"[""[845, 775]""]","[""[100, 200, 200]""]",days since 1993-01-01 00:00:00,gregorian
northwest_atlantic/full_domain/hindcast/monthly/raw/r20250715,SALTF,1,372,372,1993-01-16,2023-12-16,dfe7b5b5a9,[100],[372],"[""[845, 775]""]","[""[100, 200, 200]""]",days since 1993-01-01 00:00:00,gregorian
northwest_atlantic/full_domain/hindcast/monthly/raw/r20250715,SN2IC,1,372,372,1993-01-16,2023-12-16,dfe7b5b5a9,[100],[372],"[""[845, 775]""]","[""[100, 200, 200]""]",days since 1993-01-01 00:00:00,gregorian
northwest_atlantic/full_domain/hindcast/monthly/raw/r20250715,SNOWFL,1,372,372,1993-01-16,2023-12-16,dfe7b5b5a9,[100],[372],"[""[845, 775]""]","[""[100, 200, 200]""]",days since 1993-01-01 00:00:00,gregorian
northwest_atlantic/full_domain/hindcast/monthly/raw/r20250715,STRENGTH_hf,1,372,372,1993-01-16,2023-12-16,dfe7b5b5a9,[100],[372],"[""[845, 775]""]","[""[100, 200, 200]""]",days since 1993-01-01 00:00:00,gregorian
northwest_atlantic/full_domain/hindcast/monthly/raw/r20250715,S_adx_2d,1,372,372,1993-01-16,2023-12-16,dfe7b5b5a9,[100],[372],"[""[845, 776]""]","[""[100, 200, 200]""]",days since 1993-01-01 00:00:00,gregorian
northwest_atlantic/full_domain/hindcast/monthly/raw/r20250715,S_adx_2d_rotate,1,372,372,1993-01-16,2023-12-16,dfe7b5b5a9,[100],[372],"[""[845, 775]""]","[""[100, 200, 200]""]",days since 1993-01-01,gregorian
northwest_atlantic/full_domain/hindcast/monthly/raw/r20250715,S_ady_2d,1,372,372,1993-01-16,2023-12-16,dfe7b5b5a9,[100],[372],"[""[846, 775]""]","[""[100, 200, 200]""]",days since 1993-01-01 00:00:00,gregorian
northwest_atlantic/full_domain/hindcast/monthly/raw/r20250715,S_ady_2d_rotate,1,372,372,1993-01-16,2023-12-16,dfe7b5b5a9,[100],[372],"[""[845, 775]""]","[""[100, 200, 200]""]",days since 1993-01-01,gregorian
northwest_atlantic/full_domain/hindcast/monthly/raw/r20250715,T1,1,372,372,1993-01-16,2023-12-16,dfe7b5b5a9,[100],[372],"[""[845, 775]""]","[""[100, 200, 200]""]",days since 1993-01-01 00:00:00,gregorian
northwest_atlantic/full_domain/hindcast/monthly/raw/r20250715,T2,1,372,372,1993-01-16,2023-12-16,dfe7b5b5a9,[100],[372],"[""[845, 775]""]","[""[100, 200, 200]""]",days since 1993-01-01 00:00:00,gregorian
northwest_atlantic/full_domain/hindcast/monthly/raw/r20250715,T3,1,372,372,1993-01-16,2023-12-16,dfe7b5b5a9,[100],[372],"[""[845, 775]""]","[""[100, 200, 200]""]",days since 1993-01-01 00:00:00,gregorian
northwest_atlantic/full_domain/hindcast/monthly/raw/r20250715,T4,1,372,372,1993-01-16,2023-12-16,dfe7b5b5a9,[100],[372],"[""[845, 775]""]","[""[100, 200, 200]""]",days since 1993-01-01 00:00:00,gregorian
northwest_atlantic/full_domain/hindcast/monthly/raw/r20250715,TMELT,1,372,372,1993-01-16,2023-12-16,dfe7b5b5a9,[100],[372],"[""[845, 775]""]","[""[100, 200, 200]""]",days since 1993-01-01 00:00:00,gregorian
northwest_atlantic/full_domain/hindcast/monthly/raw/r20250715,TSN,1,372,372,1993-01-16,2023-12-16,dfe7b5b5a9,[100],[372],"[""[845, 775]""]","[""[100, 200, 200]""]",days since 1993-01-01 00:00:00,gregorian
northwest_atlantic/full_domain/hindcast/monthly/raw/r20250715,T_adx_2d,1,372,372,1993-01-16,2023-12-16,dfe7b5b5a9,[100],[372],"[""[845, 776]""]","[""[100, 200, 200]""]",days since 1993-01-01 00:00:00,gregorian
northwest_atlantic/full_domain/hindcast/monthly/raw/r20250715,T_adx_2d_rotate,1,372,372,1993-01-16,2023-12-16,dfe7b5b5a9,[100],[372],"[""[845, 775]""]","[""[100, 200, 200]""]",days since 1993-01-01,gregorian
northwest_atlantic/full_domain/hindcast/monthly/raw/r20250715,T_ady_2d,1,372,372,1993-01-16,2023-12-16,dfe7b5b5a9,[100],[372],"[""[846, 775]""]","[""[100, 200, 200]""]",days since 1993-01-01 00:00:00,gregorian
northwest_atlantic/full_domain/hindcast/monthly/raw/r20250715,T_ady_2d_rotate,1,372,372,1993-01-16,2023-12-16,dfe7b5b5a9,[100],[372],"[""[845, 775]""]","[""[100, 200, 200]""]",days since 1993-01-01,gregorian
northwest_atlantic/full_domain/hindcast/monthly/raw/r20250715,XPRT,1,372,372,1993-01-16,2023-12-16,dfe7b5b5a9,[100],[372],"[""[845, 775]""]","[""[100, 200, 200]""]",days since 1993-01-01 00:00:00,gregorian
northwest_atlantic/full_domain/hindcast/monthly/raw/r20250715,aragos,1,372,372,1993-01-16,2023-12-16,dfe7b5b5a9,[100],[372],"[""[845, 775]""]","[""[100, 200, 200]""]",days since 1993-01-01 00:00:00,gregorian
northwest_atlantic/full_domain/hindcast/monthly/raw/r20250715,baccos,1,372,372,1993-01-16,2023-12-16,dfe7b5b5a9,[100],[372],"[""[845, 775]""]","[""[100, 200, 200]""]",days since 1993-01-01 00:00:00,gregorian
northwest_atlantic/full_domain/hindcast/monthly/raw/r20250715,bfeos,1,372,372,1993-01-16,2023-12-16,dfe7b5b5a9,[100],[372],"[""[845, 775]""]","[""[100, 200, 200]""]",days since 1993-01-01 00:00:00,gregorian
northwest_atlantic/full_domain/hindcast/monthly/raw/r20250715,bsios,1,372,372,1993-01-16,2023-12-16,dfe7b5b5a9,[100],[372],"[""[845, 775]""]","[""[100, 200, 200]""]",days since 1993-01-01 00:00:00,gregorian
northwest_atlantic/full_domain/hindcast/monthly/raw/r20250715,btm_co3_ion,1,372,372,1993-01-16,2023-12-16,dfe7b5b5a9,[100],[372],"[""[845, 775]""]","[""[100, 200, 200]""]",days since 1993-01-01 00:00:00,gregorian
northwest_atlantic/full_domain/hindcast/monthly/raw/r20250715,btm_co3_sol_arag,1,372,372,1993-01-16,2023-12-16,dfe7b5b5a9,[100],[372],"[""[845, 775]""]","[""[100, 200, 200]""]",days since 1993-01-01 00:00:00,gregorian
northwest_atlantic/full_domain/hindcast/monthly/raw/r20250715,btm_co3_sol_calc,1,372,372,1993-01-16,2023-12-16,dfe7b5b5a9,[100],[372],"[""[845, 775]""]","[""[100, 200, 200]""]",days since 1993-01-01 00:00:00,gregorian
northwest_atlantic/full_domain/hindcast/monthly/raw/r20250715,btm_htotal,1,372,372,1993-01-16,2023-12-16,dfe7b5b5a9,[100],[372],"[""[845, 775]""]","[""[100, 200, 200]""]",days since 1993-01-01 00:00:00,gregorian
northwest_atlantic/full_domain/hindcast/monthly/raw/r20250715,btm_o2,1,372,372,1993-01-16,2023-12-16,dfe7b5b5a9,[100],[372],"[""[845, 775]""]","[""[100, 200, 200]""]",days since 1993-01-01 00:00:00,gregorian
northwest_atlantic/full_domain/hindcast/monthly/raw/r20250715,btm_temp,1,372,372,1993-01-16,2023-12-16,dfe7b5b5a9,[100],[372],"[""[845, 775]""]","[""[100, 200, 200]""]",days since 1993-01-01 00:00:00,gregorian
northwest_atlantic/full_domain/hindcast/monthly/raw/r20250715,calc,1,372,372,1993-01-16,2023-12-16,dfe7b5b5a9,[100],[372],"[""[52, 845, 775]""]","[""[100, 10, 200, 200]""]",days since 1993-01-01 00:00:00,gregorian
northwest_atlantic/full_domain/hindcast/monthly/raw/r20250715,calcos,1,372,372,1993-01-16,2023-12-16,dfe7b5b5a9,[100],[372],"[""[845, 775]""]","[""[100, 200, 200]""]",days since 1993-01-01 00:00:00,gregorian
northwest_atlantic/full_domain/hindcast/monthly/raw/r20250715,cased,1,372,372,1993-01-16,2023-12-16,dfe7b5b5a9,[100],[372],"[""[845, 775]""]","[""[100, 200, 200]""]",days since 1993-01-01 00:00:00,gregorian
northwest_atlantic/full_domain/hindcast/monthly/raw/r20250715,cased_redis_coef,1,372,372,1993-01-16,2023-12-16,dfe7b5b5a9,[100],[372],"[""[845, 775]""]","[""[100, 200, 200]""]",days since 1993-01-01 00:00:00,gregorian
northwest_atlantic/full_domain/hindcast/monthly/raw/r20250715,cased_redis_delz,1,372,372,1993-01-16,2023-12-16,dfe7b5b5a9,[100],[372],"[""[845, 775]""]","[""[100, 200, 200]""]",days since 1993-01-01 00:00:00,gregorian
northwest_atlantic/full_domain/hindcast/monthly/raw/r20250715,chl,1,372,372,1993-01-16,2023-12-16,dfe7b5b5a9,[100],[372],"[""[52, 845, 775]""]","[""[100, 10, 200, 200]""]",days since 1993-01-01 00:00:00,gregorian
northwest_atlantic/full_domain/hindcast/monthly/raw/r20250715,chl_Di,1,372,372,1993-01-16,2023-12-16,dfe7b5b5a9,[100],[372],"[""[52, 845, 775]""]","[""[100, 10, 200, 200]""]",days since 1993-01-01 00:00:00,gregorian
northwest_atlantic/full_domain/hindcast/monthly/raw/r20250715,chl_Lg,1,372,372,1993-01-16,2023-12-16,dfe7b5b5a9,[100],[372],"[""[52, 845, 775]""]","[""[100, 10, 200, 200]""]",days since 1993-01-01 00:00:00,gregorian
northwest_atlantic/full_domain/hindcast/monthly/raw/r20250715,chl_Md,1,372,372,1993-01-16,2023-12-16,dfe7b5b5a9,[100],[372],"[""[52, 845, 775]""]","[""[100, 10, 200, 200]""]",days since 1993-01-01 00:00:00,gregorian
northwest_atlantic/full_domain/hindcast/monthly/raw/r20250715,chl_Sm,1,372,372,1993-01-16,2023-12-16,dfe7b5b5a9,[100],[372],"[""[52, 845, 775]""]","[""[100, 10, 200, 200]""]",days since 1993-01-01 00:00:00,gregorian
northwest_atlantic/full_domain/hindcast/monthly/raw/r20250715,chldiatos,1,372,372,1993-01-16,2023-12-16,dfe7b5b5a9,[100],[372],"[""[845, 775]""]","[""[100, 200, 200]""]",days since 1993-01-01 00:00:00,gregorian
northwest_atlantic/full_domain/hindcast/monthly/raw/r20250715,chldiazos,1,372,372,1993-01-16,2023-12-16,dfe7b5b5a9,[100],[372],"[""[845, 775]""]","[""[100, 200, 200]""]",days since 1993-01-01 00:00:00,gregorian
northwest_atlantic/full_domain/hindcast/monthly/raw/r20250715,chlmiscos,1,372,372,1993-01-16,2023-12-16,dfe7b5b5a9,[100],[372],"[""[845, 775]""]","[""[100, 200, 200]""]",days since 1993-01-01 00:00:00,gregorian
northwest_atlantic/full_domain/hindcast/monthly/raw/r20250715,chlos,1,372,372,1993-01-16,2023-12-16,dfe7b5b5a9,[100],[372],"[""[845, 775]""]","[""[100, 200, 200]""]",days since 1993-01-01 00:00:00,gregorian
northwest_atlantic/full_domain/hindcast/monthly/raw/r20250715,chlpicoos,1,372,372,1993-01-16,2023-12-16,dfe7b5b5a9,[100],[372],"[""[845, 775]""]","[""[100, 200, 200]""]",days since 1993-01-01 00:00:00,gregorian
northwest_atlantic/full_domain/hindcast/monthly/raw/r20250715,co3,1,372,372,1993-01-16,2023-12-16,dfe7b5b5a9,[100],[372],"[""[52, 845, 775]""]","[""[100, 10, 200, 200]""]",days since 1993-01-01 00:00:00,gregorian
northwest_atlantic/full_domain/hindcast/monthly/raw/r20250715,co3os,1,372,372,1993-01-16,2023-12-16,dfe7b5b5a9,[100],[372],"[""[845, 775]""]","[""[100, 200, 200]""]",days since 1993-01-01 00:00:00,gregorian
northwest_atlantic/full_domain/hindcast/monthly/raw/r20250715,co3sataragos,1,372,372,1993-01-16,2023-12-16,dfe7b5b5a9,[100],[372],"[""[845, 775]""]","[""[100, 200, 200]""]",days since 1993-01-01 00:00:00,gregorian
northwest_atlantic/full_domain/hindcast/monthly/raw/r20250715,co3satcalcos,1,372,372,1993-01-16,2023-12-16,dfe7b5b5a9,[100],[372],"[""[845, 775]""]","[""[100, 200, 200]""]",days since 1993-01-01 00:00:00,gregorian
northwest_atlantic/full_domain/hindcast/monthly/raw/r20250715,dep_dry_fed,1,372,372,1993-01-16,2023-12-16,dfe7b5b5a9,[100],[372],"[""[845, 775]""]","[""[100, 200, 200]""]",days since 1993-01-01 00:00:00,gregorian
northwest_atlantic/full_domain/hindcast/monthly/raw/r20250715,dep_dry_lith,1,372,372,1993-01-16,2023-12-16,dfe7b5b5a9,[100],[372],"[""[845, 775]""]","[""[100, 200, 200]""]",days since 1993-01-01 00:00:00,gregorian
northwest_atlantic/full_domain/hindcast/monthly/raw/r20250715,dep_dry_nh4,1,372,372,1993-01-16,2023-12-16,dfe7b5b5a9,[100],[372],"[""[845, 775]""]","[""[100, 200, 200]""]",days since 1993-01-01 00:00:00,gregorian
northwest_atlantic/full_domain/hindcast/monthly/raw/r20250715,dep_dry_no3,1,372,372,1993-01-16,2023-12-16,dfe7b5b5a9,[100],[372],"[""[845, 775]""]","[""[100, 200, 200]""]",days since 1993-01-01 00:00:00,gregorian
northwest_atlantic/full_domain/hindcast/monthly/raw/r20250715,dep_dry_po4,1,372,372,1993-01-16,2023-12-16,dfe7b5b5a9,[100],[372],"[""[845, 775]""]","[""[100, 200, 200]""]",days since 1993-01-01 00:00:00,gregorian
northwest_atlantic/full_domain/hindcast/monthly/raw/r20250715,dep_wet_fed,1,372,372,1993-01-16,2023-12-16,dfe7b5b5a9,[100],[372],"[""[845, 775]""]","[""[100, 200, 200]""]",days since 1993-01-01 00:00:00,gregorian
northwest_atlantic/full_domain/hindcast/monthly/raw/r20250715,dep_wet_lith,1,372,372,1993-01-16,2023-12-16,dfe7b5b5a9,[100],[372],"[""[845, 775]""]","[""[100, 200, 200]""]",days since 1993-01-01 00:00:00,gregorian
northwest_atlantic/full_domain/hindcast/monthly/raw/r20250715,dep_wet_nh4,1,372,372,1993-01-16,2023-12-16,dfe7b5b5a9,[100],[372],"[""[845, 775]""]","[""[100, 200, 200]""]",days since 1993-01-01 00:00:00,gregorian
northwest_atlantic/full_domain/hindcast/monthly/raw/r20250715,dep_wet_no3,1,372,372,1993-01-16,2023-12-16,dfe7b5b5a9,[100],[372],"[""[845, 775]""]","[""[100, 200, 200]""]",days since 1993-01-01 00:00:00,gregorian
northwest_atlantic/full_domain/hindcast/monthly/raw/r20250715,detocos,1,372,372,1993-01-16,2023-12-16,dfe7b5b5a9,[100],[372],"[""[845, 775]""]","[""[100, 200, 200]""]",days since 1993-01-01 00:00:00,gregorian
northwest_atlantic/full_domain/hindcast/monthly/raw/r20250715,dfeos,1,372,372,1993-01-16,2023-12-16,dfe7b5b5a9,[100],[372],"[""[845, 775]""]","[""[100, 200, 200]""]",days since 1993-01-01 00:00:00,gregorian
northwest_atlantic/full_domain/hindcast/monthly/raw/r20250715,dic_csurf,1,372,372,1993-01-16,2023-12-16,dfe7b5b5a9,[100],[372],"[""[845, 775]""]","[""[100, 200, 200]""]",days since 1993-01-01 00:00:00,gregorian
northwest_atlantic/full_domain/hindcast/monthly/raw/r20250715,dic_deltap,1,372,372,1993-01-16,2023-12-16,dfe7b5b5a9,[100],[372],"[""[845, 775]""]","[""[100, 200, 200]""]",days since 1993-01-01 00:00:00,gregorian
northwest_atlantic/full_domain/hindcast/monthly/raw/r20250715,dic_kw,1,372,372,1993-01-16,2023-12-16,dfe7b5b5a9,[100],[372],"[""[845, 775]""]","[""[100, 200, 200]""]",days since 1993-01-01 00:00:00,gregorian
northwest_atlantic/full_domain/hindcast/monthly/raw/r20250715,dic_sc_no,1,372,372,1993-01-16,2023-12-16,dfe7b5b5a9,[100],[372],"[""[845, 775]""]","[""[100, 200, 200]""]",days since 1993-01-01 00:00:00,gregorian
northwest_atlantic/full_domain/hindcast/monthly/raw/r20250715,dic_stf_gas,1,372,372,1993-01-16,2023-12-16,dfe7b5b5a9,[100],[372],"[""[845, 775]""]","[""[100, 200, 200]""]",days since 1993-01-01 00:00:00,gregorian
northwest_atlantic/full_domain/hindcast/monthly/raw/r20250715,dissic,1,372,372,1993-01-16,2023-12-16,dfe7b5b5a9,[100],[372],"[""[52, 845, 775]""]","[""[100, 10, 200, 200]""]",days since 1993-01-01 00:00:00,gregorian
northwest_atlantic/full_domain/hindcast/monthly/raw/r20250715,dissicos,1,372,372,1993-01-16,2023-12-16,dfe7b5b5a9,[100],[372],"[""[845, 775]""]","[""[100, 200, 200]""]",days since 1993-01-01 00:00:00,gregorian
northwest_atlantic/full_domain/hindcast/monthly/raw/r20250715,dissoc,1,372,372,1993-01-16,2023-12-16,dfe7b5b5a9,[100],[372],"[""[52, 845, 775]""]","[""[100, 10, 200, 200]""]",days since 1993-01-01 00:00:00,gregorian
northwest_atlantic/full_domain/hindcast/monthly/raw/r20250715,dissocos,1,372,372,1993-01-16,2023-12-16,dfe7b5b5a9,[100],[372],"[""[845, 775]""]","[""[100, 200, 200]""]",days since 1993-01-01 00:00:00,gregorian
northwest_atlantic/full_domain/hindcast/monthly/raw/r20250715,don_100,1,372,372,1993-01-16,2023-12-16,dfe7b5b5a9,[100],[372],"[""[845, 775]""]","[""[100, 200, 200]""]",days since 1993-01-01 00:00:00,gregorian
northwest_atlantic/full_domain/hindcast/monthly/raw/r20250715,dpco2,1,372,372,1993-01-16,2023-12-16,dfe7b5b5a9,[100],[372],"[""[845, 775]""]","[""[100, 200, 200]""]",days since 1993-01-01 00:00:00,gregorian
northwest_atlantic/full_domain/hindcast/monthly/raw/r20250715,dpo2,1,372,372,1993-01-16,2023-12-16,dfe7b5b5a9,[100],[372],"[""[845, 775]""]","[""[100, 200, 200]""]",days since 1993-01-01 00:00:00,gregorian
northwest_atlantic/full_domain/hindcast/monthly/raw/r20250715,eparag100,1,372,372,1993-01-16,2023-12-16,dfe7b5b5a9,[100],[372],"[""[845, 775]""]","[""[100, 200, 200]""]",days since 1993-01-01 00:00:00,gregorian
northwest_atlantic/full_domain/hindcast/monthly/raw/r20250715,epc100,1,372,372,1993-01-16,2023-12-16,dfe7b5b5a9,[100],[372],"[""[845, 775]""]","[""[100, 200, 200]""]",days since 1993-01-01 00:00:00,gregorian
northwest_atlantic/full_domain/hindcast/monthly/raw/r20250715,epcalc100,1,372,372,1993-01-16,2023-12-16,dfe7b5b5a9,[100],[372],"[""[845, 775]""]","[""[100, 200, 200]""]",days since 1993-01-01 00:00:00,gregorian
northwest_atlantic/full_domain/hindcast/monthly/raw/r20250715,epfe100,1,372,372,1993-01-16,2023-12-16,dfe7b5b5a9,[100],[372],"[""[845, 775]""]","[""[100, 200, 200]""]",days since 1993-01-01 00:00:00,gregorian
northwest_atlantic/full_domain/hindcast/monthly/raw/r20250715,epn100,1,372,372,1993-01-16,2023-12-16,dfe7b5b5a9,[100],[372],"[""[845, 775]""]","[""[100, 200, 200]""]",days since 1993-01-01 00:00:00,gregorian
northwest_atlantic/full_domain/hindcast/monthly/raw/r20250715,epp100,1,372,372,1993-01-16,2023-12-16,dfe7b5b5a9,[100],[372],"[""[845, 775]""]","[""[100, 200, 200]""]",days since 1993-01-01 00:00:00,gregorian
northwest_atlantic/full_domain/hindcast/monthly/raw/r20250715,epsi100,1,372,372,1993-01-16,2023-12-16,dfe7b5b5a9,[100],[372],"[""[845, 775]""]","[""[100, 200, 200]""]",days since 1993-01-01 00:00:00,gregorian
northwest_atlantic/full_domain/hindcast/monthly/raw/r20250715,evs,1,372,372,1993-01-16,2023-12-16,dfe7b5b5a9,[100],[372],"[""[845, 775]""]","[""[100, 200, 200]""]",days since 1993-01-01 00:00:00,gregorian
northwest_atlantic/full_domain/hindcast/monthly/raw/r20250715,fcadet_arag_100,1,372,372,1993-01-16,2023-12-16,dfe7b5b5a9,[100],[372],"[""[845, 775]""]","[""[100, 200, 200]""]",days since 1993-01-01 00:00:00,gregorian
northwest_atlantic/full_domain/hindcast/monthly/raw/r20250715,fcadet_arag_btm,1,372,372,1993-01-16,2023-12-16,dfe7b5b5a9,[100],[372],"[""[845, 775]""]","[""[100, 200, 200]""]",days since 1993-01-01 00:00:00,gregorian
northwest_atlantic/full_domain/hindcast/monthly/raw/r20250715,fcadet_calc_100,1,372,372,1993-01-16,2023-12-16,dfe7b5b5a9,[100],[372],"[""[845, 775]""]","[""[100, 200, 200]""]",days since 1993-01-01 00:00:00,gregorian
northwest_atlantic/full_domain/hindcast/monthly/raw/r20250715,fcadet_calc_btm,1,372,372,1993-01-16,2023-12-16,dfe7b5b5a9,[100],[372],"[""[845, 775]""]","[""[100, 200, 200]""]",days since 1993-01-01 00:00:00,gregorian
northwest_atlantic/full_domain/hindcast/monthly/raw/r20250715,fcased_burial,1,372,372,1993-01-16,2023-12-16,dfe7b5b5a9,[100],[372],"[""[845, 775]""]","[""[100, 200, 200]""]",days since 1993-01-01 00:00:00,gregorian
northwest_atlantic/full_domain/hindcast/monthly/raw/r20250715,fcased_redis,1,372,372,1993-01-16,2023-12-16,dfe7b5b5a9,[100],[372],"[""[845, 775]""]","[""[100, 200, 200]""]",days since 1993-01-01 00:00:00,gregorian
northwest_atlantic/full_domain/hindcast/monthly/raw/r20250715,fcased_redis_surfresp,1,372,372,1993-01-16,2023-12-16,dfe7b5b5a9,[100],[372],"[""[845, 775]""]","[""[100, 200, 200]""]",days since 1993-01-01 00:00:00,gregorian
northwest_atlantic/full_domain/hindcast/monthly/raw/r20250715,fed,1,372,372,1993-01-16,2023-12-16,dfe7b5b5a9,[100],[372],"[""[52, 845, 775]""]","[""[100, 10, 200, 200]""]",days since 1993-01-01 00:00:00,gregorian
northwest_atlantic/full_domain/hindcast/monthly/raw/r20250715,fedet,1,372,372,1993-01-16,2023-12-16,dfe7b5b5a9,[100],[372],"[""[52, 845, 775]""]","[""[100, 10, 200, 200]""]",days since 1993-01-01 00:00:00,gregorian
northwest_atlantic/full_domain/hindcast/monthly/raw/r20250715,feprime,1,372,372,1993-01-16,2023-12-16,dfe7b5b5a9,[100],[372],"[""[52, 845, 775]""]","[""[100, 10, 200, 200]""]",days since 1993-01-01 00:00:00,gregorian
northwest_atlantic/full_domain/hindcast/monthly/raw/r20250715,ffe_sed,1,372,372,1993-01-16,2023-12-16,dfe7b5b5a9,[100],[372],"[""[845, 775]""]","[""[100, 200, 200]""]",days since 1993-01-01 00:00:00,gregorian
northwest_atlantic/full_domain/hindcast/monthly/raw/r20250715,ffedet_100,1,372,372,1993-01-16,2023-12-16,dfe7b5b5a9,[100],[372],"[""[845, 775]""]","[""[100, 200, 200]""]",days since 1993-01-01 00:00:00,gregorian
northwest_atlantic/full_domain/hindcast/monthly/raw/r20250715,ffedet_btm,1,372,372,1993-01-16,2023-12-16,dfe7b5b5a9,[100],[372],"[""[845, 775]""]","[""[100, 200, 200]""]",days since 1993-01-01 00:00:00,gregorian
northwest_atlantic/full_domain/hindcast/monthly/raw/r20250715,ffedi_btm,1,372,372,1993-01-16,2023-12-16,dfe7b5b5a9,[100],[372],"[""[845, 775]""]","[""[100, 200, 200]""]",days since 1993-01-01 00:00:00,gregorian
northwest_atlantic/full_domain/hindcast/monthly/raw/r20250715,ffelg_btm,1,372,372,1993-01-16,2023-12-16,dfe7b5b5a9,[100],[372],"[""[845, 775]""]","[""[100, 200, 200]""]",days since 1993-01-01 00:00:00,gregorian
northwest_atlantic/full_domain/hindcast/monthly/raw/r20250715,ffemd_btm,1,372,372,1993-01-16,2023-12-16,dfe7b5b5a9,[100],[372],"[""[845, 775]""]","[""[100, 200, 200]""]",days since 1993-01-01 00:00:00,gregorian
northwest_atlantic/full_domain/hindcast/monthly/raw/r20250715,ffetot_btm,1,372,372,1993-01-16,2023-12-16,dfe7b5b5a9,[100],[372],"[""[845, 775]""]","[""[100, 200, 200]""]",days since 1993-01-01 00:00:00,gregorian
northwest_atlantic/full_domain/hindcast/monthly/raw/r20250715,fgco2,1,372,372,1993-01-16,2023-12-16,dfe7b5b5a9,[100],[372],"[""[845, 775]""]","[""[100, 200, 200]""]",days since 1993-01-01 00:00:00,gregorian
northwest_atlantic/full_domain/hindcast/monthly/raw/r20250715,fgo2,1,372,372,1993-01-16,2023-12-16,dfe7b5b5a9,[100],[372],"[""[845, 775]""]","[""[100, 200, 200]""]",days since 1993-01-01 00:00:00,gregorian
northwest_atlantic/full_domain/hindcast/monthly/raw/r20250715,ficeberg,1,372,372,1993-01-16,2023-12-16,dfe7b5b5a9,[100],[372],"[""[845, 775]""]","[""[100, 200, 200]""]",days since 1993-01-01 00:00:00,gregorian
northwest_atlantic/full_domain/hindcast/monthly/raw/r20250715,flithdet_100,1,372,372,1993-01-16,2023-12-16,dfe7b5b5a9,[100],[372],"[""[845, 775]""]","[""[100, 200, 200]""]",days since 1993-01-01 00:00:00,gregorian
northwest_atlantic/full_domain/hindcast/monthly/raw/r20250715,flithdet_btm,1,372,372,1993-01-16,2023-12-16,dfe7b5b5a9,[100],[372],"[""[845, 775]""]","[""[100, 200, 200]""]",days since 1993-01-01 00:00:00,gregorian
northwest_atlantic/full_domain/hindcast/monthly/raw/r20250715,fndet_100,1,372,372,1993-01-16,2023-12-16,dfe7b5b5a9,[100],[372],"[""[845, 775]""]","[""[100, 200, 200]""]",days since 1993-01-01 00:00:00,gregorian
northwest_atlantic/full_domain/hindcast/monthly/raw/r20250715,fndet_btm,1,372,372,1993-01-16,2023-12-16,dfe7b5b5a9,[100],[372],"[""[845, 775]""]","[""[100, 200, 200]""]",days since 1993-01-01 00:00:00,gregorian
northwest_atlantic/full_domain/hindcast/monthly/raw/r20250715,fndi_btm,1,372,372,1993-01-16,2023-12-16,dfe7b5b5a9,[100],[372],"[""[845, 775]""]","[""[100, 200, 200]""]",days since 1993-01-01 00:00:00,gregorian
northwest_atlantic/full_domain/hindcast/monthly/raw/r20250715,fnlg_btm,1,372,372,1993-01-16,2023-12-16,dfe7b5b5a9,[100],[372],"[""[845, 775]""]","[""[100, 200, 200]""]",days since 1993-01-01 00:00:00,gregorian
northwest_atlantic/full_domain/hindcast/monthly/raw/r20250715,fnmd_btm,1,372,372,1993-01-16,2023-12-16,dfe7b5b5a9,[100],[372],"[""[845, 775]""]","[""[100, 200, 200]""]",days since 1993-01-01 00:00:00,gregorian
northwest_atlantic/full_domain/hindcast/monthly/raw/r20250715,fno3denit_sed,1,372,372,1993-01-16,2023-12-16,dfe7b5b5a9,[100],[372],"[""[845, 775]""]","[""[100, 200, 200]""]",days since 1993-01-01 00:00:00,gregorian
northwest_atlantic/full_domain/hindcast/monthly/raw/r20250715,fnoxic_sed,1,372,372,1993-01-16,2023-12-16,dfe7b5b5a9,[100],[372],"[""[845, 775]""]","[""[100, 200, 200]""]",days since 1993-01-01 00:00:00,gregorian
northwest_atlantic/full_domain/hindcast/monthly/raw/r20250715,fnso4red_sed,1,372,372,1993-01-16,2023-12-16,dfe7b5b5a9,[100],[372],"[""[845, 775]""]","[""[100, 200, 200]""]",days since 1993-01-01 00:00:00,gregorian
northwest_atlantic/full_domain/hindcast/monthly/raw/r20250715,fntot_100,1,372,372,1993-01-16,2023-12-16,dfe7b5b5a9,[100],[372],"[""[845, 775]""]","[""[100, 200, 200]""]",days since 1993-01-01 00:00:00,gregorian
northwest_atlantic/full_domain/hindcast/monthly/raw/r20250715,fntot_btm,1,372,372,1993-01-16,2023-12-16,dfe7b5b5a9,[100],[372],"[""[845, 775]""]","[""[100, 200, 200]""]",days since 1993-01-01 00:00:00,gregorian
northwest_atlantic/full_domain/hindcast/monthly/raw/r20250715,fpdet_100,1,372,372,1993-01-16,2023-12-16,dfe7b5b5a9,[100],[372],"[""[845, 775]""]","[""[100, 200, 200]""]",days since 1993-01-01 00:00:00,gregorian
northwest_atlantic/full_domain/hindcast/monthly/raw/r20250715,fpdet_btm,1,372,372,1993-01-16,2023-12-16,dfe7b5b5a9,[100],[372],"[""[845, 775]""]","[""[100, 200, 200]""]",days since 1993-01-01 00:00:00,gregorian
northwest_atlantic/full_domain/hindcast/monthly/raw/r20250715,fpdi_btm,1,372,372,1993-01-16,2023-12-16,dfe7b5b5a9,[100],[372],"[""[845, 775]""]","[""[100, 200, 200]""]",days since 1993-01-01 00:00:00,gregorian
northwest_atlantic/full_domain/hindcast/monthly/raw/r20250715,fplg_btm,1,372,372,1993-01-16,2023-12-16,dfe7b5b5a9,[100],[372],"[""[845, 775]""]","[""[100, 200, 200]""]",days since 1993-01-01 00:00:00,gregorian
northwest_atlantic/full_domain/hindcast/monthly/raw/r20250715,fpmd_btm,1,372,372,1993-01-16,2023-12-16,dfe7b5b5a9,[100],[372],"[""[845, 775]""]","[""[100, 200, 200]""]",days since 1993-01-01 00:00:00,gregorian
northwest_atlantic/full_domain/hindcast/monthly/raw/r20250715,fptot_100,1,372,372,1993-01-16,2023-12-16,dfe7b5b5a9,[100],[372],"[""[845, 775]""]","[""[100, 200, 200]""]",days since 1993-01-01 00:00:00,gregorian
northwest_atlantic/full_domain/hindcast/monthly/raw/r20250715,fptot_btm,1,372,372,1993-01-16,2023-12-16,dfe7b5b5a9,[100],[372],"[""[845, 775]""]","[""[100, 200, 200]""]",days since 1993-01-01 00:00:00,gregorian
northwest_atlantic/full_domain/hindcast/monthly/raw/r20250715,frfe,1,372,372,1993-01-16,2023-12-16,dfe7b5b5a9,[100],[372],"[""[845, 775]""]","[""[100, 200, 200]""]",days since 1993-01-01 00:00:00,gregorian
northwest_atlantic/full_domain/hindcast/monthly/raw/r20250715,fric,1,372,372,1993-01-16,2023-12-16,dfe7b5b5a9,[100],[372],"[""[845, 775]""]","[""[100, 200, 200]""]",days since 1993-01-01 00:00:00,gregorian
northwest_atlantic/full_domain/hindcast/monthly/raw/r20250715,friver,1,372,372,1993-01-16,2023-12-16,dfe7b5b5a9,[100],[372],"[""[845, 775]""]","[""[100, 200, 200]""]",days since 1993-01-01 00:00:00,gregorian
northwest_atlantic/full_domain/hindcast/monthly/raw/r20250715,frn,1,372,372,1993-01-16,2023-12-16,dfe7b5b5a9,[100],[372],"[""[845, 775]""]","[""[100, 200, 200]""]",days since 1993-01-01 00:00:00,gregorian
northwest_atlantic/full_domain/hindcast/monthly/raw/r20250715,froc,1,372,372,1993-01-16,2023-12-16,dfe7b5b5a9,[100],[372],"[""[845, 775]""]","[""[100, 200, 200]""]",days since 1993-01-01 00:00:00,gregorian
northwest_atlantic/full_domain/hindcast/monthly/raw/r20250715,fsfe,1,372,372,1993-01-16,2023-12-16,dfe7b5b5a9,[100],[372],"[""[845, 775]""]","[""[100, 200, 200]""]",days since 1993-01-01 00:00:00,gregorian
northwest_atlantic/full_domain/hindcast/monthly/raw/r20250715,fsidet_100,1,372,372,1993-01-16,2023-12-16,dfe7b5b5a9,[100],[372],"[""[845, 775]""]","[""[100, 200, 200]""]",days since 1993-01-01 00:00:00,gregorian
northwest_atlantic/full_domain/hindcast/monthly/raw/r20250715,fsidet_btm,1,372,372,1993-01-16,2023-12-16,dfe7b5b5a9,[100],[372],"[""[845, 775]""]","[""[100, 200, 200]""]",days since 1993-01-01 00:00:00,gregorian
northwest_atlantic/full_domain/hindcast/monthly/raw/r20250715,fsilg_btm,1,372,372,1993-01-16,2023-12-16,dfe7b5b5a9,[100],[372],"[""[845, 775]""]","[""[100, 200, 200]""]",days since 1993-01-01 00:00:00,gregorian
northwest_atlantic/full_domain/hindcast/monthly/raw/r20250715,fsimd_btm,1,372,372,1993-01-16,2023-12-16,dfe7b5b5a9,[100],[372],"[""[845, 775]""]","[""[100, 200, 200]""]",days since 1993-01-01 00:00:00,gregorian
northwest_atlantic/full_domain/hindcast/monthly/raw/r20250715,fsitherm,1,372,372,1993-01-16,2023-12-16,dfe7b5b5a9,[100],[372],"[""[845, 775]""]","[""[100, 200, 200]""]",days since 1993-01-01 00:00:00,gregorian
northwest_atlantic/full_domain/hindcast/monthly/raw/r20250715,fsn,1,372,372,1993-01-16,2023-12-16,dfe7b5b5a9,[100],[372],"[""[845, 775]""]","[""[100, 200, 200]""]",days since 1993-01-01 00:00:00,gregorian
northwest_atlantic/full_domain/hindcast/monthly/raw/r20250715,heat_content_cond,1,372,372,1993-01-16,2023-12-16,dfe7b5b5a9,[100],[372],"[""[845, 775]""]","[""[100, 200, 200]""]",days since 1993-01-01 00:00:00,gregorian
northwest_atlantic/full_domain/hindcast/monthly/raw/r20250715,heat_content_fprec,1,372,372,1993-01-16,2023-12-16,dfe7b5b5a9,[100],[372],"[""[845, 775]""]","[""[100, 200, 200]""]",days since 1993-01-01 00:00:00,gregorian
northwest_atlantic/full_domain/hindcast/monthly/raw/r20250715,heat_content_massin,1,372,372,1993-01-16,2023-12-16,dfe7b5b5a9,[100],[372],"[""[845, 775]""]","[""[100, 200, 200]""]",days since 1993-01-01 00:00:00,gregorian
northwest_atlantic/full_domain/hindcast/monthly/raw/r20250715,heat_content_massout,1,372,372,1993-01-16,2023-12-16,dfe7b5b5a9,[100],[372],"[""[845, 775]""]","[""[100, 200, 200]""]",days since 1993-01-01 00:00:00,gregorian
northwest_atlantic/full_domain/hindcast/monthly/raw/r20250715,heat_content_surfwater,1,372,372,1993-01-16,2023-12-16,dfe7b5b5a9,[100],[372],"[""[845, 775]""]","[""[100, 200, 200]""]",days since 1993-01-01 00:00:00,gregorian
northwest_atlantic/full_domain/hindcast/monthly/raw/r20250715,hfds,1,372,372,1993-01-16,2023-12-16,dfe7b5b5a9,[100],[372],"[""[845, 775]""]","[""[100, 200, 200]""]",days since 1993-01-01 00:00:00,gregorian
northwest_atlantic/full_domain/hindcast/monthly/raw/r20250715,hfevapds,1,372,372,1993-01-16,2023-12-16,dfe7b5b5a9,[100],[372],"[""[845, 775]""]","[""[100, 200, 200]""]",days since 1993-01-01 00:00:00,gregorian
northwest_atlantic/full_domain/hindcast/monthly/raw/r20250715,hfibthermds,1,372,372,1993-01-16,2023-12-16,dfe7b5b5a9,[100],[372],"[""[845, 775]""]","[""[100, 200, 200]""]",days since 1993-01-01 00:00:00,gregorian
northwest_atlantic/full_domain/hindcast/monthly/raw/r20250715,hflso,1,372,372,1993-01-16,2023-12-16,dfe7b5b5a9,[100],[372],"[""[845, 775]""]","[""[100, 200, 200]""]",days since 1993-01-01 00:00:00,gregorian
northwest_atlantic/full_domain/hindcast/monthly/raw/r20250715,hfrainds,1,372,372,1993-01-16,2023-12-16,dfe7b5b5a9,[100],[372],"[""[845, 775]""]","[""[100, 200, 200]""]",days since 1993-01-01 00:00:00,gregorian
northwest_atlantic/full_domain/hindcast/monthly/raw/r20250715,hfrunoffds,1,372,372,1993-01-16,2023-12-16,dfe7b5b5a9,[100],[372],"[""[845, 775]""]","[""[100, 200, 200]""]",days since 1993-01-01 00:00:00,gregorian
northwest_atlantic/full_domain/hindcast/monthly/raw/r20250715,hfsifrazil,1,372,372,1993-01-16,2023-12-16,dfe7b5b5a9,[100],[372],"[""[845, 775]""]","[""[100, 200, 200]""]",days since 1993-01-01 00:00:00,gregorian
northwest_atlantic/full_domain/hindcast/monthly/raw/r20250715,hfsnthermds,1,372,372,1993-01-16,2023-12-16,dfe7b5b5a9,[100],[372],"[""[845, 775]""]","[""[100, 200, 200]""]",days since 1993-01-01 00:00:00,gregorian
northwest_atlantic/full_domain/hindcast/monthly/raw/r20250715,hfsso,1,372,372,1993-01-16,2023-12-16,dfe7b5b5a9,[100],[372],"[""[845, 775]""]","[""[100, 200, 200]""]",days since 1993-01-01 00:00:00,gregorian
northwest_atlantic/full_domain/hindcast/monthly/raw/r20250715,htotal,1,372,372,1993-01-16,2023-12-16,dfe7b5b5a9,[100],[372],"[""[52, 845, 775]""]","[""[100, 10, 200, 200]""]",days since 1993-01-01 00:00:00,gregorian
northwest_atlantic/full_domain/hindcast/monthly/raw/r20250715,icfriver,1,372,372,1993-01-16,2023-12-16,dfe7b5b5a9,[100],[372],"[""[845, 775]""]","[""[100, 200, 200]""]",days since 1993-01-01 00:00:00,gregorian
northwest_atlantic/full_domain/hindcast/monthly/raw/r20250715,intdic,1,372,372,1993-01-16,2023-12-16,dfe7b5b5a9,[100],[372],"[""[845, 775]""]","[""[100, 200, 200]""]",days since 1993-01-01 00:00:00,gregorian
northwest_atlantic/full_domain/hindcast/monthly/raw/r20250715,intdoc,1,372,372,1993-01-16,2023-12-16,dfe7b5b5a9,[100],[372],"[""[845, 775]""]","[""[100, 200, 200]""]",days since 1993-01-01 00:00:00,gregorian
northwest_atlantic/full_domain/hindcast/monthly/raw/r20250715,intparag,1,372,372,1993-01-16,2023-12-16,dfe7b5b5a9,[100],[372],"[""[845, 775]""]","[""[100, 200, 200]""]",days since 1993-01-01 00:00:00,gregorian
northwest_atlantic/full_domain/hindcast/monthly/raw/r20250715,intpbfe,1,372,372,1993-01-16,2023-12-16,dfe7b5b5a9,[100],[372],"[""[845, 775]""]","[""[100, 200, 200]""]",days since 1993-01-01 00:00:00,gregorian
northwest_atlantic/full_domain/hindcast/monthly/raw/r20250715,intpbn,1,372,372,1993-01-16,2023-12-16,dfe7b5b5a9,[100],[372],"[""[845, 775]""]","[""[100, 200, 200]""]",days since 1993-01-01 00:00:00,gregorian
northwest_atlantic/full_domain/hindcast/monthly/raw/r20250715,intpbp,1,372,372,1993-01-16,2023-12-16,dfe7b5b5a9,[100],[372],"[""[845, 775]""]","[""[100, 200, 200]""]",days since 1993-01-01 00:00:00,gregorian
northwest_atlantic/full_domain/hindcast/monthly/raw/r20250715,intpbsi,1,372,372,1993-01-16,2023-12-16,dfe7b5b5a9,[100],[372],"[""[845, 775]""]","[""[100, 200, 200]""]",days since 1993-01-01 00:00:00,gregorian
northwest_atlantic/full_domain/hindcast/monthly/raw/r20250715,intpcalcite,1,372,372,1993-01-16,2023-12-16,dfe7b5b5a9,[100],[372],"[""[845, 775]""]","[""[100, 200, 200]""]",days since 1993-01-01 00:00:00,gregorian
northwest_atlantic/full_domain/hindcast/monthly/raw/r20250715,intpn2,1,372,372,1993-01-16,2023-12-16,dfe7b5b5a9,[100],[372],"[""[845, 775]""]","[""[100, 200, 200]""]",days since 1993-01-01 00:00:00,gregorian
northwest_atlantic/full_domain/hindcast/monthly/raw/r20250715,intpoc,1,372,372,1993-01-16,2023-12-16,dfe7b5b5a9,[100],[372],"[""[845, 775]""]","[""[100, 200, 200]""]",days since 1993-01-01 00:00:00,gregorian
northwest_atlantic/full_domain/hindcast/monthly/raw/r20250715,intpp,1,372,372,1993-01-16,2023-12-16,dfe7b5b5a9,[100],[372],"[""[845, 775]""]","[""[100, 200, 200]""]",days since 1993-01-01 00:00:00,gregorian
northwest_atlantic/full_domain/hindcast/monthly/raw/r20250715,intppdiat,1,372,372,1993-01-16,2023-12-16,dfe7b5b5a9,[100],[372],"[""[845, 775]""]","[""[100, 200, 200]""]",days since 1993-01-01 00:00:00,gregorian
northwest_atlantic/full_domain/hindcast/monthly/raw/r20250715,intppdiaz,1,372,372,1993-01-16,2023-12-16,dfe7b5b5a9,[100],[372],"[""[845, 775]""]","[""[100, 200, 200]""]",days since 1993-01-01 00:00:00,gregorian
northwest_atlantic/full_domain/hindcast/monthly/raw/r20250715,intppmisc,1,372,372,1993-01-16,2023-12-16,dfe7b5b5a9,[100],[372],"[""[845, 775]""]","[""[100, 200, 200]""]",days since 1993-01-01 00:00:00,gregorian
northwest_atlantic/full_domain/hindcast/monthly/raw/r20250715,intppnitrate,1,372,372,1993-01-16,2023-12-16,dfe7b5b5a9,[100],[372],"[""[845, 775]""]","[""[100, 200, 200]""]",days since 1993-01-01 00:00:00,gregorian
northwest_atlantic/full_domain/hindcast/monthly/raw/r20250715,intpppico,1,372,372,1993-01-16,2023-12-16,dfe7b5b5a9,[100],[372],"[""[845, 775]""]","[""[100, 200, 200]""]",days since 1993-01-01 00:00:00,gregorian
northwest_atlantic/full_domain/hindcast/monthly/raw/r20250715,irr_inst,1,372,372,1993-01-16,2023-12-16,dfe7b5b5a9,[100],[372],"[""[52, 845, 775]""]","[""[100, 10, 200, 200]""]",days since 1993-01-01 00:00:00,gregorian
northwest_atlantic/full_domain/hindcast/monthly/raw/r20250715,irr_mix,1,372,372,1993-01-16,2023-12-16,dfe7b5b5a9,[100],[372],"[""[52, 845, 775]""]","[""[100, 10, 200, 200]""]",days since 1993-01-01 00:00:00,gregorian
northwest_atlantic/full_domain/hindcast/monthly/raw/r20250715,irrlim_Di,1,372,372,1993-01-16,2023-12-16,dfe7b5b5a9,[100],[372],"[""[52, 845, 775]""]","[""[100, 10, 200, 200]""]",days since 1993-01-01 00:00:00,gregorian
northwest_atlantic/full_domain/hindcast/monthly/raw/r20250715,irrlim_Lg,1,372,372,1993-01-16,2023-12-16,dfe7b5b5a9,[100],[372],"[""[52, 845, 775]""]","[""[100, 10, 200, 200]""]",days since 1993-01-01 00:00:00,gregorian
northwest_atlantic/full_domain/hindcast/monthly/raw/r20250715,irrlim_Md,1,372,372,1993-01-16,2023-12-16,dfe7b5b5a9,[100],[372],"[""[52, 845, 775]""]","[""[100, 10, 200, 200]""]",days since 1993-01-01 00:00:00,gregorian
northwest_atlantic/full_domain/hindcast/monthly/raw/r20250715,irrlim_Sm,1,372,372,1993-01-16,2023-12-16,dfe7b5b5a9,[100],[372],"[""[52, 845, 775]""]","[""[100, 10, 200, 200]""]",days since 1993-01-01 00:00:00,gregorian
northwest_atlantic/full_domain/hindcast/monthly/raw/r20250715,jaggloss_nlgp_100,1,372,372,1993-01-16,2023-12-16,dfe7b5b5a9,[100],[372],"[""[845, 775]""]","[""[100, 200, 200]""]",days since 1993-01-01 00:00:00,gregorian
northwest_atlantic/full_domain/hindcast/monthly/raw/r20250715,jaggloss_nmdp_100,1,372,372,1993-01-16,2023-12-16,dfe7b5b5a9,[100],[372],"[""[845, 775]""]","[""[100, 200, 200]""]",days since 1993-01-01 00:00:00,gregorian
northwest_atlantic/full_domain/hindcast/monthly/raw/r20250715,jaggloss_nsmp_100,1,372,372,1993-01-16,2023-12-16,dfe7b5b5a9,[100],[372],"[""[845, 775]""]","[""[100, 200, 200]""]",days since 1993-01-01 00:00:00,gregorian
northwest_atlantic/full_domain/hindcast/monthly/raw/r20250715,jexuloss_ndi_100,1,372,372,1993-01-16,2023-12-16,dfe7b5b5a9,[100],[372],"[""[845, 775]""]","[""[100, 200, 200]""]",days since 1993-01-01 00:00:00,gregorian
northwest_atlantic/full_domain/hindcast/monthly/raw/r20250715,jexuloss_nlgp_100,1,372,372,1993-01-16,2023-12-16,dfe7b5b5a9,[100],[372],"[""[845, 775]""]","[""[100, 200, 200]""]",days since 1993-01-01 00:00:00,gregorian
northwest_atlantic/full_domain/hindcast/monthly/raw/r20250715,jexuloss_nmdp_100,1,372,372,1993-01-16,2023-12-16,dfe7b5b5a9,[100],[372],"[""[845, 775]""]","[""[100, 200, 200]""]",days since 1993-01-01 00:00:00,gregorian
northwest_atlantic/full_domain/hindcast/monthly/raw/r20250715,jexuloss_nsmp_100,1,372,372,1993-01-16,2023-12-16,dfe7b5b5a9,[100],[372],"[""[845, 775]""]","[""[100, 200, 200]""]",days since 1993-01-01 00:00:00,gregorian
northwest_atlantic/full_domain/hindcast/monthly/raw/r20250715,jhploss_nlgz_100,1,372,372,1993-01-16,2023-12-16,dfe7b5b5a9,[100],[372],"[""[845, 775]""]","[""[100, 200, 200]""]",days since 1993-01-01 00:00:00,gregorian
northwest_atlantic/full_domain/hindcast/monthly/raw/r20250715,jhploss_nmdz_100,1,372,372,1993-01-16,2023-12-16,dfe7b5b5a9,[100],[372],"[""[845, 775]""]","[""[100, 200, 200]""]",days since 1993-01-01 00:00:00,gregorian
northwest_atlantic/full_domain/hindcast/monthly/raw/r20250715,jingest_n_hp_100,1,372,372,1993-01-16,2023-12-16,dfe7b5b5a9,[100],[372],"[""[845, 775]""]","[""[100, 200, 200]""]",days since 1993-01-01 00:00:00,gregorian
northwest_atlantic/full_domain/hindcast/monthly/raw/r20250715,jingest_n_nlgz_100,1,372,372,1993-01-16,2023-12-16,dfe7b5b5a9,[100],[372],"[""[845, 775]""]","[""[100, 200, 200]""]",days since 1993-01-01 00:00:00,gregorian
northwest_atlantic/full_domain/hindcast/monthly/raw/r20250715,jingest_n_nmdz_100,1,372,372,1993-01-16,2023-12-16,dfe7b5b5a9,[100],[372],"[""[845, 775]""]","[""[100, 200, 200]""]",days since 1993-01-01 00:00:00,gregorian
northwest_atlantic/full_domain/hindcast/monthly/raw/r20250715,jingest_n_nsmz_100,1,372,372,1993-01-16,2023-12-16,dfe7b5b5a9,[100],[372],"[""[845, 775]""]","[""[100, 200, 200]""]",days since 1993-01-01 00:00:00,gregorian
northwest_atlantic/full_domain/hindcast/monthly/raw/r20250715,jmortloss_ndi_100,1,372,372,1993-01-16,2023-12-16,dfe7b5b5a9,[100],[372],"[""[845, 775]""]","[""[100, 200, 200]""]",days since 1993-01-01 00:00:00,gregorian
northwest_atlantic/full_domain/hindcast/monthly/raw/r20250715,jmortloss_nlgp_100,1,372,372,1993-01-16,2023-12-16,dfe7b5b5a9,[100],[372],"[""[845, 775]""]","[""[100, 200, 200]""]",days since 1993-01-01 00:00:00,gregorian
northwest_atlantic/full_domain/hindcast/monthly/raw/r20250715,jmortloss_nmdp_100,1,372,372,1993-01-16,2023-12-16,dfe7b5b5a9,[100],[372],"[""[845, 775]""]","[""[100, 200, 200]""]",days since 1993-01-01 00:00:00,gregorian
northwest_atlantic/full_domain/hindcast/monthly/raw/r20250715,jmortloss_nsmp_100,1,372,372,1993-01-16,2023-12-16,dfe7b5b5a9,[100],[372],"[""[845, 775]""]","[""[100, 200, 200]""]",days since 1993-01-01 00:00:00,gregorian
northwest_atlantic/full_domain/hindcast/monthly/raw/r20250715,jprod_cadet_arag_100,1,372,372,1993-01-16,2023-12-16,dfe7b5b5a9,[100],[372],"[""[845, 775]""]","[""[100, 200, 200]""]",days since 1993-01-01 00:00:00,gregorian
northwest_atlantic/full_domain/hindcast/monthly/raw/r20250715,jprod_cadet_calc_100,1,372,372,1993-01-16,2023-12-16,dfe7b5b5a9,[100],[372],"[""[845, 775]""]","[""[100, 200, 200]""]",days since 1993-01-01 00:00:00,gregorian
northwest_atlantic/full_domain/hindcast/monthly/raw/r20250715,jprod_don_nmdz_100,1,372,372,1993-01-16,2023-12-16,dfe7b5b5a9,[100],[372],"[""[845, 775]""]","[""[100, 200, 200]""]",days since 1993-01-01 00:00:00,gregorian
northwest_atlantic/full_domain/hindcast/monthly/raw/r20250715,jprod_don_nsmz_100,1,372,372,1993-01-16,2023-12-16,dfe7b5b5a9,[100],[372],"[""[845, 775]""]","[""[100, 200, 200]""]",days since 1993-01-01 00:00:00,gregorian
northwest_atlantic/full_domain/hindcast/monthly/raw/r20250715,jprod_lithdet_100,1,372,372,1993-01-16,2023-12-16,dfe7b5b5a9,[100],[372],"[""[845, 775]""]","[""[100, 200, 200]""]",days since 1993-01-01 00:00:00,gregorian
northwest_atlantic/full_domain/hindcast/monthly/raw/r20250715,jprod_mesozoo_200,1,372,372,1993-01-16,2023-12-16,dfe7b5b5a9,[100],[372],"[""[845, 775]""]","[""[100, 200, 200]""]",days since 1993-01-01 00:00:00,gregorian
northwest_atlantic/full_domain/hindcast/monthly/raw/r20250715,jprod_nbact_100,1,372,372,1993-01-16,2023-12-16,dfe7b5b5a9,[100],[372],"[""[845, 775]""]","[""[100, 200, 200]""]",days since 1993-01-01 00:00:00,gregorian
northwest_atlantic/full_domain/hindcast/monthly/raw/r20250715,jprod_ndet_hp_100,1,372,372,1993-01-16,2023-12-16,dfe7b5b5a9,[100],[372],"[""[845, 775]""]","[""[100, 200, 200]""]",days since 1993-01-01 00:00:00,gregorian
northwest_atlantic/full_domain/hindcast/monthly/raw/r20250715,jprod_ndet_nlgz_100,1,372,372,1993-01-16,2023-12-16,dfe7b5b5a9,[100],[372],"[""[845, 775]""]","[""[100, 200, 200]""]",days since 1993-01-01 00:00:00,gregorian
northwest_atlantic/full_domain/hindcast/monthly/raw/r20250715,jprod_ndet_nmdz_100,1,372,372,1993-01-16,2023-12-16,dfe7b5b5a9,[100],[372],"[""[845, 775]""]","[""[100, 200, 200]""]",days since 1993-01-01 00:00:00,gregorian
northwest_atlantic/full_domain/hindcast/monthly/raw/r20250715,jprod_ndi_100,1,372,372,1993-01-16,2023-12-16,dfe7b5b5a9,[100],[372],"[""[845, 775]""]","[""[100, 200, 200]""]",days since 1993-01-01 00:00:00,gregorian
northwest_atlantic/full_domain/hindcast/monthly/raw/r20250715,jprod_ndi_n2_100,1,372,372,1993-01-16,2023-12-16,dfe7b5b5a9,[100],[372],"[""[845, 775]""]","[""[100, 200, 200]""]",days since 1993-01-01 00:00:00,gregorian
northwest_atlantic/full_domain/hindcast/monthly/raw/r20250715,jprod_ndi_new_100,1,372,372,1993-01-16,2023-12-16,dfe7b5b5a9,[100],[372],"[""[845, 775]""]","[""[100, 200, 200]""]",days since 1993-01-01 00:00:00,gregorian
northwest_atlantic/full_domain/hindcast/monthly/raw/r20250715,jprod_nlgp_100,1,372,372,1993-01-16,2023-12-16,dfe7b5b5a9,[100],[372],"[""[845, 775]""]","[""[100, 200, 200]""]",days since 1993-01-01 00:00:00,gregorian
northwest_atlantic/full_domain/hindcast/monthly/raw/r20250715,jprod_nlgp_new_100,1,372,372,1993-01-16,2023-12-16,dfe7b5b5a9,[100],[372],"[""[845, 775]""]","[""[100, 200, 200]""]",days since 1993-01-01 00:00:00,gregorian
northwest_atlantic/full_domain/hindcast/monthly/raw/r20250715,jprod_nlgz_100,1,372,372,1993-01-16,2023-12-16,dfe7b5b5a9,[100],[372],"[""[845, 775]""]","[""[100, 200, 200]""]",days since 1993-01-01 00:00:00,gregorian
northwest_atlantic/full_domain/hindcast/monthly/raw/r20250715,jprod_nmdp_100,1,372,372,1993-01-16,2023-12-16,dfe7b5b5a9,[100],[372],"[""[845, 775]""]","[""[100, 200, 200]""]",days since 1993-01-01 00:00:00,gregorian
northwest_atlantic/full_domain/hindcast/monthly/raw/r20250715,jprod_nmdp_new_100,1,372,372,1993-01-16,2023-12-16,dfe7b5b5a9,[100],[372],"[""[845, 775]""]","[""[100, 200, 200]""]",days since 1993-01-01 00:00:00,gregorian
northwest_atlantic/full_domain/hindcast/monthly/raw/r20250715,jprod_nmdz_100,1,372,372,1993-01-16,2023-12-16,dfe7b5b5a9,[100],[372],"[""[845, 775]""]","[""[100, 200, 200]""]",days since 1993-01-01 00:00:00,gregorian
northwest_atlantic/full_domain/hindcast/monthly/raw/r20250715,jprod_nsmp_100,1,372,372,1993-01-16,2023-12-16,dfe7b5b5a9,[100],[372],"[""[845, 775]""]","[""[100, 200, 200]""]",days since 1993-01-01 00:00:00,gregorian
northwest_atlantic/full_domain/hindcast/monthly/raw/r20250715,jprod_nsmp_new_100,1,372,372,1993-01-16,2023-12-16,dfe7b5b5a9,[100],[372],"[""[845, 775]""]","[""[100, 200, 200]""]",days since 1993-01-01 00:00:00,gregorian
northwest_atlantic/full_domain/hindcast/monthly/raw/r20250715,jprod_nsmz_100,1,372,372,1993-01-16,2023-12-16,dfe7b5b5a9,[100],[372],"[""[845, 775]""]","[""[100, 200, 200]""]",days since 1993-01-01 00:00:00,gregorian
northwest_atlantic/full_domain/hindcast/monthly/raw/r20250715,jprod_sidet_100,1,372,372,1993-01-16,2023-12-16,dfe7b5b5a9,[100],[372],"[""[845, 775]""]","[""[100, 200, 200]""]",days since 1993-01-01 00:00:00,gregorian
northwest_atlantic/full_domain/hindcast/monthly/raw/r20250715,jremin_n_hp_100,1,372,372,1993-01-16,2023-12-16,dfe7b5b5a9,[100],[372],"[""[845, 775]""]","[""[100, 200, 200]""]",days since 1993-01-01 00:00:00,gregorian
northwest_atlantic/full_domain/hindcast/monthly/raw/r20250715,jremin_n_nbact_100,1,372,372,1993-01-16,2023-12-16,dfe7b5b5a9,[100],[372],"[""[845, 775]""]","[""[100, 200, 200]""]",days since 1993-01-01 00:00:00,gregorian
northwest_atlantic/full_domain/hindcast/monthly/raw/r20250715,jremin_n_nlgz_100,1,372,372,1993-01-16,2023-12-16,dfe7b5b5a9,[100],[372],"[""[845, 775]""]","[""[100, 200, 200]""]",days since 1993-01-01 00:00:00,gregorian
northwest_atlantic/full_domain/hindcast/monthly/raw/r20250715,jremin_n_nmdz_100,1,372,372,1993-01-16,2023-12-16,dfe7b5b5a9,[100],[372],"[""[845, 775]""]","[""[100, 200, 200]""]",days since 1993-01-01 00:00:00,gregorian
northwest_atlantic/full_domain/hindcast/monthly/raw/r20250715,jremin_n_nsmz_100,1,372,372,1993-01-16,2023-12-16,dfe7b5b5a9,[100],[372],"[""[845, 775]""]","[""[100, 200, 200]""]",days since 1993-01-01 00:00:00,gregorian
northwest_atlantic/full_domain/hindcast/monthly/raw/r20250715,jremin_ndet_100,1,372,372,1993-01-16,2023-12-16,dfe7b5b5a9,[100],[372],"[""[845, 775]""]","[""[100, 200, 200]""]",days since 1993-01-01 00:00:00,gregorian
northwest_atlantic/full_domain/hindcast/monthly/raw/r20250715,juptake_ldon_nbact_100,1,372,372,1993-01-16,2023-12-16,dfe7b5b5a9,[100],[372],"[""[845, 775]""]","[""[100, 200, 200]""]",days since 1993-01-01 00:00:00,gregorian
northwest_atlantic/full_domain/hindcast/monthly/raw/r20250715,jvirloss_nbact_100,1,372,372,1993-01-16,2023-12-16,dfe7b5b5a9,[100],[372],"[""[845, 775]""]","[""[100, 200, 200]""]",days since 1993-01-01 00:00:00,gregorian
northwest_atlantic/full_domain/hindcast/monthly/raw/r20250715,jvirloss_nlgp_100,1,372,372,1993-01-16,2023-12-16,dfe7b5b5a9,[100],[372],"[""[845, 775]""]","[""[100, 200, 200]""]",days since 1993-01-01 00:00:00,gregorian
northwest_atlantic/full_domain/hindcast/monthly/raw/r20250715,jvirloss_nmdp_100,1,372,372,1993-01-16,2023-12-16,dfe7b5b5a9,[100],[372],"[""[845, 775]""]","[""[100, 200, 200]""]",days since 1993-01-01 00:00:00,gregorian
northwest_atlantic/full_domain/hindcast/monthly/raw/r20250715,jvirloss_nsmp_100,1,372,372,1993-01-16,2023-12-16,dfe7b5b5a9,[100],[372],"[""[845, 775]""]","[""[100, 200, 200]""]",days since 1993-01-01 00:00:00,gregorian
northwest_atlantic/full_domain/hindcast/monthly/raw/r20250715,jzloss_nbact_100,1,372,372,1993-01-16,2023-12-16,dfe7b5b5a9,[100],[372],"[""[845, 775]""]","[""[100, 200, 200]""]",days since 1993-01-01 00:00:00,gregorian
northwest_atlantic/full_domain/hindcast/monthly/raw/r20250715,jzloss_ndi_100,1,372,372,1993-01-16,2023-12-16,dfe7b5b5a9,[100],[372],"[""[845, 775]""]","[""[100, 200, 200]""]",days since 1993-01-01 00:00:00,gregorian
northwest_atlantic/full_domain/hindcast/monthly/raw/r20250715,jzloss_nlgp_100,1,372,372,1993-01-16,2023-12-16,dfe7b5b5a9,[100],[372],"[""[845, 775]""]","[""[100, 200, 200]""]",days since 1993-01-01 00:00:00,gregorian
northwest_atlantic/full_domain/hindcast/monthly/raw/r20250715,jzloss_nmdp_100,1,372,372,1993-01-16,2023-12-16,dfe7b5b5a9,[100],[372],"[""[845, 775]""]","[""[100, 200, 200]""]",days since 1993-01-01 00:00:00,gregorian
northwest_atlantic/full_domain/hindcast/monthly/raw/r20250715,jzloss_nmdz_100,1,372,372,1993-01-16,2023-12-16,dfe7b5b5a9,[100],[372],"[""[845, 775]""]","[""[100, 200, 200]""]",days since 1993-01-01 00:00:00,gregorian
northwest_atlantic/full_domain/hindcast/monthly/raw/r20250715,jzloss_nsmp_100,1,372,372,1993-01-16,2023-12-16,dfe7b5b5a9,[100],[372],"[""[845, 775]""]","[""[100, 200, 200]""]",days since 1993-01-01 00:00:00,gregorian
northwest_atlantic/full_domain/hindcast/monthly/raw/r20250715,jzloss_nsmz_100,1,372,372,1993-01-16,2023-12-16,dfe7b5b5a9,[100],[372],"[""[845, 775]""]","[""[100, 200, 200]""]",days since 1993-01-01 00:00:00,gregorian
northwest_atlantic/full_domain/hindcast/monthly/raw/r20250715,limfediat,1,372,372,1993-01-16,2023-12-16,dfe7b5b5a9,[100],[372],"[""[845, 775]""]","[""[100, 200, 200]""]",days since 1993-01-01 00:00:00,gregorian
northwest_atlantic/full_domain/hindcast/monthly/raw/r20250715,limfediaz,1,372,372,1993-01-16,2023-12-16,dfe7b5b5a9,[100],[372],"[""[845, 775]""]","[""[100, 200, 200]""]",days since 1993-01-01 00:00:00,gregorian
northwest_atlantic/full_domain/hindcast/monthly/raw/r20250715,limfemisc,1,372,372,1993-01-16,2023-12-16,dfe7b5b5a9,[100],[372],"[""[845, 775]""]","[""[100, 200, 200]""]",days since 1993-01-01 00:00:00,gregorian
northwest_atlantic/full_domain/hindcast/monthly/raw/r20250715,limfepico,1,372,372,1993-01-16,2023-12-16,dfe7b5b5a9,[100],[372],"[""[845, 775]""]","[""[100, 200, 200]""]",days since 1993-01-01 00:00:00,gregorian
northwest_atlantic/full_domain/hindcast/monthly/raw/r20250715,limirrdiat,1,372,372,1993-01-16,2023-12-16,dfe7b5b5a9,[100],[372],"[""[845, 775]""]","[""[100, 200, 200]""]",days since 1993-01-01 00:00:00,gregorian
northwest_atlantic/full_domain/hindcast/monthly/raw/r20250715,limirrdiaz,1,372,372,1993-01-16,2023-12-16,dfe7b5b5a9,[100],[372],"[""[845, 775]""]","[""[100, 200, 200]""]",days since 1993-01-01 00:00:00,gregorian
northwest_atlantic/full_domain/hindcast/monthly/raw/r20250715,limirrmisc,1,372,372,1993-01-16,2023-12-16,dfe7b5b5a9,[100],[372],"[""[845, 775]""]","[""[100, 200, 200]""]",days since 1993-01-01 00:00:00,gregorian
northwest_atlantic/full_domain/hindcast/monthly/raw/r20250715,limirrpico,1,372,372,1993-01-16,2023-12-16,dfe7b5b5a9,[100],[372],"[""[845, 775]""]","[""[100, 200, 200]""]",days since 1993-01-01 00:00:00,gregorian
northwest_atlantic/full_domain/hindcast/monthly/raw/r20250715,limndiat,1,372,372,1993-01-16,2023-12-16,dfe7b5b5a9,[100],[372],"[""[845, 775]""]","[""[100, 200, 200]""]",days since 1993-01-01 00:00:00,gregorian
northwest_atlantic/full_domain/hindcast/monthly/raw/r20250715,limnmisc,1,372,372,1993-01-16,2023-12-16,dfe7b5b5a9,[100],[372],"[""[845, 775]""]","[""[100, 200, 200]""]",days since 1993-01-01 00:00:00,gregorian
northwest_atlantic/full_domain/hindcast/monthly/raw/r20250715,limnpico,1,372,372,1993-01-16,2023-12-16,dfe7b5b5a9,[100],[372],"[""[845, 775]""]","[""[100, 200, 200]""]",days since 1993-01-01 00:00:00,gregorian
northwest_atlantic/full_domain/hindcast/monthly/raw/r20250715,limpdiat,1,372,372,1993-01-16,2023-12-16,dfe7b5b5a9,[100],[372],"[""[845, 775]""]","[""[100, 200, 200]""]",days since 1993-01-01 00:00:00,gregorian
northwest_atlantic/full_domain/hindcast/monthly/raw/r20250715,limpdiaz,1,372,372,1993-01-16,2023-12-16,dfe7b5b5a9,[100],[372],"[""[845, 775]""]","[""[100, 200, 200]""]",days since 1993-01-01 00:00:00,gregorian
northwest_atlantic/full_domain/hindcast/monthly/raw/r20250715,limpmisc,1,372,372,1993-01-16,2023-12-16,dfe7b5b5a9,[100],[372],"[""[845, 775]""]","[""[100, 200, 200]""]",days since 1993-01-01 00:00:00,gregorian
northwest_atlantic/full_domain/hindcast/monthly/raw/r20250715,limppico,1,372,372,1993-01-16,2023-12-16,dfe7b5b5a9,[100],[372],"[""[845, 775]""]","[""[100, 200, 200]""]",days since 1993-01-01 00:00:00,gregorian
northwest_atlantic/full_domain/hindcast/monthly/raw/r20250715,mesozoo_200,1,372,372,1993-01-16,2023-12-16,dfe7b5b5a9,[100],[372],"[""[845, 775]""]","[""[100, 200, 200]""]",days since 1993-01-01 00:00:00,gregorian
northwest_atlantic/full_domain/hindcast/monthly/raw/r20250715,mlotstmax,1,372,372,1993-01-16,2023-12-16,dfe7b5b5a9,[100],[372],"[""[845, 775]""]","[""[100, 200, 200]""]",days since 1993-01-01 00:00:00,gregorian
northwest_atlantic/full_domain/hindcast/monthly/raw/r20250715,mlotstmin,1,372,372,1993-01-16,2023-12-16,dfe7b5b5a9,[100],[372],"[""[845, 775]""]","[""[100, 200, 200]""]",days since 1993-01-01 00:00:00,gregorian
northwest_atlantic/full_domain/hindcast/monthly/raw/r20250715,mu_Di,1,372,372,1993-01-16,2023-12-16,dfe7b5b5a9,[100],[372],"[""[52, 845, 775]""]","[""[100, 10, 200, 200]""]",days since 1993-01-01 00:00:00,gregorian
northwest_atlantic/full_domain/hindcast/monthly/raw/r20250715,mu_Lg,1,372,372,1993-01-16,2023-12-16,dfe7b5b5a9,[100],[372],"[""[52, 845, 775]""]","[""[100, 10, 200, 200]""]",days since 1993-01-01 00:00:00,gregorian
northwest_atlantic/full_domain/hindcast/monthly/raw/r20250715,mu_Md,1,372,372,1993-01-16,2023-12-16,dfe7b5b5a9,[100],[372],"[""[52, 845, 775]""]","[""[100, 10, 200, 200]""]",days since 1993-01-01 00:00:00,gregorian
northwest_atlantic/full_domain/hindcast/monthly/raw/r20250715,mu_Sm,1,372,372,1993-01-16,2023-12-16,dfe7b5b5a9,[100],[372],"[""[52, 845, 775]""]","[""[100, 10, 200, 200]""]",days since 1993-01-01 00:00:00,gregorian
northwest_atlantic/full_domain/hindcast/monthly/raw/r20250715,nbact,1,372,372,1993-01-16,2023-12-16,dfe7b5b5a9,[100],[372],"[""[52, 845, 775]""]","[""[100, 10, 200, 200]""]",days since 1993-01-01 00:00:00,gregorian
northwest_atlantic/full_domain/hindcast/monthly/raw/r20250715,nbact_100,1,372,372,1993-01-16,2023-12-16,dfe7b5b5a9,[100],[372],"[""[845, 775]""]","[""[100, 200, 200]""]",days since 1993-01-01 00:00:00,gregorian
northwest_atlantic/full_domain/hindcast/monthly/raw/r20250715,ndet,1,372,372,1993-01-16,2023-12-16,dfe7b5b5a9,[100],[372],"[""[52, 845, 775]""]","[""[100, 10, 200, 200]""]",days since 1993-01-01 00:00:00,gregorian
northwest_atlantic/full_domain/hindcast/monthly/raw/r20250715,ndet_100,1,372,372,1993-01-16,2023-12-16,dfe7b5b5a9,[100],[372],"[""[845, 775]""]","[""[100, 200, 200]""]",days since 1993-01-01 00:00:00,gregorian
northwest_atlantic/full_domain/hindcast/monthly/raw/r20250715,ndi,1,372,372,1993-01-16,2023-12-16,dfe7b5b5a9,[100],[372],"[""[52, 845, 775]""]","[""[100, 10, 200, 200]""]",days since 1993-01-01 00:00:00,gregorian
northwest_atlantic/full_domain/hindcast/monthly/raw/r20250715,ndi_100,1,372,372,1993-01-16,2023-12-16,dfe7b5b5a9,[100],[372],"[""[845, 775]""]","[""[100, 200, 200]""]",days since 1993-01-01 00:00:00,gregorian
northwest_atlantic/full_domain/hindcast/monthly/raw/r20250715,net_heat_coupler,1,372,372,1993-01-16,2023-12-16,dfe7b5b5a9,[100],[372],"[""[845, 775]""]","[""[100, 200, 200]""]",days since 1993-01-01 00:00:00,gregorian
northwest_atlantic/full_domain/hindcast/monthly/raw/r20250715,net_massin,1,372,372,1993-01-16,2023-12-16,dfe7b5b5a9,[100],[372],"[""[845, 775]""]","[""[100, 200, 200]""]",days since 1993-01-01 00:00:00,gregorian
northwest_atlantic/full_domain/hindcast/monthly/raw/r20250715,net_massout,1,372,372,1993-01-16,2023-12-16,dfe7b5b5a9,[100],[372],"[""[845, 775]""]","[""[100, 200, 200]""]",days since 1993-01-01 00:00:00,gregorian
northwest_atlantic/full_domain/hindcast/monthly/raw/r20250715,nh4,1,372,372,1993-01-16,2023-12-16,dfe7b5b5a9,[100],[372],"[""[52, 845, 775]""]","[""[100, 10, 200, 200]""]",days since 1993-01-01 00:00:00,gregorian
northwest_atlantic/full_domain/hindcast/monthly/raw/r20250715,nh4_stf,1,372,372,1993-01-16,2023-12-16,dfe7b5b5a9,[100],[372],"[""[845, 775]""]","[""[100, 200, 200]""]",days since 1993-01-01 00:00:00,gregorian
northwest_atlantic/full_domain/hindcast/monthly/raw/r20250715,nh4os,1,372,372,1993-01-16,2023-12-16,dfe7b5b5a9,[100],[372],"[""[845, 775]""]","[""[100, 200, 200]""]",days since 1993-01-01 00:00:00,gregorian
northwest_atlantic/full_domain/hindcast/monthly/raw/r20250715,nlg,1,372,372,1993-01-16,2023-12-16,dfe7b5b5a9,[100],[372],"[""[52, 845, 775]""]","[""[100, 10, 200, 200]""]",days since 1993-01-01 00:00:00,gregorian
northwest_atlantic/full_domain/hindcast/monthly/raw/r20250715,nlgp_100,1,372,372,1993-01-16,2023-12-16,dfe7b5b5a9,[100],[372],"[""[845, 775]""]","[""[100, 200, 200]""]",days since 1993-01-01 00:00:00,gregorian
northwest_atlantic/full_domain/hindcast/monthly/raw/r20250715,nlgz,1,372,372,1993-01-16,2023-12-16,dfe7b5b5a9,[100],[372],"[""[52, 845, 775]""]","[""[100, 10, 200, 200]""]",days since 1993-01-01 00:00:00,gregorian
northwest_atlantic/full_domain/hindcast/monthly/raw/r20250715,nlgz_100,1,372,372,1993-01-16,2023-12-16,dfe7b5b5a9,[100],[372],"[""[845, 775]""]","[""[100, 200, 200]""]",days since 1993-01-01 00:00:00,gregorian
northwest_atlantic/full_domain/hindcast/monthly/raw/r20250715,nmd,1,372,372,1993-01-16,2023-12-16,dfe7b5b5a9,[100],[372],"[""[52, 845, 775]""]","[""[100, 10, 200, 200]""]",days since 1993-01-01 00:00:00,gregorian
northwest_atlantic/full_domain/hindcast/monthly/raw/r20250715,nmdp_100,1,372,372,1993-01-16,2023-12-16,dfe7b5b5a9,[100],[372],"[""[845, 775]""]","[""[100, 200, 200]""]",days since 1993-01-01 00:00:00,gregorian
northwest_atlantic/full_domain/hindcast/monthly/raw/r20250715,nmdz,1,372,372,1993-01-16,2023-12-16,dfe7b5b5a9,[100],[372],"[""[52, 845, 775]""]","[""[100, 10, 200, 200]""]",days since 1993-01-01 00:00:00,gregorian
northwest_atlantic/full_domain/hindcast/monthly/raw/r20250715,nmdz_100,1,372,372,1993-01-16,2023-12-16,dfe7b5b5a9,[100],[372],"[""[845, 775]""]","[""[100, 200, 200]""]",days since 1993-01-01 00:00:00,gregorian
northwest_atlantic/full_domain/hindcast/monthly/raw/r20250715,no3,1,372,372,1993-01-16,2023-12-16,dfe7b5b5a9,[100],[372],"[""[52, 845, 775]""]","[""[100, 10, 200, 200]""]",days since 1993-01-01 00:00:00,gregorian
northwest_atlantic/full_domain/hindcast/monthly/raw/r20250715,no3os,1,372,372,1993-01-16,2023-12-16,dfe7b5b5a9,[100],[372],"[""[845, 775]""]","[""[100, 200, 200]""]",days since 1993-01-01 00:00:00,gregorian
northwest_atlantic/full_domain/hindcast/monthly/raw/r20250715,nsm,1,372,372,1993-01-16,2023-12-16,dfe7b5b5a9,[100],[372],"[""[52, 845, 775]""]","[""[100, 10, 200, 200]""]",days since 1993-01-01 00:00:00,gregorian
northwest_atlantic/full_domain/hindcast/monthly/raw/r20250715,nsmp_100,1,372,372,1993-01-16,2023-12-16,dfe7b5b5a9,[100],[372],"[""[845, 775]""]","[""[100, 200, 200]""]",days since 1993-01-01 00:00:00,gregorian
northwest_atlantic/full_domain/hindcast/monthly/raw/r20250715,nsmz,1,372,372,1993-01-16,2023-12-16,dfe7b5b5a9,[100],[372],"[""[52, 845, 775]""]","[""[100, 10, 200, 200]""]",days since 1993-01-01 00:00:00,gregorian
northwest_atlantic/full_domain/hindcast/monthly/raw/r20250715,nsmz_100,1,372,372,1993-01-16,2023-12-16,dfe7b5b5a9,[100],[372],"[""[845, 775]""]","[""[100, 200, 200]""]",days since 1993-01-01 00:00:00,gregorian
northwest_atlantic/full_domain/hindcast/monthly/raw/r20250715,o2,1,372,372,1993-01-16,2023-12-16,dfe7b5b5a9,[100],[372],"[""[52, 845, 775]""]","[""[100, 10, 200, 200]""]",days since 1993-01-01 00:00:00,gregorian
northwest_atlantic/full_domain/hindcast/monthly/raw/r20250715,o2_alpha,1,372,372,1993-01-16,2023-12-16,dfe7b5b5a9,[100],[372],"[""[845, 775]""]","[""[100, 200, 200]""]",days since 1993-01-01 00:00:00,gregorian
northwest_atlantic/full_domain/hindcast/monthly/raw/r20250715,o2_csurf,1,372,372,1993-01-16,2023-12-16,dfe7b5b5a9,[100],[372],"[""[845, 775]""]","[""[100, 200, 200]""]",days since 1993-01-01 00:00:00,gregorian
northwest_atlantic/full_domain/hindcast/monthly/raw/r20250715,o2_deltap,1,372,372,1993-01-16,2023-12-16,dfe7b5b5a9,[100],[372],"[""[845, 775]""]","[""[100, 200, 200]""]",days since 1993-01-01 00:00:00,gregorian
northwest_atlantic/full_domain/hindcast/monthly/raw/r20250715,o2_kw,1,372,372,1993-01-16,2023-12-16,dfe7b5b5a9,[100],[372],"[""[845, 775]""]","[""[100, 200, 200]""]",days since 1993-01-01 00:00:00,gregorian
northwest_atlantic/full_domain/hindcast/monthly/raw/r20250715,o2_sc_no,1,372,372,1993-01-16,2023-12-16,dfe7b5b5a9,[100],[372],"[""[845, 775]""]","[""[100, 200, 200]""]",days since 1993-01-01 00:00:00,gregorian
northwest_atlantic/full_domain/hindcast/monthly/raw/r20250715,o2_stf_gas,1,372,372,1993-01-16,2023-12-16,dfe7b5b5a9,[100],[372],"[""[845, 775]""]","[""[100, 200, 200]""]",days since 1993-01-01 00:00:00,gregorian
northwest_atlantic/full_domain/hindcast/monthly/raw/r20250715,o2max,1,372,372,1993-01-16,2023-12-16,dfe7b5b5a9,[100],[372],"[""[52, 845, 775]""]","[""[100, 10, 200, 200]""]",days since 1993-01-01 00:00:00,gregorian
northwest_atlantic/full_domain/hindcast/monthly/raw/r20250715,o2min,1,372,372,1993-01-16,2023-12-16,dfe7b5b5a9,[100],[372],"[""[52, 845, 775]""]","[""[100, 10, 200, 200]""]",days since 1993-01-01 00:00:00,gregorian
northwest_atlantic/full_domain/hindcast/monthly/raw/r20250715,o2os,1,372,372,1993-01-16,2023-12-16,dfe7b5b5a9,[100],[372],"[""[845, 775]""]","[""[100, 200, 200]""]",days since 1993-01-01 00:00:00,gregorian
northwest_atlantic/full_domain/hindcast/monthly/raw/r20250715,o2satos,1,372,372,1993-01-16,2023-12-16,dfe7b5b5a9,[100],[372],"[""[845, 775]""]","[""[100, 200, 200]""]",days since 1993-01-01 00:00:00,gregorian
northwest_atlantic/full_domain/hindcast/monthly/raw/r20250715,ocfriver,1,372,372,1993-01-16,2023-12-16,dfe7b5b5a9,[100],[372],"[""[845, 775]""]","[""[100, 200, 200]""]",days since 1993-01-01 00:00:00,gregorian
northwest_atlantic/full_domain/hindcast/monthly/raw/r20250715,omega_arag,1,372,372,1993-01-16,2023-12-16,dfe7b5b5a9,[100],[372],"[""[52, 845, 775]""]","[""[100, 10, 200, 200]""]",days since 1993-01-01 00:00:00,gregorian
northwest_atlantic/full_domain/hindcast/monthly/raw/r20250715,omega_calc,1,372,372,1993-01-16,2023-12-16,dfe7b5b5a9,[100],[372],"[""[52, 845, 775]""]","[""[100, 10, 200, 200]""]",days since 1993-01-01 00:00:00,gregorian
northwest_atlantic/full_domain/hindcast/monthly/raw/r20250715,pbo,1,372,372,1993-01-16,2023-12-16,dfe7b5b5a9,[100],[372],"[""[845, 775]""]","[""[100, 200, 200]""]",days since 1993-01-01 00:00:00,gregorian
northwest_atlantic/full_domain/hindcast/monthly/raw/r20250715,pco2surf,1,372,372,1993-01-16,2023-12-16,dfe7b5b5a9,[100],[372],"[""[845, 775]""]","[""[100, 200, 200]""]",days since 1993-01-01 00:00:00,gregorian
northwest_atlantic/full_domain/hindcast/monthly/raw/r20250715,pdi,1,372,372,1993-01-16,2023-12-16,dfe7b5b5a9,[100],[372],"[""[52, 845, 775]""]","[""[100, 10, 200, 200]""]",days since 1993-01-01 00:00:00,gregorian
northwest_atlantic/full_domain/hindcast/monthly/raw/r20250715,phos,1,372,372,1993-01-16,2023-12-16,dfe7b5b5a9,[100],[372],"[""[845, 775]""]","[""[100, 200, 200]""]",days since 1993-01-01 00:00:00,gregorian
northwest_atlantic/full_domain/hindcast/monthly/raw/r20250715,phycos,1,372,372,1993-01-16,2023-12-16,dfe7b5b5a9,[100],[372],"[""[845, 775]""]","[""[100, 200, 200]""]",days since 1993-01-01 00:00:00,gregorian
northwest_atlantic/full_domain/hindcast/monthly/raw/r20250715,phydiatos,1,372,372,1993-01-16,2023-12-16,dfe7b5b5a9,[100],[372],"[""[845, 775]""]","[""[100, 200, 200]""]",days since 1993-01-01 00:00:00,gregorian
northwest_atlantic/full_domain/hindcast/monthly/raw/r20250715,phydiazos,1,372,372,1993-01-16,2023-12-16,dfe7b5b5a9,[100],[372],"[""[845, 775]""]","[""[100, 200, 200]""]",days since 1993-01-01 00:00:00,gregorian
northwest_atlantic/full_domain/hindcast/monthly/raw/r20250715,phyfeos,1,372,372,1993-01-16,2023-12-16,dfe7b5b5a9,[100],[372],"[""[845, 775]""]","[""[100, 200, 200]""]",days since 1993-01-01 00:00:00,gregorian
northwest_atlantic/full_domain/hindcast/monthly/raw/r20250715,phymiscos,1,372,372,1993-01-16,2023-12-16,dfe7b5b5a9,[100],[372],"[""[845, 775]""]","[""[100, 200, 200]""]",days since 1993-01-01 00:00:00,gregorian
northwest_atlantic/full_domain/hindcast/monthly/raw/r20250715,phynos,1,372,372,1993-01-16,2023-12-16,dfe7b5b5a9,[100],[372],"[""[845, 775]""]","[""[100, 200, 200]""]",days since 1993-01-01 00:00:00,gregorian
northwest_atlantic/full_domain/hindcast/monthly/raw/r20250715,phypicoos,1,372,372,1993-01-16,2023-12-16,dfe7b5b5a9,[100],[372],"[""[845, 775]""]","[""[100, 200, 200]""]",days since 1993-01-01 00:00:00,gregorian
northwest_atlantic/full_domain/hindcast/monthly/raw/r20250715,phypos,1,372,372,1993-01-16,2023-12-16,dfe7b5b5a9,[100],[372],"[""[845, 775]""]","[""[100, 200, 200]""]",days since 1993-01-01 00:00:00,gregorian
northwest_atlantic/full_domain/hindcast/monthly/raw/r20250715,physios,1,372,372,1993-01-16,2023-12-16,dfe7b5b5a9,[100],[372],"[""[845, 775]""]","[""[100, 200, 200]""]",days since 1993-01-01 00:00:00,gregorian
northwest_atlantic/full_domain/hindcast/monthly/raw/r20250715,plg,1,372,372,1993-01-16,2023-12-16,dfe7b5b5a9,[100],[372],"[""[52, 845, 775]""]","[""[100, 10, 200, 200]""]",days since 1993-01-01 00:00:00,gregorian
northwest_atlantic/full_domain/hindcast/monthly/raw/r20250715,pmd,1,372,372,1993-01-16,2023-12-16,dfe7b5b5a9,[100],[372],"[""[52, 845, 775]""]","[""[100, 10, 200, 200]""]",days since 1993-01-01 00:00:00,gregorian
northwest_atlantic/full_domain/hindcast/monthly/raw/r20250715,po4,1,372,372,1993-01-16,2023-12-16,dfe7b5b5a9,[100],[372],"[""[52, 845, 775]""]","[""[100, 10, 200, 200]""]",days since 1993-01-01 00:00:00,gregorian
northwest_atlantic/full_domain/hindcast/monthly/raw/r20250715,po4os,1,372,372,1993-01-16,2023-12-16,dfe7b5b5a9,[100],[372],"[""[845, 775]""]","[""[100, 200, 200]""]",days since 1993-01-01 00:00:00,gregorian
northwest_atlantic/full_domain/hindcast/monthly/raw/r20250715,ponos,1,372,372,1993-01-16,2023-12-16,dfe7b5b5a9,[100],[372],"[""[845, 775]""]","[""[100, 200, 200]""]",days since 1993-01-01 00:00:00,gregorian
northwest_atlantic/full_domain/hindcast/monthly/raw/r20250715,popos,1,372,372,1993-01-16,2023-12-16,dfe7b5b5a9,[100],[372],"[""[845, 775]""]","[""[100, 200, 200]""]",days since 1993-01-01 00:00:00,gregorian
northwest_atlantic/full_domain/hindcast/monthly/raw/r20250715,prlq,1,372,372,1993-01-16,2023-12-16,dfe7b5b5a9,[100],[372],"[""[845, 775]""]","[""[100, 200, 200]""]",days since 1993-01-01 00:00:00,gregorian
northwest_atlantic/full_domain/hindcast/monthly/raw/r20250715,prsn,1,372,372,1993-01-16,2023-12-16,dfe7b5b5a9,[100],[372],"[""[845, 775]""]","[""[100, 200, 200]""]",days since 1993-01-01 00:00:00,gregorian
northwest_atlantic/full_domain/hindcast/monthly/raw/r20250715,psm,1,372,372,1993-01-16,2023-12-16,dfe7b5b5a9,[100],[372],"[""[52, 845, 775]""]","[""[100, 10, 200, 200]""]",days since 1993-01-01 00:00:00,gregorian
northwest_atlantic/full_domain/hindcast/monthly/raw/r20250715,q_p_2_n_Di,1,372,372,1993-01-16,2023-12-16,dfe7b5b5a9,[100],[372],"[""[52, 845, 775]""]","[""[100, 10, 200, 200]""]",days since 1993-01-01 00:00:00,gregorian
northwest_atlantic/full_domain/hindcast/monthly/raw/r20250715,q_p_2_n_Lg,1,372,372,1993-01-16,2023-12-16,dfe7b5b5a9,[100],[372],"[""[52, 845, 775]""]","[""[100, 10, 200, 200]""]",days since 1993-01-01 00:00:00,gregorian
northwest_atlantic/full_domain/hindcast/monthly/raw/r20250715,q_p_2_n_Md,1,372,372,1993-01-16,2023-12-16,dfe7b5b5a9,[100],[372],"[""[52, 845, 775]""]","[""[100, 10, 200, 200]""]",days since 1993-01-01 00:00:00,gregorian
northwest_atlantic/full_domain/hindcast/monthly/raw/r20250715,q_p_2_n_Sm,1,372,372,1993-01-16,2023-12-16,dfe7b5b5a9,[100],[372],"[""[52, 845, 775]""]","[""[100, 10, 200, 200]""]",days since 1993-01-01 00:00:00,gregorian
northwest_atlantic/full_domain/hindcast/monthly/raw/r20250715,rhoinsitu,1,372,372,1993-01-16,2023-12-16,dfe7b5b5a9,[100],[372],"[""[52, 845, 775]""]","[""[100, 10, 200, 200]""]",days since 1993-01-01 00:00:00,gregorian
northwest_atlantic/full_domain/hindcast/monthly/raw/r20250715,rhopot0,1,372,372,1993-01-16,2023-12-16,dfe7b5b5a9,[100],[372],"[""[52, 845, 775]""]","[""[100, 10, 200, 200]""]",days since 1993-01-01 00:00:00,gregorian
northwest_atlantic/full_domain/hindcast/monthly/raw/r20250715,rlntds,1,372,372,1993-01-16,2023-12-16,dfe7b5b5a9,[100],[372],"[""[845, 775]""]","[""[100, 200, 200]""]",days since 1993-01-01 00:00:00,gregorian
northwest_atlantic/full_domain/hindcast/monthly/raw/r20250715,rsdo,1,372,372,1993-01-16,2023-12-16,dfe7b5b5a9,[100],[372],"[""[76, 845, 775]""]","[""[100, 10, 200, 200]""]",days since 1993-01-01 00:00:00,gregorian
northwest_atlantic/full_domain/hindcast/monthly/raw/r20250715,rsntds,1,372,372,1993-01-16,2023-12-16,dfe7b5b5a9,[100],[372],"[""[845, 775]""]","[""[100, 200, 200]""]",days since 1993-01-01 00:00:00,gregorian
northwest_atlantic/full_domain/hindcast/monthly/raw/r20250715,runoff_flux_alk,1,372,372,1993-01-16,2023-12-16,dfe7b5b5a9,[100],[372],"[""[845, 775]""]","[""[100, 200, 200]""]",days since 1993-01-01 00:00:00,gregorian
northwest_atlantic/full_domain/hindcast/monthly/raw/r20250715,runoff_flux_dic,1,372,372,1993-01-16,2023-12-16,dfe7b5b5a9,[100],[372],"[""[845, 775]""]","[""[100, 200, 200]""]",days since 1993-01-01 00:00:00,gregorian
northwest_atlantic/full_domain/hindcast/monthly/raw/r20250715,runoff_flux_fed,1,372,372,1993-01-16,2023-12-16,dfe7b5b5a9,[100],[372],"[""[845, 775]""]","[""[100, 200, 200]""]",days since 1993-01-01 00:00:00,gregorian
northwest_atlantic/full_domain/hindcast/monthly/raw/r20250715,runoff_flux_ldon,1,372,372,1993-01-16,2023-12-16,dfe7b5b5a9,[100],[372],"[""[845, 775]""]","[""[100, 200, 200]""]",days since 1993-01-01 00:00:00,gregorian
northwest_atlantic/full_domain/hindcast/monthly/raw/r20250715,runoff_flux_ldop,1,372,372,1993-01-16,2023-12-16,dfe7b5b5a9,[100],[372],"[""[845, 775]""]","[""[100, 200, 200]""]",days since 1993-01-01 00:00:00,gregorian
northwest_atlantic/full_domain/hindcast/monthly/raw/r20250715,runoff_flux_lith,1,372,372,1993-01-16,2023-12-16,dfe7b5b5a9,[100],[372],"[""[845, 775]""]","[""[100, 200, 200]""]",days since 1993-01-01 00:00:00,gregorian
northwest_atlantic/full_domain/hindcast/monthly/raw/r20250715,runoff_flux_ndet,1,372,372,1993-01-16,2023-12-16,dfe7b5b5a9,[100],[372],"[""[845, 775]""]","[""[100, 200, 200]""]",days since 1993-01-01 00:00:00,gregorian
northwest_atlantic/full_domain/hindcast/monthly/raw/r20250715,runoff_flux_no3,1,372,372,1993-01-16,2023-12-16,dfe7b5b5a9,[100],[372],"[""[845, 775]""]","[""[100, 200, 200]""]",days since 1993-01-01 00:00:00,gregorian
northwest_atlantic/full_domain/hindcast/monthly/raw/r20250715,runoff_flux_pdet,1,372,372,1993-01-16,2023-12-16,dfe7b5b5a9,[100],[372],"[""[845, 775]""]","[""[100, 200, 200]""]",days since 1993-01-01 00:00:00,gregorian
northwest_atlantic/full_domain/hindcast/monthly/raw/r20250715,runoff_flux_po4,1,372,372,1993-01-16,2023-12-16,dfe7b5b5a9,[100],[372],"[""[845, 775]""]","[""[100, 200, 200]""]",days since 1993-01-01 00:00:00,gregorian
northwest_atlantic/full_domain/hindcast/monthly/raw/r20250715,runoff_flux_sldon,1,372,372,1993-01-16,2023-12-16,dfe7b5b5a9,[100],[372],"[""[845, 775]""]","[""[100, 200, 200]""]",days since 1993-01-01 00:00:00,gregorian
northwest_atlantic/full_domain/hindcast/monthly/raw/r20250715,runoff_flux_sldop,1,372,372,1993-01-16,2023-12-16,dfe7b5b5a9,[100],[372],"[""[845, 775]""]","[""[100, 200, 200]""]",days since 1993-01-01 00:00:00,gregorian
northwest_atlantic/full_domain/hindcast/monthly/raw/r20250715,runoff_flux_srdon,1,372,372,1993-01-16,2023-12-16,dfe7b5b5a9,[100],[372],"[""[845, 775]""]","[""[100, 200, 200]""]",days since 1993-01-01 00:00:00,gregorian
northwest_atlantic/full_domain/hindcast/monthly/raw/r20250715,runoff_flux_srdop,1,372,372,1993-01-16,2023-12-16,dfe7b5b5a9,[100],[372],"[""[845, 775]""]","[""[100, 200, 200]""]",days since 1993-01-01 00:00:00,gregorian
northwest_atlantic/full_domain/hindcast/monthly/raw/r20250715,sfc_co3_ion,1,372,372,1993-01-16,2023-12-16,dfe7b5b5a9,[100],[372],"[""[845, 775]""]","[""[100, 200, 200]""]",days since 1993-01-01 00:00:00,gregorian
northwest_atlantic/full_domain/hindcast/monthly/raw/r20250715,sfc_co3_sol_arag,1,372,372,1993-01-16,2023-12-16,dfe7b5b5a9,[100],[372],"[""[845, 775]""]","[""[100, 200, 200]""]",days since 1993-01-01 00:00:00,gregorian
northwest_atlantic/full_domain/hindcast/monthly/raw/r20250715,sfc_co3_sol_calc,1,372,372,1993-01-16,2023-12-16,dfe7b5b5a9,[100],[372],"[""[845, 775]""]","[""[100, 200, 200]""]",days since 1993-01-01 00:00:00,gregorian
northwest_atlantic/full_domain/hindcast/monthly/raw/r20250715,sfc_def_fe_di,1,372,372,1993-01-16,2023-12-16,dfe7b5b5a9,[100],[372],"[""[845, 775]""]","[""[100, 200, 200]""]",days since 1993-01-01 00:00:00,gregorian
northwest_atlantic/full_domain/hindcast/monthly/raw/r20250715,sfc_def_fe_lgp,1,372,372,1993-01-16,2023-12-16,dfe7b5b5a9,[100],[372],"[""[845, 775]""]","[""[100, 200, 200]""]",days since 1993-01-01 00:00:00,gregorian
northwest_atlantic/full_domain/hindcast/monthly/raw/r20250715,sfc_def_fe_mdp,1,372,372,1993-01-16,2023-12-16,dfe7b5b5a9,[100],[372],"[""[845, 775]""]","[""[100, 200, 200]""]",days since 1993-01-01 00:00:00,gregorian
northwest_atlantic/full_domain/hindcast/monthly/raw/r20250715,sfc_def_fe_smp,1,372,372,1993-01-16,2023-12-16,dfe7b5b5a9,[100],[372],"[""[845, 775]""]","[""[100, 200, 200]""]",days since 1993-01-01 00:00:00,gregorian
northwest_atlantic/full_domain/hindcast/monthly/raw/r20250715,sfc_felim_di,1,372,372,1993-01-16,2023-12-16,dfe7b5b5a9,[100],[372],"[""[845, 775]""]","[""[100, 200, 200]""]",days since 1993-01-01 00:00:00,gregorian
northwest_atlantic/full_domain/hindcast/monthly/raw/r20250715,sfc_felim_lgp,1,372,372,1993-01-16,2023-12-16,dfe7b5b5a9,[100],[372],"[""[845, 775]""]","[""[100, 200, 200]""]",days since 1993-01-01 00:00:00,gregorian
northwest_atlantic/full_domain/hindcast/monthly/raw/r20250715,sfc_felim_mdp,1,372,372,1993-01-16,2023-12-16,dfe7b5b5a9,[100],[372],"[""[845, 775]""]","[""[100, 200, 200]""]",days since 1993-01-01 00:00:00,gregorian
northwest_atlantic/full_domain/hindcast/monthly/raw/r20250715,sfc_felim_smp,1,372,372,1993-01-16,2023-12-16,dfe7b5b5a9,[100],[372],"[""[845, 775]""]","[""[100, 200, 200]""]",days since 1993-01-01 00:00:00,gregorian
northwest_atlantic/full_domain/hindcast/monthly/raw/r20250715,sfc_irrlim_di,1,372,372,1993-01-16,2023-12-16,dfe7b5b5a9,[100],[372],"[""[845, 775]""]","[""[100, 200, 200]""]",days since 1993-01-01 00:00:00,gregorian
northwest_atlantic/full_domain/hindcast/monthly/raw/r20250715,sfc_irrlim_lgp,1,372,372,1993-01-16,2023-12-16,dfe7b5b5a9,[100],[372],"[""[845, 775]""]","[""[100, 200, 200]""]",days since 1993-01-01 00:00:00,gregorian
northwest_atlantic/full_domain/hindcast/monthly/raw/r20250715,sfc_irrlim_mdp,1,372,372,1993-01-16,2023-12-16,dfe7b5b5a9,[100],[372],"[""[845, 775]""]","[""[100, 200, 200]""]",days since 1993-01-01 00:00:00,gregorian
northwest_atlantic/full_domain/hindcast/monthly/raw/r20250715,sfc_irrlim_smp,1,372,372,1993-01-16,2023-12-16,dfe7b5b5a9,[100],[372],"[""[845, 775]""]","[""[100, 200, 200]""]",days since 1993-01-01 00:00:00,gregorian
northwest_atlantic/full_domain/hindcast/monthly/raw/r20250715,sfc_mu_di,1,372,372,1993-01-16,2023-12-16,dfe7b5b5a9,[100],[372],"[""[845, 775]""]","[""[100, 200, 200]""]",days since 1993-01-01 00:00:00,gregorian
northwest_atlantic/full_domain/hindcast/monthly/raw/r20250715,sfc_mu_lgp,1,372,372,1993-01-16,2023-12-16,dfe7b5b5a9,[100],[372],"[""[845, 775]""]","[""[100, 200, 200]""]",days since 1993-01-01 00:00:00,gregorian
northwest_atlantic/full_domain/hindcast/monthly/raw/r20250715,sfc_mu_mdp,1,372,372,1993-01-16,2023-12-16,dfe7b5b5a9,[100],[372],"[""[845, 775]""]","[""[100, 200, 200]""]",days since 1993-01-01 00:00:00,gregorian
northwest_atlantic/full_domain/hindcast/monthly/raw/r20250715,sfc_mu_smp,1,372,372,1993-01-16,2023-12-16,dfe7b5b5a9,[100],[372],"[""[845, 775]""]","[""[100, 200, 200]""]",days since 1993-01-01 00:00:00,gregorian
northwest_atlantic/full_domain/hindcast/monthly/raw/r20250715,sfc_nh4lim_lgp,1,372,372,1993-01-16,2023-12-16,dfe7b5b5a9,[100],[372],"[""[845, 775]""]","[""[100, 200, 200]""]",days since 1993-01-01 00:00:00,gregorian
northwest_atlantic/full_domain/hindcast/monthly/raw/r20250715,sfc_nh4lim_mdp,1,372,372,1993-01-16,2023-12-16,dfe7b5b5a9,[100],[372],"[""[845, 775]""]","[""[100, 200, 200]""]",days since 1993-01-01 00:00:00,gregorian
northwest_atlantic/full_domain/hindcast/monthly/raw/r20250715,sfc_nh4lim_smp,1,372,372,1993-01-16,2023-12-16,dfe7b5b5a9,[100],[372],"[""[845, 775]""]","[""[100, 200, 200]""]",days since 1993-01-01 00:00:00,gregorian
northwest_atlantic/full_domain/hindcast/monthly/raw/r20250715,sfc_no3,1,372,372,1993-01-16,2023-12-16,dfe7b5b5a9,[100],[372],"[""[845, 775]""]","[""[100, 200, 200]""]",days since 1993-01-01 00:00:00,gregorian
northwest_atlantic/full_domain/hindcast/monthly/raw/r20250715,sfc_no3lim_lgp,1,372,372,1993-01-16,2023-12-16,dfe7b5b5a9,[100],[372],"[""[845, 775]""]","[""[100, 200, 200]""]",days since 1993-01-01 00:00:00,gregorian
northwest_atlantic/full_domain/hindcast/monthly/raw/r20250715,sfc_no3lim_mdp,1,372,372,1993-01-16,2023-12-16,dfe7b5b5a9,[100],[372],"[""[845, 775]""]","[""[100, 200, 200]""]",days since 1993-01-01 00:00:00,gregorian
northwest_atlantic/full_domain/hindcast/monthly/raw/r20250715,sfc_no3lim_smp,1,372,372,1993-01-16,2023-12-16,dfe7b5b5a9,[100],[372],"[""[845, 775]""]","[""[100, 200, 200]""]",days since 1993-01-01 00:00:00,gregorian
northwest_atlantic/full_domain/hindcast/monthly/raw/r20250715,sfc_po4,1,372,372,1993-01-16,2023-12-16,dfe7b5b5a9,[100],[372],"[""[845, 775]""]","[""[100, 200, 200]""]",days since 1993-01-01 00:00:00,gregorian
northwest_atlantic/full_domain/hindcast/monthly/raw/r20250715,sfc_po4lim_di,1,372,372,1993-01-16,2023-12-16,dfe7b5b5a9,[100],[372],"[""[845, 775]""]","[""[100, 200, 200]""]",days since 1993-01-01 00:00:00,gregorian
northwest_atlantic/full_domain/hindcast/monthly/raw/r20250715,sfc_po4lim_lgp,1,372,372,1993-01-16,2023-12-16,dfe7b5b5a9,[100],[372],"[""[845, 775]""]","[""[100, 200, 200]""]",days since 1993-01-01 00:00:00,gregorian
northwest_atlantic/full_domain/hindcast/monthly/raw/r20250715,sfc_po4lim_mdp,1,372,372,1993-01-16,2023-12-16,dfe7b5b5a9,[100],[372],"[""[845, 775]""]","[""[100, 200, 200]""]",days since 1993-01-01 00:00:00,gregorian
northwest_atlantic/full_domain/hindcast/monthly/raw/r20250715,sfc_po4lim_smp,1,372,372,1993-01-16,2023-12-16,dfe7b5b5a9,[100],[372],"[""[845, 775]""]","[""[100, 200, 200]""]",days since 1993-01-01 00:00:00,gregorian
northwest_atlantic/full_domain/hindcast/monthly/raw/r20250715,sfc_q_fe_2_n_di,1,372,372,1993-01-16,2023-12-16,dfe7b5b5a9,[100],[372],"[""[845, 775]""]","[""[100, 200, 200]""]",days since 1993-01-01 00:00:00,gregorian
northwest_atlantic/full_domain/hindcast/monthly/raw/r20250715,sfc_q_fe_2_n_lgp,1,372,372,1993-01-16,2023-12-16,dfe7b5b5a9,[100],[372],"[""[845, 775]""]","[""[100, 200, 200]""]",days since 1993-01-01 00:00:00,gregorian
northwest_atlantic/full_domain/hindcast/monthly/raw/r20250715,sfc_q_fe_2_n_mdp,1,372,372,1993-01-16,2023-12-16,dfe7b5b5a9,[100],[372],"[""[845, 775]""]","[""[100, 200, 200]""]",days since 1993-01-01 00:00:00,gregorian
northwest_atlantic/full_domain/hindcast/monthly/raw/r20250715,sfc_q_fe_2_n_smp,1,372,372,1993-01-16,2023-12-16,dfe7b5b5a9,[100],[372],"[""[845, 775]""]","[""[100, 200, 200]""]",days since 1993-01-01 00:00:00,gregorian
northwest_atlantic/full_domain/hindcast/monthly/raw/r20250715,sfc_sio4,1,372,372,1993-01-16,2023-12-16,dfe7b5b5a9,[100],[372],"[""[845, 775]""]","[""[100, 200, 200]""]",days since 1993-01-01 00:00:00,gregorian
northwest_atlantic/full_domain/hindcast/monthly/raw/r20250715,sfc_theta_di,1,372,372,1993-01-16,2023-12-16,dfe7b5b5a9,[100],[372],"[""[845, 775]""]","[""[100, 200, 200]""]",days since 1993-01-01 00:00:00,gregorian
northwest_atlantic/full_domain/hindcast/monthly/raw/r20250715,sfc_theta_lgp,1,372,372,1993-01-16,2023-12-16,dfe7b5b5a9,[100],[372],"[""[845, 775]""]","[""[100, 200, 200]""]",days since 1993-01-01 00:00:00,gregorian
northwest_atlantic/full_domain/hindcast/monthly/raw/r20250715,sfc_theta_mdp,1,372,372,1993-01-16,2023-12-16,dfe7b5b5a9,[100],[372],"[""[845, 775]""]","[""[100, 200, 200]""]",days since 1993-01-01 00:00:00,gregorian
northwest_atlantic/full_domain/hindcast/monthly/raw/r20250715,sfc_theta_smp,1,372,372,1993-01-16,2023-12-16,dfe7b5b5a9,[100],[372],"[""[845, 775]""]","[""[100, 200, 200]""]",days since 1993-01-01 00:00:00,gregorian
northwest_atlantic/full_domain/hindcast/monthly/raw/r20250715,sfdsi,1,372,372,1993-01-16,2023-12-16,dfe7b5b5a9,[100],[372],"[""[845, 775]""]","[""[100, 200, 200]""]",days since 1993-01-01 00:00:00,gregorian
northwest_atlantic/full_domain/hindcast/monthly/raw/r20250715,si,1,372,372,1993-01-16,2023-12-16,dfe7b5b5a9,[100],[372],"[""[52, 845, 775]""]","[""[100, 10, 200, 200]""]",days since 1993-01-01 00:00:00,gregorian
northwest_atlantic/full_domain/hindcast/monthly/raw/r20250715,siconc,1,372,372,1993-01-16,2023-12-16,dfe7b5b5a9,[100],[372],"[""[845, 775]""]","[""[100, 200, 200]""]",days since 1993-01-01 00:00:00,gregorian
northwest_atlantic/full_domain/hindcast/monthly/raw/r20250715,silg,1,372,372,1993-01-16,2023-12-16,dfe7b5b5a9,[100],[372],"[""[52, 845, 775]""]","[""[100, 10, 200, 200]""]",days since 1993-01-01 00:00:00,gregorian
northwest_atlantic/full_domain/hindcast/monthly/raw/r20250715,silgp_100,1,372,372,1993-01-16,2023-12-16,dfe7b5b5a9,[100],[372],"[""[845, 775]""]","[""[100, 200, 200]""]",days since 1993-01-01 00:00:00,gregorian
northwest_atlantic/full_domain/hindcast/monthly/raw/r20250715,simass,1,372,372,1993-01-16,2023-12-16,dfe7b5b5a9,[100],[372],"[""[845, 775]""]","[""[100, 200, 200]""]",days since 1993-01-01 00:00:00,gregorian
northwest_atlantic/full_domain/hindcast/monthly/raw/r20250715,simd,1,372,372,1993-01-16,2023-12-16,dfe7b5b5a9,[100],[372],"[""[52, 845, 775]""]","[""[100, 10, 200, 200]""]",days since 1993-01-01 00:00:00,gregorian
northwest_atlantic/full_domain/hindcast/monthly/raw/r20250715,simdp_100,1,372,372,1993-01-16,2023-12-16,dfe7b5b5a9,[100],[372],"[""[845, 775]""]","[""[100, 200, 200]""]",days since 1993-01-01 00:00:00,gregorian
northwest_atlantic/full_domain/hindcast/monthly/raw/r20250715,sios,1,372,372,1993-01-16,2023-12-16,dfe7b5b5a9,[100],[372],"[""[845, 775]""]","[""[100, 200, 200]""]",days since 1993-01-01 00:00:00,gregorian
northwest_atlantic/full_domain/hindcast/monthly/raw/r20250715,sisnconc,1,372,372,1993-01-16,2023-12-16,dfe7b5b5a9,[100],[372],"[""[845, 775]""]","[""[100, 200, 200]""]",days since 1993-01-01 00:00:00,gregorian
northwest_atlantic/full_domain/hindcast/monthly/raw/r20250715,sisnmass,1,372,372,1993-01-16,2023-12-16,dfe7b5b5a9,[100],[372],"[""[845, 775]""]","[""[100, 200, 200]""]",days since 1993-01-01 00:00:00,gregorian
northwest_atlantic/full_domain/hindcast/monthly/raw/r20250715,sisnthick,1,372,372,1993-01-16,2023-12-16,dfe7b5b5a9,[100],[372],"[""[845, 775]""]","[""[100, 200, 200]""]",days since 1993-01-01 00:00:00,gregorian
northwest_atlantic/full_domain/hindcast/monthly/raw/r20250715,sispeed,1,372,372,1993-01-16,2023-12-16,dfe7b5b5a9,[100],[372],"[""[845, 775]""]","[""[100, 200, 200]""]",days since 1993-01-01 00:00:00,gregorian
northwest_atlantic/full_domain/hindcast/monthly/raw/r20250715,sitemptop,1,372,372,1993-01-16,2023-12-16,dfe7b5b5a9,[100],[372],"[""[845, 775]""]","[""[100, 200, 200]""]",days since 1993-01-01 00:00:00,gregorian
northwest_atlantic/full_domain/hindcast/monthly/raw/r20250715,sithick,1,372,372,1993-01-16,2023-12-16,dfe7b5b5a9,[100],[372],"[""[845, 775]""]","[""[100, 200, 200]""]",days since 1993-01-01 00:00:00,gregorian
northwest_atlantic/full_domain/hindcast/monthly/raw/r20250715,sitimefrac,1,372,372,1993-01-16,2023-12-16,dfe7b5b5a9,[100],[372],"[""[845, 775]""]","[""[100, 200, 200]""]",days since 1993-01-01 00:00:00,gregorian
northwest_atlantic/full_domain/hindcast/monthly/raw/r20250715,siu,1,372,372,1993-01-16,2023-12-16,dfe7b5b5a9,[100],[372],"[""[845, 775]""]","[""[100, 200, 200]""]",days since 1993-01-01 00:00:00,gregorian
northwest_atlantic/full_domain/hindcast/monthly/raw/r20250715,siv,1,372,372,1993-01-16,2023-12-16,dfe7b5b5a9,[100],[372],"[""[845, 775]""]","[""[100, 200, 200]""]",days since 1993-01-01 00:00:00,gregorian
northwest_atlantic/full_domain/hindcast/monthly/raw/r20250715,sivol,1,372,372,1993-01-16,2023-12-16,dfe7b5b5a9,[100],[372],"[""[845, 775]""]","[""[100, 200, 200]""]",days since 1993-01-01 00:00:00,gregorian
northwest_atlantic/full_domain/hindcast/monthly/raw/r20250715,so,1,372,372,1993-01-16,2023-12-16,dfe7b5b5a9,[100],[372],"[""[52, 845, 775]""]","[""[100, 10, 200, 200]""]",days since 1993-01-01 00:00:00,gregorian
northwest_atlantic/full_domain/hindcast/monthly/raw/r20250715,sob,1,372,372,1993-01-16,2023-12-16,dfe7b5b5a9,[100],[372],"[""[845, 775]""]","[""[100, 200, 200]""]",days since 1993-01-01 00:00:00,gregorian
northwest_atlantic/full_domain/hindcast/monthly/raw/r20250715,sos,1,372,372,1993-01-16,2023-12-16,dfe7b5b5a9,[100],[372],"[""[845, 775]""]","[""[100, 200, 200]""]",days since 1993-01-01 00:00:00,gregorian
northwest_atlantic/full_domain/hindcast/monthly/raw/r20250715,sossq,1,372,372,1993-01-16,2023-12-16,dfe7b5b5a9,[100],[372],"[""[845, 775]""]","[""[100, 200, 200]""]",days since 1993-01-01 00:00:00,gregorian
northwest_atlantic/full_domain/hindcast/monthly/raw/r20250715,spco2,1,372,372,1993-01-16,2023-12-16,dfe7b5b5a9,[100],[372],"[""[845, 775]""]","[""[100, 200, 200]""]",days since 1993-01-01 00:00:00,gregorian
northwest_atlantic/full_domain/hindcast/monthly/raw/r20250715,speed,1,372,372,1993-01-16,2023-12-16,dfe7b5b5a9,[100],[372],"[""[845, 775]""]","[""[100, 200, 200]""]",days since 1993-01-01 00:00:00,gregorian
northwest_atlantic/full_domain/hindcast/monthly/raw/r20250715,ssh,1,372,372,1993-01-16,2023-12-16,dfe7b5b5a9,[100],[372],"[""[845, 775]""]","[""[100, 200, 200]""]",days since 1993-01-01 00:00:00,gregorian
northwest_atlantic/full_domain/hindcast/monthly/raw/r20250715,talk,1,372,372,1993-01-16,2023-12-16,dfe7b5b5a9,[100],[372],"[""[52, 845, 775]""]","[""[100, 10, 200, 200]""]",days since 1993-01-01 00:00:00,gregorian
northwest_atlantic/full_domain/hindcast/monthly/raw/r20250715,talkos,1,372,372,1993-01-16,2023-12-16,dfe7b5b5a9,[100],[372],"[""[845, 775]""]","[""[100, 200, 200]""]",days since 1993-01-01 00:00:00,gregorian
northwest_atlantic/full_domain/hindcast/monthly/raw/r20250715,tauuo,1,372,372,1993-01-16,2023-12-16,dfe7b5b5a9,[100],[372],"[""[845, 776]""]","[""[100, 200, 200]""]",days since 1993-01-01 00:00:00,gregorian
northwest_atlantic/full_domain/hindcast/monthly/raw/r20250715,tauuo_rotate,1,372,372,1993-01-16,2023-12-16,dfe7b5b5a9,[100],[372],"[""[845, 775]""]","[""[100, 200, 200]""]",days since 1993-01-01,gregorian
northwest_atlantic/full_domain/hindcast/monthly/raw/r20250715,tauvo,1,372,372,1993-01-16,2023-12-16,dfe7b5b5a9,[100],[372],"[""[846, 775]""]","[""[100, 200, 200]""]",days since 1993-01-01 00:00:00,gregorian
northwest_atlantic/full_domain/hindcast/monthly/raw/r20250715,tauvo_rotate,1,372,372,1993-01-16,2023-12-16,dfe7b5b5a9,[100],[372],"[""[845, 775]""]","[""[100, 200, 200]""]",days since 1993-01-01,gregorian
northwest_atlantic/full_domain/hindcast/monthly/raw/r20250715,theta_Di,1,372,372,1993-01-16,2023-12-16,dfe7b5b5a9,[100],[372],"[""[52, 845, 775]""]","[""[100, 10, 200, 200]""]",days since 1993-01-01 00:00:00,gregorian
northwest_atlantic/full_domain/hindcast/monthly/raw/r20250715,theta_Lg,1,372,372,1993-01-16,2023-12-16,dfe7b5b5a9,[100],[372],"[""[52, 845, 775]""]","[""[100, 10, 200, 200]""]",days since 1993-01-01 00:00:00,gregorian
northwest_atlantic/full_domain/hindcast/monthly/raw/r20250715,theta_Md,1,372,372,1993-01-16,2023-12-16,dfe7b5b5a9,[100],[372],"[""[52, 845, 775]""]","[""[100, 10, 200, 200]""]",days since 1993-01-01 00:00:00,gregorian
northwest_atlantic/full_domain/hindcast/monthly/raw/r20250715,theta_Sm,1,372,372,1993-01-16,2023-12-16,dfe7b5b5a9,[100],[372],"[""[52, 845, 775]""]","[""[100, 10, 200, 200]""]",days since 1993-01-01 00:00:00,gregorian
northwest_atlantic/full_domain/hindcast/monthly/raw/r20250715,thetao,1,372,372,1993-01-16,2023-12-16,dfe7b5b5a9,[100],[372],"[""[52, 845, 775]""]","[""[100, 10, 200, 200]""]",days since 1993-01-01 00:00:00,gregorian
northwest_atlantic/full_domain/hindcast/monthly/raw/r20250715,tob,1,372,372,1993-01-16,2023-12-16,dfe7b5b5a9,[100],[372],"[""[845, 775]""]","[""[100, 200, 200]""]",days since 1993-01-01 00:00:00,gregorian
northwest_atlantic/full_domain/hindcast/monthly/raw/r20250715,tos,1,372,372,1993-01-16,2023-12-16,dfe7b5b5a9,[100],[372],"[""[845, 775]""]","[""[100, 200, 200]""]",days since 1993-01-01 00:00:00,gregorian
northwest_atlantic/full_domain/hindcast/monthly/raw/r20250715,tossq,1,372,372,1993-01-16,2023-12-16,dfe7b5b5a9,[100],[372],"[""[845, 775]""]","[""[100, 200, 200]""]",days since 1993-01-01 00:00:00,gregorian
northwest_atlantic/full_domain/hindcast/monthly/raw/r20250715,udml_restrat,1,372,372,1993-01-16,2023-12-16,dfe7b5b5a9,[100],[372],"[""[845, 776]""]","[""[100, 200, 200]""]",days since 1993-01-01 00:00:00,gregorian
northwest_atlantic/full_domain/hindcast/monthly/raw/r20250715,udml_restrat_rotate,1,372,372,1993-01-16,2023-12-16,dfe7b5b5a9,[100],[372],"[""[845, 775]""]","[""[100, 200, 200]""]",days since 1993-01-01,gregorian
northwest_atlantic/full_domain/hindcast/monthly/raw/r20250715,uhml,1,372,372,1993-01-16,2023-12-16,dfe7b5b5a9,[100],[372],"[""[52, 845, 776]""]","[""[100, 10, 200, 200]""]",days since 1993-01-01 00:00:00,gregorian
northwest_atlantic/full_domain/hindcast/monthly/raw/r20250715,uhml_rotate,1,372,372,1993-01-16,2023-12-16,dfe7b5b5a9,[100],[372],"[""[52, 845, 775]""]","[""[100, 10, 200, 200]""]",days since 1993-01-01,gregorian
northwest_atlantic/full_domain/hindcast/monthly/raw/r20250715,uml_restrat,1,372,372,1993-01-16,2023-12-16,dfe7b5b5a9,[100],[372],"[""[845, 776]""]","[""[100, 200, 200]""]",days since 1993-01-01 00:00:00,gregorian
northwest_atlantic/full_domain/hindcast/monthly/raw/r20250715,uml_restrat_rotate,1,372,372,1993-01-16,2023-12-16,dfe7b5b5a9,[100],[372],"[""[845, 775]""]","[""[100, 200, 200]""]",days since 1993-01-01,gregorian
northwest_atlantic/full_domain/hindcast/monthly/raw/r20250715,umo,1,372,372,1993-01-16,2023-12-16,dfe7b5b5a9,[100],[372],"[""[52, 845, 776]""]","[""[100, 10, 200, 200]""]",days since 1993-01-01 00:00:00,gregorian
northwest_atlantic/full_domain/hindcast/monthly/raw/r20250715,umo_2d,1,372,372,1993-01-16,2023-12-16,dfe7b5b5a9,[100],[372],"[""[845, 776]""]","[""[100, 200, 200]""]",days since 1993-01-01 00:00:00,gregorian
northwest_atlantic/full_domain/hindcast/monthly/raw/r20250715,umo_2d_rotate,1,372,372,1993-01-16,2023-12-16,dfe7b5b5a9,[100],[372],"[""[845, 775]""]","[""[100, 200, 200]""]",days since 1993-01-01,gregorian
northwest_atlantic/full_domain/hindcast/monthly/raw/r20250715,umo_rotate,1,372,372,1993-01-16,2023-12-16,dfe7b5b5a9,[100],[372],"[""[52, 845, 775]""]","[""[100, 10, 200, 200]""]",days since 1993-01-01,gregorian
northwest_atlantic/full_domain/hindcast/monthly/raw/r20250715,uo,1,372,372,1993-01-16,2023-12-16,dfe7b5b5a9,[100],[372],"[""[52, 845, 776]""]","[""[100, 10, 200, 200]""]",days since 1993-01-01 00:00:00,gregorian
northwest_atlantic/full_domain/hindcast/monthly/raw/r20250715,uo_rotate,1,372,372,1993-01-16,2023-12-16,dfe7b5b5a9,[100],[372],"[""[52, 845, 775]""]","[""[100, 10, 200, 200]""]",days since 1993-01-01,gregorian
northwest_atlantic/full_domain/hindcast/monthly/raw/r20250715,ustar,1,372,372,1993-01-16,2023-12-16,dfe7b5b5a9,[100],[372],"[""[845, 775]""]","[""[100, 200, 200]""]",days since 1993-01-01 00:00:00,gregorian
northwest_atlantic/full_domain/hindcast/monthly/raw/r20250715,vdml_restrat,1,372,372,1993-01-16,2023-12-16,dfe7b5b5a9,[100],[372],"[""[846, 775]""]","[""[100, 200, 200]""]",days since 1993-01-01 00:00:00,gregorian
northwest_atlantic/full_domain/hindcast/monthly/raw/r20250715,vdml_restrat_rotate,1,372,372,1993-01-16,2023-12-16,dfe7b5b5a9,[100],[372],"[""[845, 775]""]","[""[100, 200, 200]""]",days since 1993-01-01,gregorian
northwest_atlantic/full_domain/hindcast/monthly/raw/r20250715,vhml,1,372,372,1993-01-16,2023-12-16,dfe7b5b5a9,[100],[372],"[""[52, 846, 775]""]","[""[100, 10, 200, 200]""]",days since 1993-01-01 00:00:00,gregorian
northwest_atlantic/full_domain/hindcast/monthly/raw/r20250715,vhml_rotate,1,372,372,1993-01-16,2023-12-16,dfe7b5b5a9,[100],[372],"[""[52, 845, 775]""]","[""[100, 10, 200, 200]""]",days since 1993-01-01,gregorian
northwest_atlantic/full_domain/hindcast/monthly/raw/r20250715,vml_restrat,1,372,372,1993-01-16,2023-12-16,dfe7b5b5a9,[100],[372],"[""[846, 775]""]","[""[100, 200, 200]""]",days since 1993-01-01 00:00:00,gregorian
northwest_atlantic/full_domain/hindcast/monthly/raw/r20250715,vml_restrat_rotate,1,372,372,1993-01-16,2023-12-16,dfe7b5b5a9,[100],[372],"[""[845, 775]""]","[""[100, 200, 200]""]",days since 1993-01-01,gregorian
northwest_atlantic/full_domain/hindcast/monthly/raw/r20250715,vmo,1,372,372,1993-01-16,2023-12-16,dfe7b5b5a9,[100],[372],"[""[52, 846, 775]""]","[""[100, 10, 200, 200]""]",days since 1993-01-01 00:00:00,gregorian
northwest_atlantic/full_domain/hindcast/monthly/raw/r20250715,vmo_2d,1,372,372,1993-01-16,2023-12-16,dfe7b5b5a9,[100],[372],"[""[846, 775]""]","[""[100, 200, 200]""]",days since 1993-01-01 00:00:00,gregorian
northwest_atlantic/full_domain/hindcast/monthly/raw/r20250715,vmo_2d_rotate,1,372,372,1993-01-16,2023-12-16,dfe7b5b5a9,[100],[372],"[""[845, 775]""]","[""[100, 200, 200]""]",days since 1993-01-01,gregorian
northwest_atlantic/full_domain/hindcast/monthly/raw/r20250715,vmo_rotate,1,372,372,1993-01-16,2023-12-16,dfe7b5b5a9,[100],[372],"[""[52, 845, 775]""]","[""[100, 10, 200, 200]""]",days since 1993-01-01,gregorian
northwest_atlantic/full_domain/hindcast/monthly/raw/r20250715,vo,1,372,372,1993-01-16,2023-12-16,dfe7b5b5a9,[100],[372],"[""[52, 846, 775]""]","[""[100, 10, 200, 200]""]",days since 1993-01-01 00:00:00,gregorian
northwest_atlantic/full_domain/hindcast/monthly/raw/r20250715,vo_rotate,1,372,372,1993-01-16,2023-12-16,dfe7b5b5a9,[100],[372],"[""[52, 845, 775]""]","[""[100, 10, 200, 200]""]",days since 1993-01-01,gregorian
northwest_atlantic/full_domain/hindcast/monthly/raw/r20250715,volcello,1,372,372,1993-01-16,2023-12-16,dfe7b5b5a9,[100],[372],"[""[52, 845, 775]""]","[""[100, 10, 200, 200]""]",days since 1993-01-01 00:00:00,gregorian
northwest_atlantic/full_domain/hindcast/monthly/raw/r20250715,wc_vert_int_jdiss_cadet,1,372,372,1993-01-16,2023-12-16,dfe7b5b5a9,[100],[372],"[""[845, 775]""]","[""[100, 200, 200]""]",days since 1993-01-01 00:00:00,gregorian
northwest_atlantic/full_domain/hindcast/monthly/raw/r20250715,wc_vert_int_jdiss_sidet,1,372,372,1993-01-16,2023-12-16,dfe7b5b5a9,[100],[372],"[""[845, 775]""]","[""[100, 200, 200]""]",days since 1993-01-01 00:00:00,gregorian
northwest_atlantic/full_domain/hindcast/monthly/raw/r20250715,wc_vert_int_jno3denit,1,372,372,1993-01-16,2023-12-16,dfe7b5b5a9,[100],[372],"[""[845, 775]""]","[""[100, 200, 200]""]",days since 1993-01-01 00:00:00,gregorian
northwest_atlantic/full_domain/hindcast/monthly/raw/r20250715,wc_vert_int_jo2resp,1,372,372,1993-01-16,2023-12-16,dfe7b5b5a9,[100],[372],"[""[845, 775]""]","[""[100, 200, 200]""]",days since 1993-01-01 00:00:00,gregorian
northwest_atlantic/full_domain/hindcast/monthly/raw/r20250715,wc_vert_int_jprod_cadet,1,372,372,1993-01-16,2023-12-16,dfe7b5b5a9,[100],[372],"[""[845, 775]""]","[""[100, 200, 200]""]",days since 1993-01-01 00:00:00,gregorian
northwest_atlantic/full_domain/hindcast/monthly/raw/r20250715,wc_vert_int_jprod_nh4,1,372,372,1993-01-16,2023-12-16,dfe7b5b5a9,[100],[372],"[""[845, 775]""]","[""[100, 200, 200]""]",days since 1993-01-01 00:00:00,gregorian
northwest_atlantic/full_domain/hindcast/monthly/raw/r20250715,wc_vert_int_jprod_no3nitrif,1,372,372,1993-01-16,2023-12-16,dfe7b5b5a9,[100],[372],"[""[845, 775]""]","[""[100, 200, 200]""]",days since 1993-01-01 00:00:00,gregorian
northwest_atlantic/full_domain/hindcast/monthly/raw/r20250715,wc_vert_int_juptake_nh4,1,372,372,1993-01-16,2023-12-16,dfe7b5b5a9,[100],[372],"[""[845, 775]""]","[""[100, 200, 200]""]",days since 1993-01-01 00:00:00,gregorian
northwest_atlantic/full_domain/hindcast/monthly/raw/r20250715,wc_vert_int_juptake_no3,1,372,372,1993-01-16,2023-12-16,dfe7b5b5a9,[100],[372],"[""[845, 775]""]","[""[100, 200, 200]""]",days since 1993-01-01 00:00:00,gregorian
northwest_atlantic/full_domain/hindcast/monthly/raw/r20250715,wc_vert_int_nfix,1,372,372,1993-01-16,2023-12-16,dfe7b5b5a9,[100],[372],"[""[845, 775]""]","[""[100, 200, 200]""]",days since 1993-01-01 00:00:00,gregorian
northwest_atlantic/full_domain/hindcast/monthly/raw/r20250715,wc_vert_int_npp,1,372,372,1993-01-16,2023-12-16,dfe7b5b5a9,[100],[372],"[""[845, 775]""]","[""[100, 200, 200]""]",days since 1993-01-01 00:00:00,gregorian
northwest_atlantic/full_domain/hindcast/monthly/raw/r20250715,wfo,1,372,372,1993-01-16,2023-12-16,dfe7b5b5a9,[100],[372],"[""[845, 775]""]","[""[100, 200, 200]""]",days since 1993-01-01 00:00:00,gregorian
northwest_atlantic/full_domain/hindcast/monthly/raw/r20250715,zmeso,1,372,372,1993-01-16,2023-12-16,dfe7b5b5a9,[100],[372],"[""[52, 845, 775]""]","[""[100, 10, 200, 200]""]",days since 1993-01-01 00:00:00,gregorian
northwest_atlantic/full_domain/hindcast/monthly/raw/r20250715,zmesoos,1,372,372,1993-01-16,2023-12-16,dfe7b5b5a9,[100],[372],"[""[845, 775]""]","[""[100, 200, 200]""]",days since 1993-01-01 00:00:00,gregorian
northwest_atlantic/full_domain/hindcast/monthly/raw/r20250715,zmicro,1,372,372,1993-01-16,2023-12-16,dfe7b5b5a9,[100],[372],"[""[52, 845, 775]""]","[""[100, 10, 200, 200]""]",days since 1993-01-01 00:00:00,gregorian
northwest_atlantic/full_domain/hindcast/monthly/raw/r20250715,zmicroos,1,372,372,1993-01-16,2023-12-16,dfe7b5b5a9,[100],[372],"[""[845, 775]""]","[""[100, 200, 200]""]",days since 1993-01-01 00:00:00,gregorian
northwest_atlantic/full_domain/hindcast/monthly/raw/r20250715,zoocos,1,372,372,1993-01-16,2023-12-16,dfe7b5b5a9,[100],[372],"[""[845, 775]""]","[""[100, 200, 200]""]",days since 1993-01-01 00:00:00,gregorian
northwest_atlantic/full_domain/hindcast/monthly/raw/r20250715,zos,1,372,372,1993-01-16,2023-12-16,dfe7b5b5a9,[100],[372],"[""[845, 775]""]","[""[100, 200, 200]""]",days since 1993-01-01 00:00:00,gregorian
northwest_atlantic/full_domain/hindcast/monthly/raw/r20250715,zossq,1,372,372,1993-01-16,2023-12-16,dfe7b5b5a9,[100],[372],"[""[845, 775]""]","[""[100, 200, 200]""]",days since 1993-01-01 00:00:00,gregorian
northwest_atlantic/full_domain/hindcast/monthly/regrid/r20250715,ALB,1,372,372,1993-01-16,2023-12-16,dfe7b5b5a9,[100],[372],"[""[844, 774]""]","[""[100, 200, 200]""]",days since 1993-01-01,gregorian
northwest_atlantic/full_domain/hindcast/monthly/regrid/r20250715,BHEAT,1,372,372,1993-01-16,2023-12-16,dfe7b5b5a9,[100],[372],"[""[844, 774]""]","[""[100, 200, 200]""]",days since 1993-01-01,gregorian
northwest_atlantic/full_domain/hindcast/monthly/regrid/r20250715,BMELT,1,372,372,1993-01-16,2023-12-16,dfe7b5b5a9,[100],[372],"[""[844, 774]""]","[""[100, 200, 200]""]",days since 1993-01-01,gregorian
northwest_atlantic/full_domain/hindcast/monthly/regrid/r20250715,BSNK,1,372,372,1993-01-16,2023-12-16,dfe7b5b5a9,[100],[372],"[""[844, 774]""]","[""[100, 200, 200]""]",days since 1993-01-01,gregorian
northwest_atlantic/full_domain/hindcast/monthly/regrid/r20250715,CN,1,372,372,1993-01-16,2023-12-16,dfe7b5b5a9,[75],[372],"[""[5, 844, 774]""]","[""[75, 1, 169, 155]""]",days since 1993-01-01,gregorian
northwest_atlantic/full_domain/hindcast/monthly/regrid/r20250715,E2MELT,1,372,372,1993-01-16,2023-12-16,dfe7b5b5a9,[100],[372],"[""[844, 774]""]","[""[100, 200, 200]""]",days since 1993-01-01,gregorian
northwest_atlantic/full_domain/hindcast/monthly/regrid/r20250715,EXT,1,372,372,1993-01-16,2023-12-16,dfe7b5b5a9,[100],[372],"[""[844, 774]""]","[""[100, 200, 200]""]",days since 1993-01-01,gregorian
northwest_atlantic/full_domain/hindcast/monthly/regrid/r20250715,EXT_MAX,1,372,372,1993-01-16,2023-12-16,dfe7b5b5a9,[100],[372],"[""[844, 774]""]","[""[100, 200, 200]""]",days since 1993-01-01,gregorian
northwest_atlantic/full_domain/hindcast/monthly/regrid/r20250715,EXT_MIN,1,372,372,1993-01-16,2023-12-16,dfe7b5b5a9,[100],[372],"[""[844, 774]""]","[""[100, 200, 200]""]",days since 1993-01-01,gregorian
northwest_atlantic/full_domain/hindcast/monthly/regrid/r20250715,FRAZIL,1,372,372,1993-01-16,2023-12-16,dfe7b5b5a9,[100],[372],"[""[844, 774]""]","[""[100, 200, 200]""]",days since 1993-01-01,gregorian
northwest_atlantic/full_domain/hindcast/monthly/regrid/r20250715,Heat_PmE,1,372,372,1993-01-16,2023-12-16,dfe7b5b5a9,[100],[372],"[""[844, 774]""]","[""[100, 200, 200]""]",days since 1993-01-01,gregorian
northwest_atlantic/full_domain/hindcast/monthly/regrid/r20250715,LSNK,1,372,372,1993-01-16,2023-12-16,dfe7b5b5a9,[100],[372],"[""[844, 774]""]","[""[100, 200, 200]""]",days since 1993-01-01,gregorian
northwest_atlantic/full_domain/hindcast/monthly/regrid/r20250715,LSRC,1,372,372,1993-01-16,2023-12-16,dfe7b5b5a9,[100],[372],"[""[844, 774]""]","[""[100, 200, 200]""]",days since 1993-01-01,gregorian
northwest_atlantic/full_domain/hindcast/monthly/regrid/r20250715,LwLatSens,1,372,372,1993-01-16,2023-12-16,dfe7b5b5a9,[100],[372],"[""[844, 774]""]","[""[100, 200, 200]""]",days since 1993-01-01,gregorian
northwest_atlantic/full_domain/hindcast/monthly/regrid/r20250715,MIB,1,372,372,1993-01-16,2023-12-16,dfe7b5b5a9,[100],[372],"[""[844, 774]""]","[""[100, 200, 200]""]",days since 1993-01-01,gregorian
northwest_atlantic/full_domain/hindcast/monthly/regrid/r20250715,MLD_003,1,372,372,1993-01-16,2023-12-16,dfe7b5b5a9,[100],[372],"[""[844, 774]""]","[""[100, 200, 200]""]",days since 1993-01-01,gregorian
northwest_atlantic/full_domain/hindcast/monthly/regrid/r20250715,MLD_003_max,1,372,372,1993-01-16,2023-12-16,dfe7b5b5a9,[100],[372],"[""[844, 774]""]","[""[100, 200, 200]""]",days since 1993-01-01,gregorian
northwest_atlantic/full_domain/hindcast/monthly/regrid/r20250715,MLD_003_min,1,372,372,1993-01-16,2023-12-16,dfe7b5b5a9,[100],[372],"[""[844, 774]""]","[""[100, 200, 200]""]",days since 1993-01-01,gregorian
northwest_atlantic/full_domain/hindcast/monthly/regrid/r20250715,MLD_EN1,1,372,372,1993-01-16,2023-12-16,dfe7b5b5a9,[100],[372],"[""[844, 774]""]","[""[100, 200, 200]""]",days since 1993-01-01,gregorian
northwest_atlantic/full_domain/hindcast/monthly/regrid/r20250715,MLD_EN1_max,1,372,372,1993-01-16,2023-12-16,dfe7b5b5a9,[100],[372],"[""[844, 774]""]","[""[100, 200, 200]""]",days since 1993-01-01,gregorian
northwest_atlantic/full_domain/hindcast/monthly/regrid/r20250715,MLD_EN1_min,1,372,372,1993-01-16,2023-12-16,dfe7b5b5a9,[100],[372],"[""[844, 774]""]","[""[100, 200, 200]""]",days since 1993-01-01,gregorian
northwest_atlantic/full_domain/hindcast/monthly/regrid/r20250715,MLD_restrat,1,372,372,1993-01-16,2023-12-16,dfe7b5b5a9,[100],[372],"[""[844, 774]""]","[""[100, 200, 200]""]",days since 1993-01-01,gregorian
northwest_atlantic/full_domain/hindcast/monthly/regrid/r20250715,MSTAR,1,372,372,1993-01-16,2023-12-16,dfe7b5b5a9,[100],[372],"[""[844, 774]""]","[""[100, 200, 200]""]",days since 1993-01-01,gregorian
northwest_atlantic/full_domain/hindcast/monthly/regrid/r20250715,RAIN,1,372,372,1993-01-16,2023-12-16,dfe7b5b5a9,[100],[372],"[""[844, 774]""]","[""[100, 200, 200]""]",days since 1993-01-01,gregorian
northwest_atlantic/full_domain/hindcast/monthly/regrid/r20250715,SALTF,1,372,372,1993-01-16,2023-12-16,dfe7b5b5a9,[100],[372],"[""[844, 774]""]","[""[100, 200, 200]""]",days since 1993-01-01,gregorian
northwest_atlantic/full_domain/hindcast/monthly/regrid/r20250715,SN2IC,1,372,372,1993-01-16,2023-12-16,dfe7b5b5a9,[100],[372],"[""[844, 774]""]","[""[100, 200, 200]""]",days since 1993-01-01,gregorian
northwest_atlantic/full_domain/hindcast/monthly/regrid/r20250715,SNOWFL,1,372,372,1993-01-16,2023-12-16,dfe7b5b5a9,[100],[372],"[""[844, 774]""]","[""[100, 200, 200]""]",days since 1993-01-01,gregorian
northwest_atlantic/full_domain/hindcast/monthly/regrid/r20250715,STRENGTH_hf,1,372,372,1993-01-16,2023-12-16,dfe7b5b5a9,[100],[372],"[""[844, 774]""]","[""[100, 200, 200]""]",days since 1993-01-01,gregorian
northwest_atlantic/full_domain/hindcast/monthly/regrid/r20250715,S_adx_2d_rotate,1,372,372,1993-01-16,2023-12-16,dfe7b5b5a9,[100],[372],"[""[844, 774]""]","[""[100, 200, 200]""]",days since 1993-01-01,gregorian
northwest_atlantic/full_domain/hindcast/monthly/regrid/r20250715,S_ady_2d_rotate,1,372,372,1993-01-16,2023-12-16,dfe7b5b5a9,[100],[372],"[""[844, 774]""]","[""[100, 200, 200]""]",days since 1993-01-01,gregorian
northwest_atlantic/full_domain/hindcast/monthly/regrid/r20250715,T1,1,372,372,1993-01-16,2023-12-16,dfe7b5b5a9,[100],[372],"[""[844, 774]""]","[""[100, 200, 200]""]",days since 1993-01-01,gregorian
northwest_atlantic/full_domain/hindcast/monthly/regrid/r20250715,T2,1,372,372,1993-01-16,2023-12-16,dfe7b5b5a9,[100],[372],"[""[844, 774]""]","[""[100, 200, 200]""]",days since 1993-01-01,gregorian
northwest_atlantic/full_domain/hindcast/monthly/regrid/r20250715,T3,1,372,372,1993-01-16,2023-12-16,dfe7b5b5a9,[100],[372],"[""[844, 774]""]","[""[100, 200, 200]""]",days since 1993-01-01,gregorian
northwest_atlantic/full_domain/hindcast/monthly/regrid/r20250715,T4,1,372,372,1993-01-16,2023-12-16,dfe7b5b5a9,[100],[372],"[""[844, 774]""]","[""[100, 200, 200]""]",days since 1993-01-01,gregorian
northwest_atlantic/full_domain/hindcast/monthly/regrid/r20250715,TMELT,1,372,372,1993-01-16,2023-12-16,dfe7b5b5a9,[100],[372],"[""[844, 774]""]","[""[100, 200, 200]""]",days since 1993-01-01,gregorian
northwest_atlantic/full_domain/hindcast/monthly/regrid/r20250715,TSN,1,372,372,1993-01-16,2023-12-16,dfe7b5b5a9,[100],[372],"[""[844, 774]""]","[""[100, 200, 200]""]",days since 1993-01-01,gregorian
northwest_atlantic/full_domain/hindcast/monthly/regrid/r20250715,T_adx_2d_rotate,1,372,372,1993-01-16,2023-12-16,dfe7b5b5a9,[100],[372],"[""[844, 774]""]","[""[100, 200, 200]""]",days since 1993-01-01,gregorian
northwest_atlantic/full_domain/hindcast/monthly/regrid/r20250715,T_ady_2d_rotate,1,372,372,1993-01-16,2023-12-16,dfe7b5b5a9,[100],[372],"[""[844, 774]""]","[""[100, 200, 200]""]",days since 1993-01-01,gregorian
northwest_atlantic/full_domain/hindcast/monthly/regrid/r20250715,XPRT,1,372,372,1993-01-16,2023-12-16,dfe7b5b5a9,[100],[372],"[""[844, 774]""]","[""[100, 200, 200]""]",days since 1993-01-01,gregorian
northwest_atlantic/full_domain/hindcast/monthly/regrid/r20250715,aragos,1,372,372,1993-01-16,2023-12-16,dfe7b5b5a9,[100],[372],"[""[844, 774]""]","[""[100, 200, 200]""]",days since 1993-01-01,gregorian
northwest_atlantic/full_domain/hindcast/monthly/regrid/r20250715,baccos,1,372,372,1993-01-16,2023-12-16,dfe7b5b5a9,[100],[372],"[""[844, 774]""]","[""[100, 200, 200]""]",days since 1993-01-01,gregorian
northwest_atlantic/full_domain/hindcast/monthly/regrid/r20250715,bfeos,1,372,372,1993-01-16,2023-12-16,dfe7b5b5a9,[100],[372],"[""[844, 774]""]","[""[100, 200, 200]""]",days since 1993-01-01,gregorian
northwest_atlantic/full_domain/hindcast/monthly/regrid/r20250715,bsios,1,372,372,1993-01-16,2023-12-16,dfe7b5b5a9,[100],[372],"[""[844, 774]""]","[""[100, 200, 200]""]",days since 1993-01-01,gregorian
northwest_atlantic/full_domain/hindcast/monthly/regrid/r20250715,btm_co3_ion,1,372,372,1993-01-16,2023-12-16,dfe7b5b5a9,[100],[372],"[""[844, 774]""]","[""[100, 200, 200]""]",days since 1993-01-01,gregorian
northwest_atlantic/full_domain/hindcast/monthly/regrid/r20250715,btm_co3_sol_arag,1,372,372,1993-01-16,2023-12-16,dfe7b5b5a9,[100],[372],"[""[844, 774]""]","[""[100, 200, 200]""]",days since 1993-01-01,gregorian
northwest_atlantic/full_domain/hindcast/monthly/regrid/r20250715,btm_co3_sol_calc,1,372,372,1993-01-16,2023-12-16,dfe7b5b5a9,[100],[372],"[""[844, 774]""]","[""[100, 200, 200]""]",days since 1993-01-01,gregorian
northwest_atlantic/full_domain/hindcast/monthly/regrid/r20250715,btm_htotal,1,372,372,1993-01-16,2023-12-16,dfe7b5b5a9,[100],[372],"[""[844, 774]""]","[""[100, 200, 200]""]",days since 1993-01-01,gregorian
northwest_atlantic/full_domain/hindcast/monthly/regrid/r20250715,btm_o2,1,372,372,1993-01-16,2023-12-16,dfe7b5b5a9,[100],[372],"[""[844, 774]""]","[""[100, 200, 200]""]",days since 1993-01-01,gregorian
northwest_atlantic/full_domain/hindcast/monthly/regrid/r20250715,btm_temp,1,372,372,1993-01-16,2023-12-16,dfe7b5b5a9,[100],[372],"[""[844, 774]""]","[""[100, 200, 200]""]",days since 1993-01-01,gregorian
northwest_atlantic/full_domain/hindcast/monthly/regrid/r20250715,calc,1,372,372,1993-01-16,2023-12-16,dfe7b5b5a9,[100],[372],"[""[52, 844, 774]""]","[""[100, 10, 200, 200]""]",days since 1993-01-01,gregorian
northwest_atlantic/full_domain/hindcast/monthly/regrid/r20250715,calcos,1,372,372,1993-01-16,2023-12-16,dfe7b5b5a9,[100],[372],"[""[844, 774]""]","[""[100, 200, 200]""]",days since 1993-01-01,gregorian
northwest_atlantic/full_domain/hindcast/monthly/regrid/r20250715,cased,1,372,372,1993-01-16,2023-12-16,dfe7b5b5a9,[100],[372],"[""[844, 774]""]","[""[100, 200, 200]""]",days since 1993-01-01,gregorian
northwest_atlantic/full_domain/hindcast/monthly/regrid/r20250715,cased_redis_coef,1,372,372,1993-01-16,2023-12-16,dfe7b5b5a9,[100],[372],"[""[844, 774]""]","[""[100, 200, 200]""]",days since 1993-01-01,gregorian
northwest_atlantic/full_domain/hindcast/monthly/regrid/r20250715,cased_redis_delz,1,372,372,1993-01-16,2023-12-16,dfe7b5b5a9,[100],[372],"[""[844, 774]""]","[""[100, 200, 200]""]",days since 1993-01-01,gregorian
northwest_atlantic/full_domain/hindcast/monthly/regrid/r20250715,chl,1,372,372,1993-01-16,2023-12-16,dfe7b5b5a9,[100],[372],"[""[52, 844, 774]""]","[""[100, 10, 200, 200]""]",days since 1993-01-01,gregorian
northwest_atlantic/full_domain/hindcast/monthly/regrid/r20250715,chl_Di,1,372,372,1993-01-16,2023-12-16,dfe7b5b5a9,[100],[372],"[""[52, 844, 774]""]","[""[100, 10, 200, 200]""]",days since 1993-01-01,gregorian
northwest_atlantic/full_domain/hindcast/monthly/regrid/r20250715,chl_Lg,1,372,372,1993-01-16,2023-12-16,dfe7b5b5a9,[100],[372],"[""[52, 844, 774]""]","[""[100, 10, 200, 200]""]",days since 1993-01-01,gregorian
northwest_atlantic/full_domain/hindcast/monthly/regrid/r20250715,chl_Md,1,372,372,1993-01-16,2023-12-16,dfe7b5b5a9,[100],[372],"[""[52, 844, 774]""]","[""[100, 10, 200, 200]""]",days since 1993-01-01,gregorian
northwest_atlantic/full_domain/hindcast/monthly/regrid/r20250715,chl_Sm,1,372,372,1993-01-16,2023-12-16,dfe7b5b5a9,[100],[372],"[""[52, 844, 774]""]","[""[100, 10, 200, 200]""]",days since 1993-01-01,gregorian
northwest_atlantic/full_domain/hindcast/monthly/regrid/r20250715,chldiatos,1,372,372,1993-01-16,2023-12-16,dfe7b5b5a9,[100],[372],"[""[844, 774]""]","[""[100, 200, 200]""]",days since 1993-01-01,gregorian
northwest_atlantic/full_domain/hindcast/monthly/regrid/r20250715,chldiazos,1,372,372,1993-01-16,2023-12-16,dfe7b5b5a9,[100],[372],"[""[844, 774]""]","[""[100, 200, 200]""]",days since 1993-01-01,gregorian
northwest_atlantic/full_domain/hindcast/monthly/regrid/r20250715,chlmiscos,1,372,372,1993-01-16,2023-12-16,dfe7b5b5a9,[100],[372],"[""[844, 774]""]","[""[100, 200, 200]""]",days since 1993-01-01,gregorian
northwest_atlantic/full_domain/hindcast/monthly/regrid/r20250715,chlos,1,372,372,1993-01-16,2023-12-16,dfe7b5b5a9,[100],[372],"[""[844, 774]""]","[""[100, 200, 200]""]",days since 1993-01-01,gregorian
northwest_atlantic/full_domain/hindcast/monthly/regrid/r20250715,chlpicoos,1,372,372,1993-01-16,2023-12-16,dfe7b5b5a9,[100],[372],"[""[844, 774]""]","[""[100, 200, 200]""]",days since 1993-01-01,gregorian
northwest_atlantic/full_domain/hindcast/monthly/regrid/r20250715,co3,1,372,372,1993-01-16,2023-12-16,dfe7b5b5a9,[100],[372],"[""[52, 844, 774]""]","[""[100, 10, 200, 200]""]",days since 1993-01-01,gregorian
northwest_atlantic/full_domain/hindcast/monthly/regrid/r20250715,co3os,1,372,372,1993-01-16,2023-12-16,dfe7b5b5a9,[100],[372],"[""[844, 774]""]","[""[100, 200, 200]""]",days since 1993-01-01,gregorian
northwest_atlantic/full_domain/hindcast/monthly/regrid/r20250715,co3sataragos,1,372,372,1993-01-16,2023-12-16,dfe7b5b5a9,[100],[372],"[""[844, 774]""]","[""[100, 200, 200]""]",days since 1993-01-01,gregorian
northwest_atlantic/full_domain/hindcast/monthly/regrid/r20250715,co3satcalcos,1,372,372,1993-01-16,2023-12-16,dfe7b5b5a9,[100],[372],"[""[844, 774]""]","[""[100, 200, 200]""]",days since 1993-01-01,gregorian
northwest_atlantic/full_domain/hindcast/monthly/regrid/r20250715,dep_dry_fed,1,372,372,1993-01-16,2023-12-16,dfe7b5b5a9,[100],[372],"[""[844, 774]""]","[""[100, 200, 200]""]",days since 1993-01-01,gregorian
northwest_atlantic/full_domain/hindcast/monthly/regrid/r20250715,dep_dry_lith,1,372,372,1993-01-16,2023-12-16,dfe7b5b5a9,[100],[372],"[""[844, 774]""]","[""[100, 200, 200]""]",days since 1993-01-01,gregorian
northwest_atlantic/full_domain/hindcast/monthly/regrid/r20250715,dep_dry_nh4,1,372,372,1993-01-16,2023-12-16,dfe7b5b5a9,[100],[372],"[""[844, 774]""]","[""[100, 200, 200]""]",days since 1993-01-01,gregorian
northwest_atlantic/full_domain/hindcast/monthly/regrid/r20250715,dep_dry_no3,1,372,372,1993-01-16,2023-12-16,dfe7b5b5a9,[100],[372],"[""[844, 774]""]","[""[100, 200, 200]""]",days since 1993-01-01,gregorian
northwest_atlantic/full_domain/hindcast/monthly/regrid/r20250715,dep_dry_po4,1,372,372,1993-01-16,2023-12-16,dfe7b5b5a9,[100],[372],"[""[844, 774]""]","[""[100, 200, 200]""]",days since 1993-01-01,gregorian
northwest_atlantic/full_domain/hindcast/monthly/regrid/r20250715,dep_wet_fed,1,372,372,1993-01-16,2023-12-16,dfe7b5b5a9,[100],[372],"[""[844, 774]""]","[""[100, 200, 200]""]",days since 1993-01-01,gregorian
northwest_atlantic/full_domain/hindcast/monthly/regrid/r20250715,dep_wet_lith,1,372,372,1993-01-16,2023-12-16,dfe7b5b5a9,[100],[372],"[""[844, 774]""]","[""[100, 200, 200]""]",days since 1993-01-01,gregorian
northwest_atlantic/full_domain/hindcast/monthly/regrid/r20250715,dep_wet_nh4,1,372,372,1993-01-16,2023-12-16,dfe7b5b5a9,[100],[372],"[""[844, 774]""]","[""[100, 200, 200]""]",days since 1993-01-01,gregorian
northwest_atlantic/full_domain/hindcast/monthly/regrid/r20250715,dep_wet_no3,1,372,372,1993-01-16,2023-12-16,dfe7b5b5a9,[100],[372],"[""[844, 774]""]","[""[100, 200, 200]""]",days since 1993-01-01,gregorian
northwest_atlantic/full_domain/hindcast/monthly/regrid/r20250715,detocos,1,372,372,1993-01-16,2023-12-16,dfe7b5b5a9,[100],[372],"[""[844, 774]""]","[""[100, 200, 200]""]",days since 1993-01-01,gregorian
northwest_atlantic/full_domain/hindcast/monthly/regrid/r20250715,dfeos,1,372,372,1993-01-16,2023-12-16,dfe7b5b5a9,[100],[372],"[""[844, 774]""]","[""[100, 200, 200]""]",days since 1993-01-01,gregorian
northwest_atlantic/full_domain/hindcast/monthly/regrid/r20250715,dic_csurf,1,372,372,1993-01-16,2023-12-16,dfe7b5b5a9,[100],[372],"[""[844, 774]""]","[""[100, 200, 200]""]",days since 1993-01-01,gregorian
northwest_atlantic/full_domain/hindcast/monthly/regrid/r20250715,dic_deltap,1,372,372,1993-01-16,2023-12-16,dfe7b5b5a9,[100],[372],"[""[844, 774]""]","[""[100, 200, 200]""]",days since 1993-01-01,gregorian
northwest_atlantic/full_domain/hindcast/monthly/regrid/r20250715,dic_kw,1,372,372,1993-01-16,2023-12-16,dfe7b5b5a9,[100],[372],"[""[844, 774]""]","[""[100, 200, 200]""]",days since 1993-01-01,gregorian
northwest_atlantic/full_domain/hindcast/monthly/regrid/r20250715,dic_sc_no,1,372,372,1993-01-16,2023-12-16,dfe7b5b5a9,[100],[372],"[""[844, 774]""]","[""[100, 200, 200]""]",days since 1993-01-01,gregorian
northwest_atlantic/full_domain/hindcast/monthly/regrid/r20250715,dic_stf_gas,1,372,372,1993-01-16,2023-12-16,dfe7b5b5a9,[100],[372],"[""[844, 774]""]","[""[100, 200, 200]""]",days since 1993-01-01,gregorian
northwest_atlantic/full_domain/hindcast/monthly/regrid/r20250715,dissic,1,372,372,1993-01-16,2023-12-16,dfe7b5b5a9,[100],[372],"[""[52, 844, 774]""]","[""[100, 10, 200, 200]""]",days since 1993-01-01,gregorian
northwest_atlantic/full_domain/hindcast/monthly/regrid/r20250715,dissicos,1,372,372,1993-01-16,2023-12-16,dfe7b5b5a9,[100],[372],"[""[844, 774]""]","[""[100, 200, 200]""]",days since 1993-01-01,gregorian
northwest_atlantic/full_domain/hindcast/monthly/regrid/r20250715,dissoc,1,372,372,1993-01-16,2023-12-16,dfe7b5b5a9,[100],[372],"[""[52, 844, 774]""]","[""[100, 10, 200, 200]""]",days since 1993-01-01,gregorian
northwest_atlantic/full_domain/hindcast/monthly/regrid/r20250715,dissocos,1,372,372,1993-01-16,2023-12-16,dfe7b5b5a9,[100],[372],"[""[844, 774]""]","[""[100, 200, 200]""]",days since 1993-01-01,gregorian
northwest_atlantic/full_domain/hindcast/monthly/regrid/r20250715,don_100,1,372,372,1993-01-16,2023-12-16,dfe7b5b5a9,[100],[372],"[""[844, 774]""]","[""[100, 200, 200]""]",days since 1993-01-01,gregorian
northwest_atlantic/full_domain/hindcast/monthly/regrid/r20250715,dpco2,1,372,372,1993-01-16,2023-12-16,dfe7b5b5a9,[100],[372],"[""[844, 774]""]","[""[100, 200, 200]""]",days since 1993-01-01,gregorian
northwest_atlantic/full_domain/hindcast/monthly/regrid/r20250715,dpo2,1,372,372,1993-01-16,2023-12-16,dfe7b5b5a9,[100],[372],"[""[844, 774]""]","[""[100, 200, 200]""]",days since 1993-01-01,gregorian
northwest_atlantic/full_domain/hindcast/monthly/regrid/r20250715,eparag100,1,372,372,1993-01-16,2023-12-16,dfe7b5b5a9,[100],[372],"[""[844, 774]""]","[""[100, 200, 200]""]",days since 1993-01-01,gregorian
northwest_atlantic/full_domain/hindcast/monthly/regrid/r20250715,epc100,1,372,372,1993-01-16,2023-12-16,dfe7b5b5a9,[100],[372],"[""[844, 774]""]","[""[100, 200, 200]""]",days since 1993-01-01,gregorian
northwest_atlantic/full_domain/hindcast/monthly/regrid/r20250715,epcalc100,1,372,372,1993-01-16,2023-12-16,dfe7b5b5a9,[100],[372],"[""[844, 774]""]","[""[100, 200, 200]""]",days since 1993-01-01,gregorian
northwest_atlantic/full_domain/hindcast/monthly/regrid/r20250715,epfe100,1,372,372,1993-01-16,2023-12-16,dfe7b5b5a9,[100],[372],"[""[844, 774]""]","[""[100, 200, 200]""]",days since 1993-01-01,gregorian
northwest_atlantic/full_domain/hindcast/monthly/regrid/r20250715,epn100,1,372,372,1993-01-16,2023-12-16,dfe7b5b5a9,[100],[372],"[""[844, 774]""]","[""[100, 200, 200]""]",days since 1993-01-01,gregorian
northwest_atlantic/full_domain/hindcast/monthly/regrid/r20250715,epp100,1,372,372,1993-01-16,2023-12-16,dfe7b5b5a9,[100],[372],"[""[844, 774]""]","[""[100, 200, 200]""]",days since 1993-01-01,gregorian
northwest_atlantic/full_domain/hindcast/monthly/regrid/r20250715,epsi100,1,372,372,1993-01-16,2023-12-16,dfe7b5b5a9,[100],[372],"[""[844, 774]""]","[""[100, 200, 200]""]",days since 1993-01-01,gregorian
northwest_atlantic/full_domain/hindcast/monthly/regrid/r20250715,evs,1,372,372,1993-01-16,2023-12-16,dfe7b5b5a9,[100],[372],"[""[844, 774]""]","[""[100, 200, 200]""]",days since 1993-01-01,gregorian
northwest_atlantic/full_domain/hindcast/monthly/regrid/r20250715,fcadet_arag_100,1,372,372,1993-01-16,2023-12-16,dfe7b5b5a9,[100],[372],"[""[844, 774]""]","[""[100, 200, 200]""]",days since 1993-01-01,gregorian
northwest_atlantic/full_domain/hindcast/monthly/regrid/r20250715,fcadet_arag_btm,1,372,372,1993-01-16,2023-12-16,dfe7b5b5a9,[100],[372],"[""[844, 774]""]","[""[100, 200, 200]""]",days since 1993-01-01,gregorian
northwest_atlantic/full_domain/hindcast/monthly/regrid/r20250715,fcadet_calc_100,1,372,372,1993-01-16,2023-12-16,dfe7b5b5a9,[100],[372],"[""[844, 774]""]","[""[100, 200, 200]""]",days since 1993-01-01,gregorian
northwest_atlantic/full_domain/hindcast/monthly/regrid/r20250715,fcadet_calc_btm,1,372,372,1993-01-16,2023-12-16,dfe7b5b5a9,[100],[372],"[""[844, 774]""]","[""[100, 200, 200]""]",days since 1993-01-01,gregorian
northwest_atlantic/full_domain/hindcast/monthly/regrid/r20250715,fcased_burial,1,372,372,1993-01-16,2023-12-16,dfe7b5b5a9,[100],[372],"[""[844, 774]""]","[""[100, 200, 200]""]",days since 1993-01-01,gregorian
northwest_atlantic/full_domain/hindcast/monthly/regrid/r20250715,fcased_redis,1,372,372,1993-01-16,2023-12-16,dfe7b5b5a9,[100],[372],"[""[844, 774]""]","[""[100, 200, 200]""]",days since 1993-01-01,gregorian
northwest_atlantic/full_domain/hindcast/monthly/regrid/r20250715,fcased_redis_surfresp,1,372,372,1993-01-16,2023-12-16,dfe7b5b5a9,[100],[372],"[""[844, 774]""]","[""[100, 200, 200]""]",days since 1993-01-01,gregorian
northwest_atlantic/full_domain/hindcast/monthly/regrid/r20250715,fed,1,372,372,1993-01-16,2023-12-16,dfe7b5b5a9,[100],[372],"[""[52, 844, 774]""]","[""[100, 10, 200, 200]""]",days since 1993-01-01,gregorian
northwest_atlantic/full_domain/hindcast/monthly/regrid/r20250715,fedet,1,372,372,1993-01-16,2023-12-16,dfe7b5b5a9,[100],[372],"[""[52, 844, 774]""]","[""[100, 10, 200, 200]""]",days since 1993-01-01,gregorian
northwest_atlantic/full_domain/hindcast/monthly/regrid/r20250715,feprime,1,372,372,1993-01-16,2023-12-16,dfe7b5b5a9,[100],[372],"[""[52, 844, 774]""]","[""[100, 10, 200, 200]""]",days since 1993-01-01,gregorian
northwest_atlantic/full_domain/hindcast/monthly/regrid/r20250715,ffe_sed,1,372,372,1993-01-16,2023-12-16,dfe7b5b5a9,[100],[372],"[""[844, 774]""]","[""[100, 200, 200]""]",days since 1993-01-01,gregorian
northwest_atlantic/full_domain/hindcast/monthly/regrid/r20250715,ffedet_100,1,372,372,1993-01-16,2023-12-16,dfe7b5b5a9,[100],[372],"[""[844, 774]""]","[""[100, 200, 200]""]",days since 1993-01-01,gregorian
northwest_atlantic/full_domain/hindcast/monthly/regrid/r20250715,ffedet_btm,1,372,372,1993-01-16,2023-12-16,dfe7b5b5a9,[100],[372],"[""[844, 774]""]","[""[100, 200, 200]""]",days since 1993-01-01,gregorian
northwest_atlantic/full_domain/hindcast/monthly/regrid/r20250715,ffedi_btm,1,372,372,1993-01-16,2023-12-16,dfe7b5b5a9,[100],[372],"[""[844, 774]""]","[""[100, 200, 200]""]",days since 1993-01-01,gregorian
northwest_atlantic/full_domain/hindcast/monthly/regrid/r20250715,ffelg_btm,1,372,372,1993-01-16,2023-12-16,dfe7b5b5a9,[100],[372],"[""[844, 774]""]","[""[100, 200, 200]""]",days since 1993-01-01,gregorian
northwest_atlantic/full_domain/hindcast/monthly/regrid/r20250715,ffemd_btm,1,372,372,1993-01-16,2023-12-16,dfe7b5b5a9,[100],[372],"[""[844, 774]""]","[""[100, 200, 200]""]",days since 1993-01-01,gregorian
northwest_atlantic/full_domain/hindcast/monthly/regrid/r20250715,ffetot_btm,1,372,372,1993-01-16,2023-12-16,dfe7b5b5a9,[100],[372],"[""[844, 774]""]","[""[100, 200, 200]""]",days since 1993-01-01,gregorian
northwest_atlantic/full_domain/hindcast/monthly/regrid/r20250715,fgco2,1,372,372,1993-01-16,2023-12-16,dfe7b5b5a9,[100],[372],"[""[844, 774]""]","[""[100, 200, 200]""]",days since 1993-01-01,gregorian
northwest_atlantic/full_domain/hindcast/monthly/regrid/r20250715,fgo2,1,372,372,1993-01-16,2023-12-16,dfe7b5b5a9,[100],[372],"[""[844, 774]""]","[""[100, 200, 200]""]",days since 1993-01-01,gregorian
northwest_atlantic/full_domain/hindcast/monthly/regrid/r20250715,ficeberg,1,372,372,1993-01-16,2023-12-16,dfe7b5b5a9,[100],[372],"[""[844, 774]""]","[""[100, 200, 200]""]",days since 1993-01-01,gregorian
northwest_atlantic/full_domain/hindcast/monthly/regrid/r20250715,flithdet_100,1,372,372,1993-01-16,2023-12-16,dfe7b5b5a9,[100],[372],"[""[844, 774]""]","[""[100, 200, 200]""]",days since 1993-01-01,gregorian
northwest_atlantic/full_domain/hindcast/monthly/regrid/r20250715,flithdet_btm,1,372,372,1993-01-16,2023-12-16,dfe7b5b5a9,[100],[372],"[""[844, 774]""]","[""[100, 200, 200]""]",days since 1993-01-01,gregorian
northwest_atlantic/full_domain/hindcast/monthly/regrid/r20250715,fndet_100,1,372,372,1993-01-16,2023-12-16,dfe7b5b5a9,[100],[372],"[""[844, 774]""]","[""[100, 200, 200]""]",days since 1993-01-01,gregorian
northwest_atlantic/full_domain/hindcast/monthly/regrid/r20250715,fndet_btm,1,372,372,1993-01-16,2023-12-16,dfe7b5b5a9,[100],[372],"[""[844, 774]""]","[""[100, 200, 200]""]",days since 1993-01-01,gregorian
northwest_atlantic/full_domain/hindcast/monthly/regrid/r20250715,fndi_btm,1,372,372,1993-01-16,2023-12-16,dfe7b5b5a9,[100],[372],"[""[844, 774]""]","[""[100, 200, 200]""]",days since 1993-01-01,gregorian
northwest_atlantic/full_domain/hindcast/monthly/regrid/r20250715,fnlg_btm,1,372,372,1993-01-16,2023-12-16,dfe7b5b5a9,[100],[372],"[""[844, 774]""]","[""[100, 200, 200]""]",days since 1993-01-01,gregorian
northwest_atlantic/full_domain/hindcast/monthly/regrid/r20250715,fnmd_btm,1,372,372,1993-01-16,2023-12-16,dfe7b5b5a9,[100],[372],"[""[844, 774]""]","[""[100, 200, 200]""]",days since 1993-01-01,gregorian
northwest_atlantic/full_domain/hindcast/monthly/regrid/r20250715,fno3denit_sed,1,372,372,1993-01-16,2023-12-16,dfe7b5b5a9,[100],[372],"[""[844, 774]""]","[""[100, 200, 200]""]",days since 1993-01-01,gregorian
northwest_atlantic/full_domain/hindcast/monthly/regrid/r20250715,fnoxic_sed,1,372,372,1993-01-16,2023-12-16,dfe7b5b5a9,[100],[372],"[""[844, 774]""]","[""[100, 200, 200]""]",days since 1993-01-01,gregorian
northwest_atlantic/full_domain/hindcast/monthly/regrid/r20250715,fnso4red_sed,1,372,372,1993-01-16,2023-12-16,dfe7b5b5a9,[100],[372],"[""[844, 774]""]","[""[100, 200, 200]""]",days since 1993-01-01,gregorian
northwest_atlantic/full_domain/hindcast/monthly/regrid/r20250715,fntot_100,1,372,372,1993-01-16,2023-12-16,dfe7b5b5a9,[100],[372],"[""[844, 774]""]","[""[100, 200, 200]""]",days since 1993-01-01,gregorian
northwest_atlantic/full_domain/hindcast/monthly/regrid/r20250715,fntot_btm,1,372,372,1993-01-16,2023-12-16,dfe7b5b5a9,[100],[372],"[""[844, 774]""]","[""[100, 200, 200]""]",days since 1993-01-01,gregorian
northwest_atlantic/full_domain/hindcast/monthly/regrid/r20250715,fpdet_100,1,372,372,1993-01-16,2023-12-16,dfe7b5b5a9,[100],[372],"[""[844, 774]""]","[""[100, 200, 200]""]",days since 1993-01-01,gregorian
northwest_atlantic/full_domain/hindcast/monthly/regrid/r20250715,fpdet_btm,1,372,372,1993-01-16,2023-12-16,dfe7b5b5a9,[100],[372],"[""[844, 774]""]","[""[100, 200, 200]""]",days since 1993-01-01,gregorian
northwest_atlantic/full_domain/hindcast/monthly/regrid/r20250715,fpdi_btm,1,372,372,1993-01-16,2023-12-16,dfe7b5b5a9,[100],[372],"[""[844, 774]""]","[""[100, 200, 200]""]",days since 1993-01-01,gregorian
northwest_atlantic/full_domain/hindcast/monthly/regrid/r20250715,fplg_btm,1,372,372,1993-01-16,2023-12-16,dfe7b5b5a9,[100],[372],"[""[844, 774]""]","[""[100, 200, 200]""]",days since 1993-01-01,gregorian
northwest_atlantic/full_domain/hindcast/monthly/regrid/r20250715,fpmd_btm,1,372,372,1993-01-16,2023-12-16,dfe7b5b5a9,[100],[372],"[""[844, 774]""]","[""[100, 200, 200]""]",days since 1993-01-01,gregorian
northwest_atlantic/full_domain/hindcast/monthly/regrid/r20250715,fptot_100,1,372,372,1993-01-16,2023-12-16,dfe7b5b5a9,[100],[372],"[""[844, 774]""]","[""[100, 200, 200]""]",days since 1993-01-01,gregorian
northwest_atlantic/full_domain/hindcast/monthly/regrid/r20250715,fptot_btm,1,372,372,1993-01-16,2023-12-16,dfe7b5b5a9,[100],[372],"[""[844, 774]""]","[""[100, 200, 200]""]",days since 1993-01-01,gregorian
northwest_atlantic/full_domain/hindcast/monthly/regrid/r20250715,frfe,1,372,372,1993-01-16,2023-12-16,dfe7b5b5a9,[100],[372],"[""[844, 774]""]","[""[100, 200, 200]""]",days since 1993-01-01,gregorian
northwest_atlantic/full_domain/hindcast/monthly/regrid/r20250715,fric,1,372,372,1993-01-16,2023-12-16,dfe7b5b5a9,[100],[372],"[""[844, 774]""]","[""[100, 200, 200]""]",days since 1993-01-01,gregorian
northwest_atlantic/full_domain/hindcast/monthly/regrid/r20250715,friver,1,372,372,1993-01-16,2023-12-16,dfe7b5b5a9,[100],[372],"[""[844, 774]""]","[""[100, 200, 200]""]",days since 1993-01-01,gregorian
northwest_atlantic/full_domain/hindcast/monthly/regrid/r20250715,frn,1,372,372,1993-01-16,2023-12-16,dfe7b5b5a9,[100],[372],"[""[844, 774]""]","[""[100, 200, 200]""]",days since 1993-01-01,gregorian
northwest_atlantic/full_domain/hindcast/monthly/regrid/r20250715,froc,1,372,372,1993-01-16,2023-12-16,dfe7b5b5a9,[100],[372],"[""[844, 774]""]","[""[100, 200, 200]""]",days since 1993-01-01,gregorian
northwest_atlantic/full_domain/hindcast/monthly/regrid/r20250715,fsfe,1,372,372,1993-01-16,2023-12-16,dfe7b5b5a9,[100],[372],"[""[844, 774]""]","[""[100, 200, 200]""]",days since 1993-01-01,gregorian
northwest_atlantic/full_domain/hindcast/monthly/regrid/r20250715,fsidet_100,1,372,372,1993-01-16,2023-12-16,dfe7b5b5a9,[100],[372],"[""[844, 774]""]","[""[100, 200, 200]""]",days since 1993-01-01,gregorian
northwest_atlantic/full_domain/hindcast/monthly/regrid/r20250715,fsidet_btm,1,372,372,1993-01-16,2023-12-16,dfe7b5b5a9,[100],[372],"[""[844, 774]""]","[""[100, 200, 200]""]",days since 1993-01-01,gregorian
northwest_atlantic/full_domain/hindcast/monthly/regrid/r20250715,fsilg_btm,1,372,372,1993-01-16,2023-12-16,dfe7b5b5a9,[100],[372],"[""[844, 774]""]","[""[100, 200, 200]""]",days since 1993-01-01,gregorian
northwest_atlantic/full_domain/hindcast/monthly/regrid/r20250715,fsimd_btm,1,372,372,1993-01-16,2023-12-16,dfe7b5b5a9,[100],[372],"[""[844, 774]""]","[""[100, 200, 200]""]",days since 1993-01-01,gregorian
northwest_atlantic/full_domain/hindcast/monthly/regrid/r20250715,fsitherm,1,372,372,1993-01-16,2023-12-16,dfe7b5b5a9,[100],[372],"[""[844, 774]""]","[""[100, 200, 200]""]",days since 1993-01-01,gregorian
northwest_atlantic/full_domain/hindcast/monthly/regrid/r20250715,fsn,1,372,372,1993-01-16,2023-12-16,dfe7b5b5a9,[100],[372],"[""[844, 774]""]","[""[100, 200, 200]""]",days since 1993-01-01,gregorian
northwest_atlantic/full_domain/hindcast/monthly/regrid/r20250715,heat_content_cond,1,372,372,1993-01-16,2023-12-16,dfe7b5b5a9,[100],[372],"[""[844, 774]""]","[""[100, 200, 200]""]",days since 1993-01-01,gregorian
northwest_atlantic/full_domain/hindcast/monthly/regrid/r20250715,heat_content_fprec,1,372,372,1993-01-16,2023-12-16,dfe7b5b5a9,[100],[372],"[""[844, 774]""]","[""[100, 200, 200]""]",days since 1993-01-01,gregorian
northwest_atlantic/full_domain/hindcast/monthly/regrid/r20250715,heat_content_massin,1,372,372,1993-01-16,2023-12-16,dfe7b5b5a9,[100],[372],"[""[844, 774]""]","[""[100, 200, 200]""]",days since 1993-01-01,gregorian
northwest_atlantic/full_domain/hindcast/monthly/regrid/r20250715,heat_content_massout,1,372,372,1993-01-16,2023-12-16,dfe7b5b5a9,[100],[372],"[""[844, 774]""]","[""[100, 200, 200]""]",days since 1993-01-01,gregorian
northwest_atlantic/full_domain/hindcast/monthly/regrid/r20250715,heat_content_surfwater,1,372,372,1993-01-16,2023-12-16,dfe7b5b5a9,[100],[372],"[""[844, 774]""]","[""[100, 200, 200]""]",days since 1993-01-01,gregorian
northwest_atlantic/full_domain/hindcast/monthly/regrid/r20250715,hfds,1,372,372,1993-01-16,2023-12-16,dfe7b5b5a9,[100],[372],"[""[844, 774]""]","[""[100, 200, 200]""]",days since 1993-01-01,gregorian
northwest_atlantic/full_domain/hindcast/monthly/regrid/r20250715,hfevapds,1,372,372,1993-01-16,2023-12-16,dfe7b5b5a9,[100],[372],"[""[844, 774]""]","[""[100, 200, 200]""]",days since 1993-01-01,gregorian
northwest_atlantic/full_domain/hindcast/monthly/regrid/r20250715,hfibthermds,1,372,372,1993-01-16,2023-12-16,dfe7b5b5a9,[100],[372],"[""[844, 774]""]","[""[100, 200, 200]""]",days since 1993-01-01,gregorian
northwest_atlantic/full_domain/hindcast/monthly/regrid/r20250715,hflso,1,372,372,1993-01-16,2023-12-16,dfe7b5b5a9,[100],[372],"[""[844, 774]""]","[""[100, 200, 200]""]",days since 1993-01-01,gregorian
northwest_atlantic/full_domain/hindcast/monthly/regrid/r20250715,hfrainds,1,372,372,1993-01-16,2023-12-16,dfe7b5b5a9,[100],[372],"[""[844, 774]""]","[""[100, 200, 200]""]",days since 1993-01-01,gregorian
northwest_atlantic/full_domain/hindcast/monthly/regrid/r20250715,hfrunoffds,1,372,372,1993-01-16,2023-12-16,dfe7b5b5a9,[100],[372],"[""[844, 774]""]","[""[100, 200, 200]""]",days since 1993-01-01,gregorian
northwest_atlantic/full_domain/hindcast/monthly/regrid/r20250715,hfsifrazil,1,372,372,1993-01-16,2023-12-16,dfe7b5b5a9,[100],[372],"[""[844, 774]""]","[""[100, 200, 200]""]",days since 1993-01-01,gregorian
northwest_atlantic/full_domain/hindcast/monthly/regrid/r20250715,hfsnthermds,1,372,372,1993-01-16,2023-12-16,dfe7b5b5a9,[100],[372],"[""[844, 774]""]","[""[100, 200, 200]""]",days since 1993-01-01,gregorian
northwest_atlantic/full_domain/hindcast/monthly/regrid/r20250715,hfsso,1,372,372,1993-01-16,2023-12-16,dfe7b5b5a9,[100],[372],"[""[844, 774]""]","[""[100, 200, 200]""]",days since 1993-01-01,gregorian
northwest_atlantic/full_domain/hindcast/monthly/regrid/r20250715,htotal,1,372,372,1993-01-16,2023-12-16,dfe7b5b5a9,[100],[372],"[""[52, 844, 774]""]","[""[100, 10, 200, 200]""]",days since 1993-01-01,gregorian
northwest_atlantic/full_domain/hindcast/monthly/regrid/r20250715,icfriver,1,372,372,1993-01-16,2023-12-16,dfe7b5b5a9,[100],[372],"[""[844, 774]""]","[""[100, 200, 200]""]",days since 1993-01-01,gregorian
northwest_atlantic/full_domain/hindcast/monthly/regrid/r20250715,intdic,1,372,372,1993-01-16,2023-12-16,dfe7b5b5a9,[100],[372],"[""[844, 774]""]","[""[100, 200, 200]""]",days since 1993-01-01,gregorian
northwest_atlantic/full_domain/hindcast/monthly/regrid/r20250715,intdoc,1,372,372,1993-01-16,2023-12-16,dfe7b5b5a9,[100],[372],"[""[844, 774]""]","[""[100, 200, 200]""]",days since 1993-01-01,gregorian
northwest_atlantic/full_domain/hindcast/monthly/regrid/r20250715,intparag,1,372,372,1993-01-16,2023-12-16,dfe7b5b5a9,[100],[372],"[""[844, 774]""]","[""[100, 200, 200]""]",days since 1993-01-01,gregorian
northwest_atlantic/full_domain/hindcast/monthly/regrid/r20250715,intpbfe,1,372,372,1993-01-16,2023-12-16,dfe7b5b5a9,[100],[372],"[""[844, 774]""]","[""[100, 200, 200]""]",days since 1993-01-01,gregorian
northwest_atlantic/full_domain/hindcast/monthly/regrid/r20250715,intpbn,1,372,372,1993-01-16,2023-12-16,dfe7b5b5a9,[100],[372],"[""[844, 774]""]","[""[100, 200, 200]""]",days since 1993-01-01,gregorian
northwest_atlantic/full_domain/hindcast/monthly/regrid/r20250715,intpbp,1,372,372,1993-01-16,2023-12-16,dfe7b5b5a9,[100],[372],"[""[844, 774]""]","[""[100, 200, 200]""]",days since 1993-01-01,gregorian
northwest_atlantic/full_domain/hindcast/monthly/regrid/r20250715,intpbsi,1,372,372,1993-01-16,2023-12-16,dfe7b5b5a9,[100],[372],"[""[844, 774]""]","[""[100, 200, 200]""]",days since 1993-01-01,gregorian
northwest_atlantic/full_domain/hindcast/monthly/regrid/r20250715,intpcalcite,1,372,372,1993-01-16,2023-12-16,dfe7b5b5a9,[100],[372],"[""[844, 774]""]","[""[100, 200, 200]""]",days since 1993-01-01,gregorian
northwest_atlantic/full_domain/hindcast/monthly/regrid/r20250715,intpn2,1,372,372,1993-01-16,2023-12-16,dfe7b5b5a9,[100],[372],"[""[844, 774]""]","[""[100, 200, 200]""]",days since 1993-01-01,gregorian
northwest_atlantic/full_domain/hindcast/monthly/regrid/r20250715,intpoc,1,372,372,1993-01-16,2023-12-16,dfe7b5b5a9,[100],[372],"[""[844, 774]""]","[""[100, 200, 200]""]",days since 1993-01-01,gregorian
northwest_atlantic/full_domain/hindcast/monthly/regrid/r20250715,intpp,1,372,372,1993-01-16,2023-12-16,dfe7b5b5a9,[100],[372],"[""[844, 774]""]","[""[100, 200, 200]""]",days since 1993-01-01,gregorian
northwest_atlantic/full_domain/hindcast/monthly/regrid/r20250715,intppdiat,1,372,372,1993-01-16,2023-12-16,dfe7b5b5a9,[100],[372],"[""[844, 774]""]","[""[100, 200, 200]""]",days since 1993-01-01,gregorian
northwest_atlantic/full_domain/hindcast/monthly/regrid/r20250715,intppdiaz,1,372,372,1993-01-16,2023-12-16,dfe7b5b5a9,[100],[372],"[""[844, 774]""]","[""[100, 200, 200]""]",days since 1993-01-01,gregorian
northwest_atlantic/full_domain/hindcast/monthly/regrid/r20250715,intppmisc,1,372,372,1993-01-16,2023-12-16,dfe7b5b5a9,[100],[372],"[""[844, 774]""]","[""[100, 200, 200]""]",days since 1993-01-01,gregorian
northwest_atlantic/full_domain/hindcast/monthly/regrid/r20250715,intppnitrate,1,372,372,1993-01-16,2023-12-16,dfe7b5b5a9,[100],[372],"[""[844, 774]""]","[""[100, 200, 200]""]",days since 1993-01-01,gregorian
northwest_atlantic/full_domain/hindcast/monthly/regrid/r20250715,intpppico,1,372,372,1993-01-16,2023-12-16,dfe7b5b5a9,[100],[372],"[""[844, 774]""]","[""[100, 200, 200]""]",days since 1993-01-01,gregorian
northwest_atlantic/full_domain/hindcast/monthly/regrid/r20250715,irr_inst,1,372,372,1993-01-16,2023-12-16,dfe7b5b5a9,[100],[372],"[""[52, 844, 774]""]","[""[100, 10, 200, 200]""]",days since 1993-01-01,gregorian
northwest_atlantic/full_domain/hindcast/monthly/regrid/r20250715,irr_mix,1,372,372,1993-01-16,2023-12-16,dfe7b5b5a9,[100],[372],"[""[52, 844, 774]""]","[""[100, 10, 200, 200]""]",days since 1993-01-01,gregorian
northwest_atlantic/full_domain/hindcast/monthly/regrid/r20250715,irrlim_Di,1,372,372,1993-01-16,2023-12-16,dfe7b5b5a9,[100],[372],"[""[52, 844, 774]""]","[""[100, 10, 200, 200]""]",days since 1993-01-01,gregorian
northwest_atlantic/full_domain/hindcast/monthly/regrid/r20250715,irrlim_Lg,1,372,372,1993-01-16,2023-12-16,dfe7b5b5a9,[100],[372],"[""[52, 844, 774]""]","[""[100, 10, 200, 200]""]",days since 1993-01-01,gregorian
northwest_atlantic/full_domain/hindcast/monthly/regrid/r20250715,irrlim_Md,1,372,372,1993-01-16,2023-12-16,dfe7b5b5a9,[100],[372],"[""[52, 844, 774]""]","[""[100, 10, 200, 200]""]",days since 1993-01-01,gregorian
northwest_atlantic/full_domain/hindcast/monthly/regrid/r20250715,irrlim_Sm,1,372,372,1993-01-16,2023-12-16,dfe7b5b5a9,[100],[372],"[""[52, 844, 774]""]","[""[100, 10, 200, 200]""]",days since 1993-01-01,gregorian
northwest_atlantic/full_domain/hindcast/monthly/regrid/r20250715,jaggloss_nlgp_100,1,372,372,1993-01-16,2023-12-16,dfe7b5b5a9,[100],[372],"[""[844, 774]""]","[""[100, 200, 200]""]",days since 1993-01-01,gregorian
northwest_atlantic/full_domain/hindcast/monthly/regrid/r20250715,jaggloss_nmdp_100,1,372,372,1993-01-16,2023-12-16,dfe7b5b5a9,[100],[372],"[""[844, 774]""]","[""[100, 200, 200]""]",days since 1993-01-01,gregorian
northwest_atlantic/full_domain/hindcast/monthly/regrid/r20250715,jaggloss_nsmp_100,1,372,372,1993-01-16,2023-12-16,dfe7b5b5a9,[100],[372],"[""[844, 774]""]","[""[100, 200, 200]""]",days since 1993-01-01,gregorian
northwest_atlantic/full_domain/hindcast/monthly/regrid/r20250715,jexuloss_ndi_100,1,372,372,1993-01-16,2023-12-16,dfe7b5b5a9,[100],[372],"[""[844, 774]""]","[""[100, 200, 200]""]",days since 1993-01-01,gregorian
northwest_atlantic/full_domain/hindcast/monthly/regrid/r20250715,jexuloss_nlgp_100,1,372,372,1993-01-16,2023-12-16,dfe7b5b5a9,[100],[372],"[""[844, 774]""]","[""[100, 200, 200]""]",days since 1993-01-01,gregorian
northwest_atlantic/full_domain/hindcast/monthly/regrid/r20250715,jexuloss_nmdp_100,1,372,372,1993-01-16,2023-12-16,dfe7b5b5a9,[100],[372],"[""[844, 774]""]","[""[100, 200, 200]""]",days since 1993-01-01,gregorian
northwest_atlantic/full_domain/hindcast/monthly/regrid/r20250715,jexuloss_nsmp_100,1,372,372,1993-01-16,2023-12-16,dfe7b5b5a9,[100],[372],"[""[844, 774]""]","[""[100, 200, 200]""]",days since 1993-01-01,gregorian
northwest_atlantic/full_domain/hindcast/monthly/regrid/r20250715,jhploss_nlgz_100,1,372,372,1993-01-16,2023-12-16,dfe7b5b5a9,[100],[372],"[""[844, 774]""]","[""[100, 200, 200]""]",days since 1993-01-01,gregorian
northwest_atlantic/full_domain/hindcast/monthly/regrid/r20250715,jhploss_nmdz_100,1,372,372,1993-01-16,2023-12-16,dfe7b5b5a9,[100],[372],"[""[844, 774]""]","[""[100, 200, 200]""]",days since 1993-01-01,gregorian
northwest_atlantic/full_domain/hindcast/monthly/regrid/r20250715,jingest_n_hp_100,1,372,372,1993-01-16,2023-12-16,dfe7b5b5a9,[100],[372],"[""[844, 774]""]","[""[100, 200, 200]""]",days since 1993-01-01,gregorian
northwest_atlantic/full_domain/hindcast/monthly/regrid/r20250715,jingest_n_nlgz_100,1,372,372,1993-01-16,2023-12-16,dfe7b5b5a9,[100],[372],"[""[844, 774]""]","[""[100, 200, 200]""]",days since 1993-01-01,gregorian
northwest_atlantic/full_domain/hindcast/monthly/regrid/r20250715,jingest_n_nmdz_100,1,372,372,1993-01-16,2023-12-16,dfe7b5b5a9,[100],[372],"[""[844, 774]""]","[""[100, 200, 200]""]",days since 1993-01-01,gregorian
northwest_atlantic/full_domain/hindcast/monthly/regrid/r20250715,jingest_n_nsmz_100,1,372,372,1993-01-16,2023-12-16,dfe7b5b5a9,[100],[372],"[""[844, 774]""]","[""[100, 200, 200]""]",days since 1993-01-01,gregorian
northwest_atlantic/full_domain/hindcast/monthly/regrid/r20250715,jmortloss_ndi_100,1,372,372,1993-01-16,2023-12-16,dfe7b5b5a9,[100],[372],"[""[844, 774]""]","[""[100, 200, 200]""]",days since 1993-01-01,gregorian
northwest_atlantic/full_domain/hindcast/monthly/regrid/r20250715,jmortloss_nlgp_100,1,372,372,1993-01-16,2023-12-16,dfe7b5b5a9,[100],[372],"[""[844, 774]""]","[""[100, 200, 200]""]",days since 1993-01-01,gregorian
northwest_atlantic/full_domain/hindcast/monthly/regrid/r20250715,jmortloss_nmdp_100,1,372,372,1993-01-16,2023-12-16,dfe7b5b5a9,[100],[372],"[""[844, 774]""]","[""[100, 200, 200]""]",days since 1993-01-01,gregorian
northwest_atlantic/full_domain/hindcast/monthly/regrid/r20250715,jmortloss_nsmp_100,1,372,372,1993-01-16,2023-12-16,dfe7b5b5a9,[100],[372],"[""[844, 774]""]","[""[100, 200, 200]""]",days since 1993-01-01,gregorian
northwest_atlantic/full_domain/hindcast/monthly/regrid/r20250715,jprod_cadet_arag_100,1,372,372,1993-01-16,2023-12-16,dfe7b5b5a9,[100],[372],"[""[844, 774]""]","[""[100, 200, 200]""]",days since 1993-01-01,gregorian
northwest_atlantic/full_domain/hindcast/monthly/regrid/r20250715,jprod_cadet_calc_100,1,372,372,1993-01-16,2023-12-16,dfe7b5b5a9,[100],[372],"[""[844, 774]""]","[""[100, 200, 200]""]",days since 1993-01-01,gregorian
northwest_atlantic/full_domain/hindcast/monthly/regrid/r20250715,jprod_don_nmdz_100,1,372,372,1993-01-16,2023-12-16,dfe7b5b5a9,[100],[372],"[""[844, 774]""]","[""[100, 200, 200]""]",days since 1993-01-01,gregorian
northwest_atlantic/full_domain/hindcast/monthly/regrid/r20250715,jprod_don_nsmz_100,1,372,372,1993-01-16,2023-12-16,dfe7b5b5a9,[100],[372],"[""[844, 774]""]","[""[100, 200, 200]""]",days since 1993-01-01,gregorian
northwest_atlantic/full_domain/hindcast/monthly/regrid/r20250715,jprod_lithdet_100,1,372,372,1993-01-16,2023-12-16,dfe7b5b5a9,[100],[372],"[""[844, 774]""]","[""[100, 200, 200]""]",days since 1993-01-01,gregorian
northwest_atlantic/full_domain/hindcast/monthly/regrid/r20250715,jprod_mesozoo_200,1,372,372,1993-01-16,2023-12-16,dfe7b5b5a9,[100],[372],"[""[844, 774]""]","[""[100, 200, 200]""]",days since 1993-01-01,gregorian
northwest_atlantic/full_domain/hindcast/monthly/regrid/r20250715,jprod_nbact_100,1,372,372,1993-01-16,2023-12-16,dfe7b5b5a9,[100],[372],"[""[844, 774]""]","[""[100, 200, 200]""]",days since 1993-01-01,gregorian
northwest_atlantic/full_domain/hindcast/monthly/regrid/r20250715,jprod_ndet_hp_100,1,372,372,1993-01-16,2023-12-16,dfe7b5b5a9,[100],[372],"[""[844, 774]""]","[""[100, 200, 200]""]",days since 1993-01-01,gregorian
northwest_atlantic/full_domain/hindcast/monthly/regrid/r20250715,jprod_ndet_nlgz_100,1,372,372,1993-01-16,2023-12-16,dfe7b5b5a9,[100],[372],"[""[844, 774]""]","[""[100, 200, 200]""]",days since 1993-01-01,gregorian
northwest_atlantic/full_domain/hindcast/monthly/regrid/r20250715,jprod_ndet_nmdz_100,1,372,372,1993-01-16,2023-12-16,dfe7b5b5a9,[100],[372],"[""[844, 774]""]","[""[100, 200, 200]""]",days since 1993-01-01,gregorian
northwest_atlantic/full_domain/hindcast/monthly/regrid/r20250715,jprod_ndi_100,1,372,372,1993-01-16,2023-12-16,dfe7b5b5a9,[100],[372],"[""[844, 774]""]","[""[100, 200, 200]""]",days since 1993-01-01,gregorian
northwest_atlantic/full_domain/hindcast/monthly/regrid/r20250715,jprod_ndi_n2_100,1,372,372,1993-01-16,2023-12-16,dfe7b5b5a9,[100],[372],"[""[844, 774]""]","[""[100, 200, 200]""]",days since 1993-01-01,gregorian
northwest_atlantic/full_domain/hindcast/monthly/regrid/r20250715,jprod_ndi_new_100,1,372,372,1993-01-16,2023-12-16,dfe7b5b5a9,[100],[372],"[""[844, 774]""]","[""[100, 200, 200]""]",days since 1993-01-01,gregorian
northwest_atlantic/full_domain/hindcast/monthly/regrid/r20250715,jprod_nlgp_100,1,372,372,1993-01-16,2023-12-16,dfe7b5b5a9,[100],[372],"[""[844, 774]""]","[""[100, 200, 200]""]",days since 1993-01-01,gregorian
northwest_atlantic/full_domain/hindcast/monthly/regrid/r20250715,jprod_nlgp_new_100,1,372,372,1993-01-16,2023-12-16,dfe7b5b5a9,[100],[372],"[""[844, 774]""]","[""[100, 200, 200]""]",days since 1993-01-01,gregorian
northwest_atlantic/full_domain/hindcast/monthly/regrid/r20250715,jprod_nlgz_100,1,372,372,1993-01-16,2023-12-16,dfe7b5b5a9,[100],[372],"[""[844, 774]""]","[""[100, 200, 200]""]",days since 1993-01-01,gregorian
northwest_atlantic/full_domain/hindcast/monthly/regrid/r20250715,jprod_nmdp_100,1,372,372,1993-01-16,2023-12-16,dfe7b5b5a9,[100],[372],"[""[844, 774]""]","[""[100, 200, 200]""]",days since 1993-01-01,gregorian
northwest_atlantic/full_domain/hindcast/monthly/regrid/r20250715,jprod_nmdp_new_100,1,372,372,1993-01-16,2023-12-16,dfe7b5b5a9,[100],[372],"[""[844, 774]""]","[""[100, 200, 200]""]",days since 1993-01-01,gregorian
northwest_atlantic/full_domain/hindcast/monthly/regrid/r20250715,jprod_nmdz_100,1,372,372,1993-01-16,2023-12-16,dfe7b5b5a9,[100],[372],"[""[844, 774]""]","[""[100, 200, 200]""]",days since 1993-01-01,gregorian
northwest_atlantic/full_domain/hindcast/monthly/regrid/r20250715,jprod_nsmp_100,1,372,372,1993-01-16,2023-12-16,dfe7b5b5a9,[100],[372],"[""[844, 774]""]","[""[100, 200, 200]""]",days since 1993-01-01,gregorian
northwest_atlantic/full_domain/hindcast/monthly/regrid/r20250715,jprod_nsmp_new_100,1,372,372,1993-01-16,2023-12-16,dfe7b5b5a9,[100],[372],"[""[844, 774]""]","[""[100, 200, 200]""]",days since 1993-01-01,gregorian
northwest_atlantic/full_domain/hindcast/monthly/regrid/r20250715,jprod_nsmz_100,1,372,372,1993-01-16,2023-12-16,dfe7b5b5a9,[100],[372],"[""[844, 774]""]","[""[100, 200, 200]""]",days since 1993-01-01,gregorian
northwest_atlantic/full_domain/hindcast/monthly/regrid/r20250715,jprod_sidet_100,1,372,372,1993-01-16,2023-12-16,dfe7b5b5a9,[100],[372],"[""[844, 774]""]","[""[100, 200, 200]""]",days since 1993-01-01,gregorian
northwest_atlantic/full_domain/hindcast/monthly/regrid/r20250715,jremin_n_hp_100,1,372,372,1993-01-16,2023-12-16,dfe7b5b5a9,[100],[372],"[""[844, 774]""]","[""[100, 200, 200]""]",days since 1993-01-01,gregorian
northwest_atlantic/full_domain/hindcast/monthly/regrid/r20250715,jremin_n_nbact_100,1,372,372,1993-01-16,2023-12-16,dfe7b5b5a9,[100],[372],"[""[844, 774]""]","[""[100, 200, 200]""]",days since 1993-01-01,gregorian
northwest_atlantic/full_domain/hindcast/monthly/regrid/r20250715,jremin_n_nlgz_100,1,372,372,1993-01-16,2023-12-16,dfe7b5b5a9,[100],[372],"[""[844, 774]""]","[""[100, 200, 200]""]",days since 1993-01-01,gregorian
northwest_atlantic/full_domain/hindcast/monthly/regrid/r20250715,jremin_n_nmdz_100,1,372,372,1993-01-16,2023-12-16,dfe7b5b5a9,[100],[372],"[""[844, 774]""]","[""[100, 200, 200]""]",days since 1993-01-01,gregorian
northwest_atlantic/full_domain/hindcast/monthly/regrid/r20250715,jremin_n_nsmz_100,1,372,372,1993-01-16,2023-12-16,dfe7b5b5a9,[100],[372],"[""[844, 774]""]","[""[100, 200, 200]""]",days since 1993-01-01,gregorian
northwest_atlantic/full_domain/hindcast/monthly/regrid/r20250715,jremin_ndet_100,1,372,372,1993-01-16,2023-12-16,dfe7b5b5a9,[100],[372],"[""[844, 774]""]","[""[100, 200, 200]""]",days since 1993-01-01,gregorian
northwest_atlantic/full_domain/hindcast/monthly/regrid/r20250715,juptake_ldon_nbact_100,1,372,372,1993-01-16,2023-12-16,dfe7b5b5a9,[100],[372],"[""[844, 774]""]","[""[100, 200, 200]""]",days since 1993-01-01,gregorian
northwest_atlantic/full_domain/hindcast/monthly/regrid/r20250715,jvirloss_nbact_100,1,372,372,1993-01-16,2023-12-16,dfe7b5b5a9,[100],[372],"[""[844, 774]""]","[""[100, 200, 200]""]",days since 1993-01-01,gregorian
northwest_atlantic/full_domain/hindcast/monthly/regrid/r20250715,jvirloss_nlgp_100,1,372,372,1993-01-16,2023-12-16,dfe7b5b5a9,[100],[372],"[""[844, 774]""]","[""[100, 200, 200]""]",days since 1993-01-01,gregorian
northwest_atlantic/full_domain/hindcast/monthly/regrid/r20250715,jvirloss_nmdp_100,1,372,372,1993-01-16,2023-12-16,dfe7b5b5a9,[100],[372],"[""[844, 774]""]","[""[100, 200, 200]""]",days since 1993-01-01,gregorian
northwest_atlantic/full_domain/hindcast/monthly/regrid/r20250715,jvirloss_nsmp_100,1,372,372,1993-01-16,2023-12-16,dfe7b5b5a9,[100],[372],"[""[844, 774]""]","[""[100, 200, 200]""]",days since 1993-01-01,gregorian
northwest_atlantic/full_domain/hindcast/monthly/regrid/r20250715,jzloss_nbact_100,1,372,372,1993-01-16,2023-12-16,dfe7b5b5a9,[100],[372],"[""[844, 774]""]","[""[100, 200, 200]""]",days since 1993-01-01,gregorian
northwest_atlantic/full_domain/hindcast/monthly/regrid/r20250715,jzloss_ndi_100,1,372,372,1993-01-16,2023-12-16,dfe7b5b5a9,[100],[372],"[""[844, 774]""]","[""[100, 200, 200]""]",days since 1993-01-01,gregorian
northwest_atlantic/full_domain/hindcast/monthly/regrid/r20250715,jzloss_nlgp_100,1,372,372,1993-01-16,2023-12-16,dfe7b5b5a9,[100],[372],"[""[844, 774]""]","[""[100, 200, 200]""]",days since 1993-01-01,gregorian
northwest_atlantic/full_domain/hindcast/monthly/regrid/r20250715,jzloss_nmdp_100,1,372,372,1993-01-16,2023-12-16,dfe7b5b5a9,[100],[372],"[""[844, 774]""]","[""[100, 200, 200]""]",days since 1993-01-01,gregorian
northwest_atlantic/full_domain/hindcast/monthly/regrid/r20250715,jzloss_nmdz_100,1,372,372,1993-01-16,2023-12-16,dfe7b5b5a9,[100],[372],"[""[844, 774]""]","[""[100, 200, 200]""]",days since 1993-01-01,gregorian
northwest_atlantic/full_domain/hindcast/monthly/regrid/r20250715,jzloss_nsmp_100,1,372,372,1993-01-16,2023-12-16,dfe7b5b5a9,[100],[372],"[""[844, 774]""]","[""[100, 200, 200]""]",days since 1993-01-01,gregorian
northwest_atlantic/full_domain/hindcast/monthly/regrid/r20250715,jzloss_nsmz_100,1,372,372,1993-01-16,2023-12-16,dfe7b5b5a9,[100],[372],"[""[844, 774]""]","[""[100, 200, 200]""]",days since 1993-01-01,gregorian
northwest_atlantic/full_domain/hindcast/monthly/regrid/r20250715,limfediat,1,372,372,1993-01-16,2023-12-16,dfe7b5b5a9,[100],[372],"[""[844, 774]""]","[""[100, 200, 200]""]",days since 1993-01-01,gregorian
northwest_atlantic/full_domain/hindcast/monthly/regrid/r20250715,limfediaz,1,372,372,1993-01-16,2023-12-16,dfe7b5b5a9,[100],[372],"[""[844, 774]""]","[""[100, 200, 200]""]",days since 1993-01-01,gregorian
northwest_atlantic/full_domain/hindcast/monthly/regrid/r20250715,limfemisc,1,372,372,1993-01-16,2023-12-16,dfe7b5b5a9,[100],[372],"[""[844, 774]""]","[""[100, 200, 200]""]",days since 1993-01-01,gregorian
northwest_atlantic/full_domain/hindcast/monthly/regrid/r20250715,limfepico,1,372,372,1993-01-16,2023-12-16,dfe7b5b5a9,[100],[372],"[""[844, 774]""]","[""[100, 200, 200]""]",days since 1993-01-01,gregorian
northwest_atlantic/full_domain/hindcast/monthly/regrid/r20250715,limirrdiat,1,372,372,1993-01-16,2023-12-16,dfe7b5b5a9,[100],[372],"[""[844, 774]""]","[""[100, 200, 200]""]",days since 1993-01-01,gregorian
northwest_atlantic/full_domain/hindcast/monthly/regrid/r20250715,limirrdiaz,1,372,372,1993-01-16,2023-12-16,dfe7b5b5a9,[100],[372],"[""[844, 774]""]","[""[100, 200, 200]""]",days since 1993-01-01,gregorian
northwest_atlantic/full_domain/hindcast/monthly/regrid/r20250715,limirrmisc,1,372,372,1993-01-16,2023-12-16,dfe7b5b5a9,[100],[372],"[""[844, 774]""]","[""[100, 200, 200]""]",days since 1993-01-01,gregorian
northwest_atlantic/full_domain/hindcast/monthly/regrid/r20250715,limirrpico,1,372,372,1993-01-16,2023-12-16,dfe7b5b5a9,[100],[372],"[""[844, 774]""]","[""[100, 200, 200]""]",days since 1993-01-01,gregorian
northwest_atlantic/full_domain/hindcast/monthly/regrid/r20250715,limndiat,1,372,372,1993-01-16,2023-12-16,dfe7b5b5a9,[100],[372],"[""[844, 774]""]","[""[100, 200, 200]""]",days since 1993-01-01,gregorian
northwest_atlantic/full_domain/hindcast/monthly/regrid/r20250715,limnmisc,1,372,372,1993-01-16,2023-12-16,dfe7b5b5a9,[100],[372],"[""[844, 774]""]","[""[100, 200, 200]""]",days since 1993-01-01,gregorian
northwest_atlantic/full_domain/hindcast/monthly/regrid/r20250715,limnpico,1,372,372,1993-01-16,2023-12-16,dfe7b5b5a9,[100],[372],"[""[844, 774]""]","[""[100, 200, 200]""]",days since 1993-01-01,gregorian
northwest_atlantic/full_domain/hindcast/monthly/regrid/r20250715,limpdiat,1,372,372,1993-01-16,2023-12-16,dfe7b5b5a9,[100],[372],"[""[844, 774]""]","[""[100, 200, 200]""]",days since 1993-01-01,gregorian
northwest_atlantic/full_domain/hindcast/monthly/regrid/r20250715,limpdiaz,1,372,372,1993-01-16,2023-12-16,dfe7b5b5a9,[100],[372],"[""[844, 774]""]","[""[100, 200, 200]""]",days since 1993-01-01,gregorian
northwest_atlantic/full_domain/hindcast/monthly/regrid/r20250715,limpmisc,1,372,372,1993-01-16,2023-12-16,dfe7b5b5a9,[100],[372],"[""[844, 774]""]","[""[100, 200, 200]""]",days since 1993-01-01,gregorian
northwest_atlantic/full_domain/hindcast/monthly/regrid/r20250715,limppico,1,372,372,1993-01-16,2023-12-16,dfe7b5b5a9,[100],[372],"[""[844, 774]""]","[""[100, 200, 200]""]",days since 1993-01-01,gregorian
northwest_atlantic/full_domain/hindcast/monthly/regrid/r20250715,mesozoo_200,1,372,372,1993-01-16,2023-12-16,dfe7b5b5a9,[100],[372],"[""[844, 774]""]","[""[100, 200, 200]""]",days since 1993-01-01,gregorian
northwest_atlantic/full_domain/hindcast/monthly/regrid/r20250715,mlotstmax,1,372,372,1993-01-16,2023-12-16,dfe7b5b5a9,[100],[372],"[""[844, 774]""]","[""[100, 200, 200]""]",days since 1993-01-01,gregorian
northwest_atlantic/full_domain/hindcast/monthly/regrid/r20250715,mlotstmin,1,372,372,1993-01-16,2023-12-16,dfe7b5b5a9,[100],[372],"[""[844, 774]""]","[""[100, 200, 200]""]",days since 1993-01-01,gregorian
northwest_atlantic/full_domain/hindcast/monthly/regrid/r20250715,mu_Di,1,372,372,1993-01-16,2023-12-16,dfe7b5b5a9,[100],[372],"[""[52, 844, 774]""]","[""[100, 10, 200, 200]""]",days since 1993-01-01,gregorian
northwest_atlantic/full_domain/hindcast/monthly/regrid/r20250715,mu_Lg,1,372,372,1993-01-16,2023-12-16,dfe7b5b5a9,[100],[372],"[""[52, 844, 774]""]","[""[100, 10, 200, 200]""]",days since 1993-01-01,gregorian
northwest_atlantic/full_domain/hindcast/monthly/regrid/r20250715,mu_Md,1,372,372,1993-01-16,2023-12-16,dfe7b5b5a9,[100],[372],"[""[52, 844, 774]""]","[""[100, 10, 200, 200]""]",days since 1993-01-01,gregorian
northwest_atlantic/full_domain/hindcast/monthly/regrid/r20250715,mu_Sm,1,372,372,1993-01-16,2023-12-16,dfe7b5b5a9,[100],[372],"[""[52, 844, 774]""]","[""[100, 10, 200, 200]""]",days since 1993-01-01,gregorian
northwest_atlantic/full_domain/hindcast/monthly/regrid/r20250715,nbact,1,372,372,1993-01-16,2023-12-16,dfe7b5b5a9,[100],[372],"[""[52, 844, 774]""]","[""[100, 10, 200, 200]""]",days since 1993-01-01,gregorian
northwest_atlantic/full_domain/hindcast/monthly/regrid/r20250715,nbact_100,1,372,372,1993-01-16,2023-12-16,dfe7b5b5a9,[100],[372],"[""[844, 774]""]","[""[100, 200, 200]""]",days since 1993-01-01,gregorian
northwest_atlantic/full_domain/hindcast/monthly/regrid/r20250715,ndet,1,372,372,1993-01-16,2023-12-16,dfe7b5b5a9,[100],[372],"[""[52, 844, 774]""]","[""[100, 10, 200, 200]""]",days since 1993-01-01,gregorian
northwest_atlantic/full_domain/hindcast/monthly/regrid/r20250715,ndet_100,1,372,372,1993-01-16,2023-12-16,dfe7b5b5a9,[100],[372],"[""[844, 774]""]","[""[100, 200, 200]""]",days since 1993-01-01,gregorian
northwest_atlantic/full_domain/hindcast/monthly/regrid/r20250715,ndi,1,372,372,1993-01-16,2023-12-16,dfe7b5b5a9,[100],[372],"[""[52, 844, 774]""]","[""[100, 10, 200, 200]""]",days since 1993-01-01,gregorian
northwest_atlantic/full_domain/hindcast/monthly/regrid/r20250715,ndi_100,1,372,372,1993-01-16,2023-12-16,dfe7b5b5a9,[100],[372],"[""[844, 774]""]","[""[100, 200, 200]""]",days since 1993-01-01,gregorian
northwest_atlantic/full_domain/hindcast/monthly/regrid/r20250715,net_heat_coupler,1,372,372,1993-01-16,2023-12-16,dfe7b5b5a9,[100],[372],"[""[844, 774]""]","[""[100, 200, 200]""]",days since 1993-01-01,gregorian
northwest_atlantic/full_domain/hindcast/monthly/regrid/r20250715,net_massin,1,372,372,1993-01-16,2023-12-16,dfe7b5b5a9,[100],[372],"[""[844, 774]""]","[""[100, 200, 200]""]",days since 1993-01-01,gregorian
northwest_atlantic/full_domain/hindcast/monthly/regrid/r20250715,net_massout,1,372,372,1993-01-16,2023-12-16,dfe7b5b5a9,[100],[372],"[""[844, 774]""]","[""[100, 200, 200]""]",days since 1993-01-01,gregorian
northwest_atlantic/full_domain/hindcast/monthly/regrid/r20250715,nh4,1,372,372,1993-01-16,2023-12-16,dfe7b5b5a9,[100],[372],"[""[52, 844, 774]""]","[""[100, 10, 200, 200]""]",days since 1993-01-01,gregorian
northwest_atlantic/full_domain/hindcast/monthly/regrid/r20250715,nh4_stf,1,372,372,1993-01-16,2023-12-16,dfe7b5b5a9,[100],[372],"[""[844, 774]""]","[""[100, 200, 200]""]",days since 1993-01-01,gregorian
northwest_atlantic/full_domain/hindcast/monthly/regrid/r20250715,nh4os,1,372,372,1993-01-16,2023-12-16,dfe7b5b5a9,[100],[372],"[""[844, 774]""]","[""[100, 200, 200]""]",days since 1993-01-01,gregorian
northwest_atlantic/full_domain/hindcast/monthly/regrid/r20250715,nlg,1,372,372,1993-01-16,2023-12-16,dfe7b5b5a9,[100],[372],"[""[52, 844, 774]""]","[""[100, 10, 200, 200]""]",days since 1993-01-01,gregorian
northwest_atlantic/full_domain/hindcast/monthly/regrid/r20250715,nlgp_100,1,372,372,1993-01-16,2023-12-16,dfe7b5b5a9,[100],[372],"[""[844, 774]""]","[""[100, 200, 200]""]",days since 1993-01-01,gregorian
northwest_atlantic/full_domain/hindcast/monthly/regrid/r20250715,nlgz,1,372,372,1993-01-16,2023-12-16,dfe7b5b5a9,[100],[372],"[""[52, 844, 774]""]","[""[100, 10, 200, 200]""]",days since 1993-01-01,gregorian
northwest_atlantic/full_domain/hindcast/monthly/regrid/r20250715,nlgz_100,1,372,372,1993-01-16,2023-12-16,dfe7b5b5a9,[100],[372],"[""[844, 774]""]","[""[100, 200, 200]""]",days since 1993-01-01,gregorian
northwest_atlantic/full_domain/hindcast/monthly/regrid/r20250715,nmd,1,372,372,1993-01-16,2023-12-16,dfe7b5b5a9,[100],[372],"[""[52, 844, 774]""]","[""[100, 10, 200, 200]""]",days since 1993-01-01,gregorian
northwest_atlantic/full_domain/hindcast/monthly/regrid/r20250715,nmdp_100,1,372,372,1993-01-16,2023-12-16,dfe7b5b5a9,[100],[372],"[""[844, 774]""]","[""[100, 200, 200]""]",days since 1993-01-01,gregorian
northwest_atlantic/full_domain/hindcast/monthly/regrid/r20250715,nmdz,1,372,372,1993-01-16,2023-12-16,dfe7b5b5a9,[100],[372],"[""[52, 844, 774]""]","[""[100, 10, 200, 200]""]",days since 1993-01-01,gregorian
northwest_atlantic/full_domain/hindcast/monthly/regrid/r20250715,nmdz_100,1,372,372,1993-01-16,2023-12-16,dfe7b5b5a9,[100],[372],"[""[844, 774]""]","[""[100, 200, 200]""]",days since 1993-01-01,gregorian
northwest_atlantic/full_domain/hindcast/monthly/regrid/r20250715,no3,1,372,372,1993-01-16,2023-12-16,dfe7b5b5a9,[100],[372],"[""[52, 844, 774]""]","[""[100, 10, 200, 200]""]",days since 1993-01-01,gregorian
northwest_atlantic/full_domain/hindcast/monthly/regrid/r20250715,no3os,1,372,372,1993-01-16,2023-12-16,dfe7b5b5a9,[100],[372],"[""[844, 774]""]","[""[100, 200, 200]""]",days since 1993-01-01,gregorian
northwest_atlantic/full_domain/hindcast/monthly/regrid/r20250715,nsm,1,372,372,1993-01-16,2023-12-16,dfe7b5b5a9,[100],[372],"[""[52, 844, 774]""]","[""[100, 10, 200, 200]""]",days since 1993-01-01,gregorian
northwest_atlantic/full_domain/hindcast/monthly/regrid/r20250715,nsmp_100,1,372,372,1993-01-16,2023-12-16,dfe7b5b5a9,[100],[372],"[""[844, 774]""]","[""[100, 200, 200]""]",days since 1993-01-01,gregorian
northwest_atlantic/full_domain/hindcast/monthly/regrid/r20250715,nsmz,1,372,372,1993-01-16,2023-12-16,dfe7b5b5a9,[100],[372],"[""[52, 844, 774]""]","[""[100, 10, 200, 200]""]",days since 1993-01-01,gregorian
northwest_atlantic/full_domain/hindcast/monthly/regrid/r20250715,nsmz_100,1,372,372,1993-01-16,2023-12-16,dfe7b5b5a9,[100],[372],"[""[844, 774]""]","[""[100, 200, 200]""]",days since 1993-01-01,gregorian
northwest_atlantic/full_domain/hindcast/monthly/regrid/r20250715,o2,1,372,372,1993-01-16,2023-12-16,dfe7b5b5a9,[100],[372],"[""[52, 844, 774]""]","[""[100, 10, 200, 200]""]",days since 1993-01-01,gregorian
northwest_atlantic/full_domain/hindcast/monthly/regrid/r20250715,o2_alpha,1,372,372,1993-01-16,2023-12-16,dfe7b5b5a9,[100],[372],"[""[844, 774]""]","[""[100, 200, 200]""]",days since 1993-01-01,gregorian
northwest_atlantic/full_domain/hindcast/monthly/regrid/r20250715,o2_csurf,1,372,372,1993-01-16,2023-12-16,dfe7b5b5a9,[100],[372],"[""[844, 774]""]","[""[100, 200, 200]""]",days since 1993-01-01,gregorian
northwest_atlantic/full_domain/hindcast/monthly/regrid/r20250715,o2_deltap,1,372,372,1993-01-16,2023-12-16,dfe7b5b5a9,[100],[372],"[""[844, 774]""]","[""[100, 200, 200]""]",days since 1993-01-01,gregorian
northwest_atlantic/full_domain/hindcast/monthly/regrid/r20250715,o2_kw,1,372,372,1993-01-16,2023-12-16,dfe7b5b5a9,[100],[372],"[""[844, 774]""]","[""[100, 200, 200]""]",days since 1993-01-01,gregorian
northwest_atlantic/full_domain/hindcast/monthly/regrid/r20250715,o2_sc_no,1,372,372,1993-01-16,2023-12-16,dfe7b5b5a9,[100],[372],"[""[844, 774]""]","[""[100, 200, 200]""]",days since 1993-01-01,gregorian
northwest_atlantic/full_domain/hindcast/monthly/regrid/r20250715,o2_stf_gas,1,372,372,1993-01-16,2023-12-16,dfe7b5b5a9,[100],[372],"[""[844, 774]""]","[""[100, 200, 200]""]",days since 1993-01-01,gregorian
northwest_atlantic/full_domain/hindcast/monthly/regrid/r20250715,o2max,1,372,372,1993-01-16,2023-12-16,dfe7b5b5a9,[100],[372],"[""[52, 844, 774]""]","[""[100, 10, 200, 200]""]",days since 1993-01-01,gregorian
northwest_atlantic/full_domain/hindcast/monthly/regrid/r20250715,o2min,1,372,372,1993-01-16,2023-12-16,dfe7b5b5a9,[100],[372],"[""[52, 844, 774]""]","[""[100, 10, 200, 200]""]",days since 1993-01-01,gregorian
northwest_atlantic/full_domain/hindcast/monthly/regrid/r20250715,o2os,1,372,372,1993-01-16,2023-12-16,dfe7b5b5a9,[100],[372],"[""[844, 774]""]","[""[100, 200, 200]""]",days since 1993-01-01,gregorian
northwest_atlantic/full_domain/hindcast/monthly/regrid/r20250715,o2satos,1,372,372,1993-01-16,2023-12-16,dfe7b5b5a9,[100],[372],"[""[844, 774]""]","[""[100, 200, 200]""]",days since 1993-01-01,gregorian
northwest_atlantic/full_domain/hindcast/monthly/regrid/r20250715,ocfriver,1,372,372,1993-01-16,2023-12-16,dfe7b5b5a9,[100],[372],"[""[844, 774]""]","[""[100, 200, 200]""]",days since 1993-01-01,gregorian
northwest_atlantic/full_domain/hindcast/monthly/regrid/r20250715,omega_arag,1,372,372,1993-01-16,2023-12-16,dfe7b5b5a9,[100],[372],"[""[52, 844, 774]""]","[""[100, 10, 200, 200]""]",days since 1993-01-01,gregorian
northwest_atlantic/full_domain/hindcast/monthly/regrid/r20250715,omega_calc,1,372,372,1993-01-16,2023-12-16,dfe7b5b5a9,[100],[372],"[""[52, 844, 774]""]","[""[100, 10, 200, 200]""]",days since 1993-01-01,gregorian
northwest_atlantic/full_domain/hindcast/monthly/regrid/r20250715,pbo,1,372,372,1993-01-16,2023-12-16,dfe7b5b5a9,[100],[372],"[""[844, 774]""]","[""[100, 200, 200]""]",days since 1993-01-01,gregorian
northwest_atlantic/full_domain/hindcast/monthly/regrid/r20250715,pco2surf,1,372,372,1993-01-16,2023-12-16,dfe7b5b5a9,[100],[372],"[""[844, 774]""]","[""[100, 200, 200]""]",days since 1993-01-01,gregorian
northwest_atlantic/full_domain/hindcast/monthly/regrid/r20250715,pdi,1,372,372,1993-01-16,2023-12-16,dfe7b5b5a9,[100],[372],"[""[52, 844, 774]""]","[""[100, 10, 200, 200]""]",days since 1993-01-01,gregorian
northwest_atlantic/full_domain/hindcast/monthly/regrid/r20250715,phos,1,372,372,1993-01-16,2023-12-16,dfe7b5b5a9,[100],[372],"[""[844, 774]""]","[""[100, 200, 200]""]",days since 1993-01-01,gregorian
northwest_atlantic/full_domain/hindcast/monthly/regrid/r20250715,phycos,1,372,372,1993-01-16,2023-12-16,dfe7b5b5a9,[100],[372],"[""[844, 774]""]","[""[100, 200, 200]""]",days since 1993-01-01,gregorian
northwest_atlantic/full_domain/hindcast/monthly/regrid/r20250715,phydiatos,1,372,372,1993-01-16,2023-12-16,dfe7b5b5a9,[100],[372],"[""[844, 774]""]","[""[100, 200, 200]""]",days since 1993-01-01,gregorian
northwest_atlantic/full_domain/hindcast/monthly/regrid/r20250715,phydiazos,1,372,372,1993-01-16,2023-12-16,dfe7b5b5a9,[100],[372],"[""[844, 774]""]","[""[100, 200, 200]""]",days since 1993-01-01,gregorian
northwest_atlantic/full_domain/hindcast/monthly/regrid/r20250715,phyfeos,1,372,372,1993-01-16,2023-12-16,dfe7b5b5a9,[100],[372],"[""[844, 774]""]","[""[100, 200, 200]""]",days since 1993-01-01,gregorian
northwest_atlantic/full_domain/hindcast/monthly/regrid/r20250715,phymiscos,1,372,372,1993-01-16,2023-12-16,dfe7b5b5a9,[100],[372],"[""[844, 774]""]","[""[100, 200, 200]""]",days since 1993-01-01,gregorian
northwest_atlantic/full_domain/hindcast/monthly/regrid/r20250715,phynos,1,372,372,1993-01-16,2023-12-16,dfe7b5b5a9,[100],[372],"[""[844, 774]""]","[""[100, 200, 200]""]",days since 1993-01-01,gregorian
northwest_atlantic/full_domain/hindcast/monthly/regrid/r20250715,phypicoos,1,372,372,1993-01-16,2023-12-16,dfe7b5b5a9,[100],[372],"[""[844, 774]""]","[""[100, 200, 200]""]",days since 1993-01-01,gregorian
northwest_atlantic/full_domain/hindcast/monthly/regrid/r20250715,phypos,1,372,372,1993-01-16,2023-12-16,dfe7b5b5a9,[100],[372],"[""[844, 774]""]","[""[100, 200, 200]""]",days since 1993-01-01,gregorian
northwest_atlantic/full_domain/hindcast/monthly/regrid/r20250715,physios,1,372,372,1993-01-16,2023-12-16,dfe7b5b5a9,[100],[372],"[""[844, 774]""]","[""[100, 200, 200]""]",days since 1993-01-01,gregorian
northwest_atlantic/full_domain/hindcast/monthly/regrid/r20250715,plg,1,372,372,1993-01-16,2023-12-16,dfe7b5b5a9,[100],[372],"[""[52, 844, 774]""]","[""[100, 10, 200, 200]""]",days since 1993-01-01,gregorian
northwest_atlantic/full_domain/hindcast/monthly/regrid/r20250715,pmd,1,372,372,1993-01-16,2023-12-16,dfe7b5b5a9,[100],[372],"[""[52, 844, 774]""]","[""[100, 10, 200, 200]""]",days since 1993-01-01,gregorian
northwest_atlantic/full_domain/hindcast/monthly/regrid/r20250715,po4,1,372,372,1993-01-16,2023-12-16,dfe7b5b5a9,[100],[372],"[""[52, 844, 774]""]","[""[100, 10, 200, 200]""]",days since 1993-01-01,gregorian
northwest_atlantic/full_domain/hindcast/monthly/regrid/r20250715,po4os,1,372,372,1993-01-16,2023-12-16,dfe7b5b5a9,[100],[372],"[""[844, 774]""]","[""[100, 200, 200]""]",days since 1993-01-01,gregorian
northwest_atlantic/full_domain/hindcast/monthly/regrid/r20250715,ponos,1,372,372,1993-01-16,2023-12-16,dfe7b5b5a9,[100],[372],"[""[844, 774]""]","[""[100, 200, 200]""]",days since 1993-01-01,gregorian
northwest_atlantic/full_domain/hindcast/monthly/regrid/r20250715,popos,1,372,372,1993-01-16,2023-12-16,dfe7b5b5a9,[100],[372],"[""[844, 774]""]","[""[100, 200, 200]""]",days since 1993-01-01,gregorian
northwest_atlantic/full_domain/hindcast/monthly/regrid/r20250715,prlq,1,372,372,1993-01-16,2023-12-16,dfe7b5b5a9,[100],[372],"[""[844, 774]""]","[""[100, 200, 200]""]",days since 1993-01-01,gregorian
northwest_atlantic/full_domain/hindcast/monthly/regrid/r20250715,prsn,1,372,372,1993-01-16,2023-12-16,dfe7b5b5a9,[100],[372],"[""[844, 774]""]","[""[100, 200, 200]""]",days since 1993-01-01,gregorian
northwest_atlantic/full_domain/hindcast/monthly/regrid/r20250715,psm,1,372,372,1993-01-16,2023-12-16,dfe7b5b5a9,[100],[372],"[""[52, 844, 774]""]","[""[100, 10, 200, 200]""]",days since 1993-01-01,gregorian
northwest_atlantic/full_domain/hindcast/monthly/regrid/r20250715,q_p_2_n_Di,1,372,372,1993-01-16,2023-12-16,dfe7b5b5a9,[100],[372],"[""[52, 844, 774]""]","[""[100, 10, 200, 200]""]",days since 1993-01-01,gregorian
northwest_atlantic/full_domain/hindcast/monthly/regrid/r20250715,q_p_2_n_Lg,1,372,372,1993-01-16,2023-12-16,dfe7b5b5a9,[100],[372],"[""[52, 844, 774]""]","[""[100, 10, 200, 200]""]",days since 1993-01-01,gregorian
northwest_atlantic/full_domain/hindcast/monthly/regrid/r20250715,q_p_2_n_Md,1,372,372,1993-01-16,2023-12-16,dfe7b5b5a9,[100],[372],"[""[52, 844, 774]""]","[""[100, 10, 200, 200]""]",days since 1993-01-01,gregorian
northwest_atlantic/full_domain/hindcast/monthly/regrid/r20250715,q_p_2_n_Sm,1,372,372,1993-01-16,2023-12-16,dfe7b5b5a9,[100],[372],"[""[52, 844, 774]""]","[""[100, 10, 200, 200]""]",days since 1993-01-01,gregorian
northwest_atlantic/full_domain/hindcast/monthly/regrid/r20250715,rhoinsitu,1,372,372,1993-01-16,2023-12-16,dfe7b5b5a9,[100],[372],"[""[52, 844, 774]""]","[""[100, 10, 200, 200]""]",days since 1993-01-01,gregorian
northwest_atlantic/full_domain/hindcast/monthly/regrid/r20250715,rhopot0,1,372,372,1993-01-16,2023-12-16,dfe7b5b5a9,[100],[372],"[""[52, 844, 774]""]","[""[100, 10, 200, 200]""]",days since 1993-01-01,gregorian
northwest_atlantic/full_domain/hindcast/monthly/regrid/r20250715,rlntds,1,372,372,1993-01-16,2023-12-16,dfe7b5b5a9,[100],[372],"[""[844, 774]""]","[""[100, 200, 200]""]",days since 1993-01-01,gregorian
northwest_atlantic/full_domain/hindcast/monthly/regrid/r20250715,rsdo,1,372,372,1993-01-16,2023-12-16,dfe7b5b5a9,[100],[372],"[""[76, 844, 774]""]","[""[100, 10, 200, 200]""]",days since 1993-01-01,gregorian
northwest_atlantic/full_domain/hindcast/monthly/regrid/r20250715,rsntds,1,372,372,1993-01-16,2023-12-16,dfe7b5b5a9,[100],[372],"[""[844, 774]""]","[""[100, 200, 200]""]",days since 1993-01-01,gregorian
northwest_atlantic/full_domain/hindcast/monthly/regrid/r20250715,runoff_flux_alk,1,372,372,1993-01-16,2023-12-16,dfe7b5b5a9,[100],[372],"[""[844, 774]""]","[""[100, 200, 200]""]",days since 1993-01-01,gregorian
northwest_atlantic/full_domain/hindcast/monthly/regrid/r20250715,runoff_flux_dic,1,372,372,1993-01-16,2023-12-16,dfe7b5b5a9,[100],[372],"[""[844, 774]""]","[""[100, 200, 200]""]",days since 1993-01-01,gregorian
northwest_atlantic/full_domain/hindcast/monthly/regrid/r20250715,runoff_flux_fed,1,372,372,1993-01-16,2023-12-16,dfe7b5b5a9,[100],[372],"[""[844, 774]""]","[""[100, 200, 200]""]",days since 1993-01-01,gregorian
northwest_atlantic/full_domain/hindcast/monthly/regrid/r20250715,runoff_flux_ldon,1,372,372,1993-01-16,2023-12-16,dfe7b5b5a9,[100],[372],"[""[844, 774]""]","[""[100, 200, 200]""]",days since 1993-01-01,gregorian
northwest_atlantic/full_domain/hindcast/monthly/regrid/r20250715,runoff_flux_ldop,1,372,372,1993-01-16,2023-12-16,dfe7b5b5a9,[100],[372],"[""[844, 774]""]","[""[100, 200, 200]""]",days since 1993-01-01,gregorian
northwest_atlantic/full_domain/hindcast/monthly/regrid/r20250715,runoff_flux_lith,1,372,372,1993-01-16,2023-12-16,dfe7b5b5a9,[100],[372],"[""[844, 774]""]","[""[100, 200, 200]""]",days since 1993-01-01,gregorian
northwest_atlantic/full_domain/hindcast/monthly/regrid/r20250715,runoff_flux_ndet,1,372,372,1993-01-16,2023-12-16,dfe7b5b5a9,[100],[372],"[""[844, 774]""]","[""[100, 200, 200]""]",days since 1993-01-01,gregorian
northwest_atlantic/full_domain/hindcast/monthly/regrid/r20250715,runoff_flux_no3,1,372,372,1993-01-16,2023-12-16,dfe7b5b5a9,[100],[372],"[""[844, 774]""]","[""[100, 200, 200]""]",days since 1993-01-01,gregorian
northwest_atlantic/full_domain/hindcast/monthly/regrid/r20250715,runoff_flux_pdet,1,372,372,1993-01-16,2023-12-16,dfe7b5b5a9,[100],[372],"[""[844, 774]""]","[""[100, 200, 200]""]",days since 1993-01-01,gregorian
northwest_atlantic/full_domain/hindcast/monthly/regrid/r20250715,runoff_flux_po4,1,372,372,1993-01-16,2023-12-16,dfe7b5b5a9,[100],[372],"[""[844, 774]""]","[""[100, 200, 200]""]",days since 1993-01-01,gregorian
northwest_atlantic/full_domain/hindcast/monthly/regrid/r20250715,runoff_flux_sldon,1,372,372,1993-01-16,2023-12-16,dfe7b5b5a9,[100],[372],"[""[844, 774]""]","[""[100, 200, 200]""]",days since 1993-01-01,gregorian
northwest_atlantic/full_domain/hindcast/monthly/regrid/r20250715,runoff_flux_sldop,1,372,372,1993-01-16,2023-12-16,dfe7b5b5a9,[100],[372],"[""[844, 774]""]","[""[100, 200, 200]""]",days since 1993-01-01,gregorian
northwest_atlantic/full_domain/hindcast/monthly/regrid/r20250715,runoff_flux_srdon,1,372,372,1993-01-16,2023-12-16,dfe7b5b5a9,[100],[372],"[""[844, 774]""]","[""[100, 200, 200]""]",days since 1993-01-01,gregorian
northwest_atlantic/full_domain/hindcast/monthly/regrid/r20250715,runoff_flux_srdop,1,372,372,1993-01-16,2023-12-16,dfe7b5b5a9,[100],[372],"[""[844, 774]""]","[""[100, 200, 200]""]",days since 1993-01-01,gregorian
northwest_atlantic/full_domain/hindcast/monthly/regrid/r20250715,sfc_co3_ion,1,372,372,1993-01-16,2023-12-16,dfe7b5b5a9,[100],[372],"[""[844, 774]""]","[""[100, 200, 200]""]",days since 1993-01-01,gregorian
northwest_atlantic/full_domain/hindcast/monthly/regrid/r20250715,sfc_co3_sol_arag,1,372,372,1993-01-16,2023-12-16,dfe7b5b5a9,[100],[372],"[""[844, 774]""]","[""[100, 200, 200]""]",days since 1993-01-01,gregorian
northwest_atlantic/full_domain/hindcast/monthly/regrid/r20250715,sfc_co3_sol_calc,1,372,372,1993-01-16,2023-12-16,dfe7b5b5a9,[100],[372],"[""[844, 774]""]","[""[100, 200, 200]""]",days since 1993-01-01,gregorian
northwest_atlantic/full_domain/hindcast/monthly/regrid/r20250715,sfc_def_fe_di,1,372,372,1993-01-16,2023-12-16,dfe7b5b5a9,[100],[372],"[""[844, 774]""]","[""[100, 200, 200]""]",days since 1993-01-01,gregorian
northwest_atlantic/full_domain/hindcast/monthly/regrid/r20250715,sfc_def_fe_lgp,1,372,372,1993-01-16,2023-12-16,dfe7b5b5a9,[100],[372],"[""[844, 774]""]","[""[100, 200, 200]""]",days since 1993-01-01,gregorian
northwest_atlantic/full_domain/hindcast/monthly/regrid/r20250715,sfc_def_fe_mdp,1,372,372,1993-01-16,2023-12-16,dfe7b5b5a9,[100],[372],"[""[844, 774]""]","[""[100, 200, 200]""]",days since 1993-01-01,gregorian
northwest_atlantic/full_domain/hindcast/monthly/regrid/r20250715,sfc_def_fe_smp,1,372,372,1993-01-16,2023-12-16,dfe7b5b5a9,[100],[372],"[""[844, 774]""]","[""[100, 200, 200]""]",days since 1993-01-01,gregorian
northwest_atlantic/full_domain/hindcast/monthly/regrid/r20250715,sfc_felim_di,1,372,372,1993-01-16,2023-12-16,dfe7b5b5a9,[100],[372],"[""[844, 774]""]","[""[100, 200, 200]""]",days since 1993-01-01,gregorian
northwest_atlantic/full_domain/hindcast/monthly/regrid/r20250715,sfc_felim_lgp,1,372,372,1993-01-16,2023-12-16,dfe7b5b5a9,[100],[372],"[""[844, 774]""]","[""[100, 200, 200]""]",days since 1993-01-01,gregorian
northwest_atlantic/full_domain/hindcast/monthly/regrid/r20250715,sfc_felim_mdp,1,372,372,1993-01-16,2023-12-16,dfe7b5b5a9,[100],[372],"[""[844, 774]""]","[""[100, 200, 200]""]",days since 1993-01-01,gregorian
northwest_atlantic/full_domain/hindcast/monthly/regrid/r20250715,sfc_felim_smp,1,372,372,1993-01-16,2023-12-16,dfe7b5b5a9,[100],[372],"[""[844, 774]""]","[""[100, 200, 200]""]",days since 1993-01-01,gregorian
northwest_atlantic/full_domain/hindcast/monthly/regrid/r20250715,sfc_irrlim_di,1,372,372,1993-01-16,2023-12-16,dfe7b5b5a9,[100],[372],"[""[844, 774]""]","[""[100, 200, 200]""]",days since 1993-01-01,gregorian
northwest_atlantic/full_domain/hindcast/monthly/regrid/r20250715,sfc_irrlim_lgp,1,372,372,1993-01-16,2023-12-16,dfe7b5b5a9,[100],[372],"[""[844, 774]""]","[""[100, 200, 200]""]",days since 1993-01-01,gregorian
northwest_atlantic/full_domain/hindcast/monthly/regrid/r20250715,sfc_irrlim_mdp,1,372,372,1993-01-16,2023-12-16,dfe7b5b5a9,[100],[372],"[""[844, 774]""]","[""[100, 200, 200]""]",days since 1993-01-01,gregorian
northwest_atlantic/full_domain/hindcast/monthly/regrid/r20250715,sfc_irrlim_smp,1,372,372,1993-01-16,2023-12-16,dfe7b5b5a9,[100],[372],"[""[844, 774]""]","[""[100, 200, 200]""]",days since 1993-01-01,gregorian
northwest_atlantic/full_domain/hindcast/monthly/regrid/r20250715,sfc_mu_di,1,372,372,1993-01-16,2023-12-16,dfe7b5b5a9,[100],[372],"[""[844, 774]""]","[""[100, 200, 200]""]",days since 1993-01-01,gregorian
northwest_atlantic/full_domain/hindcast/monthly/regrid/r20250715,sfc_mu_lgp,1,372,372,1993-01-16,2023-12-16,dfe7b5b5a9,[100],[372],"[""[844, 774]""]","[""[100, 200, 200]""]",days since 1993-01-01,gregorian
northwest_atlantic/full_domain/hindcast/monthly/regrid/r20250715,sfc_mu_mdp,1,372,372,1993-01-16,2023-12-16,dfe7b5b5a9,[100],[372],"[""[844, 774]""]","[""[100, 200, 200]""]",days since 1993-01-01,gregorian
northwest_atlantic/full_domain/hindcast/monthly/regrid/r20250715,sfc_mu_smp,1,372,372,1993-01-16,2023-12-16,dfe7b5b5a9,[100],[372],"[""[844, 774]""]","[""[100, 200, 200]""]",days since 1993-01-01,gregorian
northwest_atlantic/full_domain/hindcast/monthly/regrid/r20250715,sfc_nh4lim_lgp,1,372,372,1993-01-16,2023-12-16,dfe7b5b5a9,[100],[372],"[""[844, 774]""]","[""[100, 200, 200]""]",days since 1993-01-01,gregorian
northwest_atlantic/full_domain/hindcast/monthly/regrid/r20250715,sfc_nh4lim_mdp,1,372,372,1993-01-16,2023-12-16,dfe7b5b5a9,[100],[372],"[""[844, 774]""]","[""[100, 200, 200]""]",days since 1993-01-01,gregorian
northwest_atlantic/full_domain/hindcast/monthly/regrid/r20250715,sfc_nh4lim_smp,1,372,372,1993-01-16,2023-12-16,dfe7b5b5a9,[100],[372],"[""[844, 774]""]","[""[100, 200, 200]""]",days since 1993-01-01,gregorian
northwest_atlantic/full_domain/hindcast/monthly/regrid/r20250715,sfc_no3,1,372,372,1993-01-16,2023-12-16,dfe7b5b5a9,[100],[372],"[""[844, 774]""]","[""[100, 200, 200]""]",days since 1993-01-01,gregorian
northwest_atlantic/full_domain/hindcast/monthly/regrid/r20250715,sfc_no3lim_lgp,1,372,372,1993-01-16,2023-12-16,dfe7b5b5a9,[100],[372],"[""[844, 774]""]","[""[100, 200, 200]""]",days since 1993-01-01,gregorian
northwest_atlantic/full_domain/hindcast/monthly/regrid/r20250715,sfc_no3lim_mdp,1,372,372,1993-01-16,2023-12-16,dfe7b5b5a9,[100],[372],"[""[844, 774]""]","[""[100, 200, 200]""]",days since 1993-01-01,gregorian
northwest_atlantic/full_domain/hindcast/monthly/regrid/r20250715,sfc_no3lim_smp,1,372,372,1993-01-16,2023-12-16,dfe7b5b5a9,[100],[372],"[""[844, 774]""]","[""[100, 200, 200]""]",days since 1993-01-01,gregorian
northwest_atlantic/full_domain/hindcast/monthly/regrid/r20250715,sfc_po4,1,372,372,1993-01-16,2023-12-16,dfe7b5b5a9,[100],[372],"[""[844, 774]""]","[""[100, 200, 200]""]",days since 1993-01-01,gregorian
northwest_atlantic/full_domain/hindcast/monthly/regrid/r20250715,sfc_po4lim_di,1,372,372,1993-01-16,2023-12-16,dfe7b5b5a9,[100],[372],"[""[844, 774]""]","[""[100, 200, 200]""]",days since 1993-01-01,gregorian
northwest_atlantic/full_domain/hindcast/monthly/regrid/r20250715,sfc_po4lim_lgp,1,372,372,1993-01-16,2023-12-16,dfe7b5b5a9,[100],[372],"[""[844, 774]""]","[""[100, 200, 200]""]",days since 1993-01-01,gregorian
northwest_atlantic/full_domain/hindcast/monthly/regrid/r20250715,sfc_po4lim_mdp,1,372,372,1993-01-16,2023-12-16,dfe7b5b5a9,[100],[372],"[""[844, 774]""]","[""[100, 200, 200]""]",days since 1993-01-01,gregorian
northwest_atlantic/full_domain/hindcast/monthly/regrid/r20250715,sfc_po4lim_smp,1,372,372,1993-01-16,2023-12-16,dfe7b5b5a9,[100],[372],"[""[844, 774]""]","[""[100, 200, 200]""]",days since 1993-01-01,gregorian
northwest_atlantic/full_domain/hindcast/monthly/regrid/r20250715,sfc_q_fe_2_n_di,1,372,372,1993-01-16,2023-12-16,dfe7b5b5a9,[100],[372],"[""[844, 774]""]","[""[100, 200, 200]""]",days since 1993-01-01,gregorian
northwest_atlantic/full_domain/hindcast/monthly/regrid/r20250715,sfc_q_fe_2_n_lgp,1,372,372,1993-01-16,2023-12-16,dfe7b5b5a9,[100],[372],"[""[844, 774]""]","[""[100, 200, 200]""]",days since 1993-01-01,gregorian
northwest_atlantic/full_domain/hindcast/monthly/regrid/r20250715,sfc_q_fe_2_n_mdp,1,372,372,1993-01-16,2023-12-16,dfe7b5b5a9,[100],[372],"[""[844, 774]""]","[""[100, 200, 200]""]",days since 1993-01-01,gregorian
northwest_atlantic/full_domain/hindcast/monthly/regrid/r20250715,sfc_q_fe_2_n_smp,1,372,372,1993-01-16,2023-12-16,dfe7b5b5a9,[100],[372],"[""[844, 774]""]","[""[100, 200, 200]""]",days since 1993-01-01,gregorian
northwest_atlantic/full_domain/hindcast/monthly/regrid/r20250715,sfc_sio4,1,372,372,1993-01-16,2023-12-16,dfe7b5b5a9,[100],[372],"[""[844, 774]""]","[""[100, 200, 200]""]",days since 1993-01-01,gregorian
northwest_atlantic/full_domain/hindcast/monthly/regrid/r20250715,sfc_theta_di,1,372,372,1993-01-16,2023-12-16,dfe7b5b5a9,[100],[372],"[""[844, 774]""]","[""[100, 200, 200]""]",days since 1993-01-01,gregorian
northwest_atlantic/full_domain/hindcast/monthly/regrid/r20250715,sfc_theta_lgp,1,372,372,1993-01-16,2023-12-16,dfe7b5b5a9,[100],[372],"[""[844, 774]""]","[""[100, 200, 200]""]",days since 1993-01-01,gregorian
northwest_atlantic/full_domain/hindcast/monthly/regrid/r20250715,sfc_theta_mdp,1,372,372,1993-01-16,2023-12-16,dfe7b5b5a9,[100],[372],"[""[844, 774]""]","[""[100, 200, 200]""]",days since 1993-01-01,gregorian
northwest_atlantic/full_domain/hindcast/monthly/regrid/r20250715,sfc_theta_smp,1,372,372,1993-01-16,2023-12-16,dfe7b5b5a9,[100],[372],"[""[844, 774]""]","[""[100, 200, 200]""]",days since 1993-01-01,gregorian
northwest_atlantic/full_domain/hindcast/monthly/regrid/r20250715,sfdsi,1,372,372,1993-01-16,2023-12-16,dfe7b5b5a9,[100],[372],"[""[844, 774]""]","[""[100, 200, 200]""]",days since 1993-01-01,gregorian
northwest_atlantic/full_domain/hindcast/monthly/regrid/r20250715,si,1,372,372,1993-01-16,2023-12-16,dfe7b5b5a9,[100],[372],"[""[52, 844, 774]""]","[""[100, 10, 200, 200]""]",days since 1993-01-01,gregorian
northwest_atlantic/full_domain/hindcast/monthly/regrid/r20250715,siconc,1,372,372,1993-01-16,2023-12-16,dfe7b5b5a9,[100],[372],"[""[844, 774]""]","[""[100, 200, 200]""]",days since 1993-01-01,gregorian
northwest_atlantic/full_domain/hindcast/monthly/regrid/r20250715,silg,1,372,372,1993-01-16,2023-12-16,dfe7b5b5a9,[100],[372],"[""[52, 844, 774]""]","[""[100, 10, 200, 200]""]",days since 1993-01-01,gregorian
northwest_atlantic/full_domain/hindcast/monthly/regrid/r20250715,silgp_100,1,372,372,1993-01-16,2023-12-16,dfe7b5b5a9,[100],[372],"[""[844, 774]""]","[""[100, 200, 200]""]",days since 1993-01-01,gregorian
northwest_atlantic/full_domain/hindcast/monthly/regrid/r20250715,simass,1,372,372,1993-01-16,2023-12-16,dfe7b5b5a9,[100],[372],"[""[844, 774]""]","[""[100, 200, 200]""]",days since 1993-01-01,gregorian
northwest_atlantic/full_domain/hindcast/monthly/regrid/r20250715,simd,1,372,372,1993-01-16,2023-12-16,dfe7b5b5a9,[100],[372],"[""[52, 844, 774]""]","[""[100, 10, 200, 200]""]",days since 1993-01-01,gregorian
northwest_atlantic/full_domain/hindcast/monthly/regrid/r20250715,simdp_100,1,372,372,1993-01-16,2023-12-16,dfe7b5b5a9,[100],[372],"[""[844, 774]""]","[""[100, 200, 200]""]",days since 1993-01-01,gregorian
northwest_atlantic/full_domain/hindcast/monthly/regrid/r20250715,sios,1,372,372,1993-01-16,2023-12-16,dfe7b5b5a9,[100],[372],"[""[844, 774]""]","[""[100, 200, 200]""]",days since 1993-01-01,gregorian
northwest_atlantic/full_domain/hindcast/monthly/regrid/r20250715,sisnconc,1,372,372,1993-01-16,2023-12-16,dfe7b5b5a9,[100],[372],"[""[844, 774]""]","[""[100, 200, 200]""]",days since 1993-01-01,gregorian
northwest_atlantic/full_domain/hindcast/monthly/regrid/r20250715,sisnmass,1,372,372,1993-01-16,2023-12-16,dfe7b5b5a9,[100],[372],"[""[844, 774]""]","[""[100, 200, 200]""]",days since 1993-01-01,gregorian
northwest_atlantic/full_domain/hindcast/monthly/regrid/r20250715,sisnthick,1,372,372,1993-01-16,2023-12-16,dfe7b5b5a9,[100],[372],"[""[844, 774]""]","[""[100, 200, 200]""]",days since 1993-01-01,gregorian
northwest_atlantic/full_domain/hindcast/monthly/regrid/r20250715,sispeed,1,372,372,1993-01-16,2023-12-16,dfe7b5b5a9,[100],[372],"[""[844, 774]""]","[""[100, 200, 200]""]",days since 1993-01-01,gregorian
northwest_atlantic/full_domain/hindcast/monthly/regrid/r20250715,sitemptop,1,372,372,1993-01-16,2023-12-16,dfe7b5b5a9,[100],[372],"[""[844, 774]""]","[""[100, 200, 200]""]",days since 1993-01-01,gregorian
northwest_atlantic/full_domain/hindcast/monthly/regrid/r20250715,sithick,1,372,372,1993-01-16,2023-12-16,dfe7b5b5a9,[100],[372],"[""[844, 774]""]","[""[100, 200, 200]""]",days since 1993-01-01,gregorian
northwest_atlantic/full_domain/hindcast/monthly/regrid/r20250715,sitimefrac,1,372,372,1993-01-16,2023-12-16,dfe7b5b5a9,[100],[372],"[""[844, 774]""]","[""[100, 200, 200]""]",days since 1993-01-01,gregorian
northwest_atlantic/full_domain/hindcast/monthly/regrid/r20250715,siu,1,372,372,1993-01-16,2023-12-16,dfe7b5b5a9,[100],[372],"[""[844, 774]""]","[""[100, 200, 200]""]",days since 1993-01-01,gregorian
northwest_atlantic/full_domain/hindcast/monthly/regrid/r20250715,siv,1,372,372,1993-01-16,2023-12-16,dfe7b5b5a9,[100],[372],"[""[844, 774]""]","[""[100, 200, 200]""]",days since 1993-01-01,gregorian
northwest_atlantic/full_domain/hindcast/monthly/regrid/r20250715,sivol,1,372,372,1993-01-16,2023-12-16,dfe7b5b5a9,[100],[372],"[""[844, 774]""]","[""[100, 200, 200]""]",days since 1993-01-01,gregorian
northwest_atlantic/full_domain/hindcast/monthly/regrid/r20250715,so,1,372,372,1993-01-16,2023-12-16,dfe7b5b5a9,[100],[372],"[""[52, 844, 774]""]","[""[100, 10, 200, 200]""]",days since 1993-01-01,gregorian
northwest_atlantic/full_domain/hindcast/monthly/regrid/r20250715,sob,1,372,372,1993-01-16,2023-12-16,dfe7b5b5a9,[100],[372],"[""[844, 774]""]","[""[100, 200, 200]""]",days since 1993-01-01,gregorian
northwest_atlantic/full_domain/hindcast/monthly/regrid/r20250715,sos,1,372,372,1993-01-16,2023-12-16,dfe7b5b5a9,[100],[372],"[""[844, 774]""]","[""[100, 200, 200]""]",days since 1993-01-01,gregorian
northwest_atlantic/full_domain/hindcast/monthly/regrid/r20250715,sossq,1,372,372,1993-01-16,2023-12-16,dfe7b5b5a9,[100],[372],"[""[844, 774]""]","[""[100, 200, 200]""]",days since 1993-01-01,gregorian
northwest_atlantic/full_domain/hindcast/monthly/regrid/r20250715,spco2,1,372,372,1993-01-16,2023-12-16,dfe7b5b5a9,[100],[372],"[""[844, 774]""]","[""[100, 200, 200]""]",days since 1993-01-01,gregorian
northwest_atlantic/full_domain/hindcast/monthly/regrid/r20250715,speed,1,372,372,1993-01-16,2023-12-16,dfe7b5b5a9,[100],[372],"[""[844, 774]""]","[""[100, 200, 200]""]",days since 1993-01-01,gregorian
northwest_atlantic/full_domain/hindcast/monthly/regrid/r20250715,ssh,1,372,372,1993-01-16,2023-12-16,dfe7b5b5a9,[100],[372],"[""[844, 774]""]","[""[100, 200, 200]""]",days since 1993-01-01,gregorian
northwest_atlantic/full_domain/hindcast/monthly/regrid/r20250715,talk,1,372,372,1993-01-16,2023-12-16,dfe7b5b5a9,[100],[372],"[""[52, 844, 774]""]","[""[100, 10, 200, 200]""]",days since 1993-01-01,gregorian
northwest_atlantic/full_domain/hindcast/monthly/regrid/r20250715,talkos,1,372,372,1993-01-16,2023-12-16,dfe7b5b5a9,[100],[372],"[""[844, 774]""]","[""[100, 200, 200]""]",days since 1993-01-01,gregorian
northwest_atlantic/full_domain/hindcast/monthly/regrid/r20250715,tauuo_rotate,1,372,372,1993-01-16,2023-12-16,dfe7b5b5a9,[100],[372],"[""[844, 774]""]","[""[100, 200, 200]""]",days since 1993-01-01,gregorian
northwest_atlantic/full_domain/hindcast/monthly/regrid/r20250715,tauvo_rotate,1,372,372,1993-01-16,2023-12-16,dfe7b5b5a9,[100],[372],"[""[844, 774]""]","[""[100, 200, 200]""]",days since 1993-01-01,gregorian
northwest_atlantic/full_domain/hindcast/monthly/regrid/r20250715,theta_Di,1,372,372,1993-01-16,2023-12-16,dfe7b5b5a9,[100],[372],"[""[52, 844, 774]""]","[""[100, 10, 200, 200]""]",days since 1993-01-01,gregorian
northwest_atlantic/full_domain/hindcast/monthly/regrid/r20250715,theta_Lg,1,372,372,1993-01-16,2023-12-16,dfe7b5b5a9,[100],[372],"[""[52, 844, 774]""]","[""[100, 10, 200, 200]""]",days since 1993-01-01,gregorian
northwest_atlantic/full_domain/hindcast/monthly/regrid/r20250715,theta_Md,1,372,372,1993-01-16,2023-12-16,dfe7b5b5a9,[100],[372],"[""[52, 844, 774]""]","[""[100, 10, 200, 200]""]",days since 1993-01-01,gregorian
northwest_atlantic/full_domain/hindcast/monthly/regrid/r20250715,theta_Sm,1,372,372,1993-01-16,2023-12-16,dfe7b5b5a9,[100],[372],"[""[52, 844, 774]""]","[""[100, 10, 200, 200]""]",days since 1993-01-01,gregorian
northwest_atlantic/full_domain/hindcast/monthly/regrid/r20250715,thetao,1,372,372,1993-01-16,2023-12-16,dfe7b5b5a9,[100],[372],"[""[52, 844, 774]""]","[""[100, 10, 200, 200]""]",days since 1993-01-01,gregorian
northwest_atlantic/full_domain/hindcast/monthly/regrid/r20250715,tob,1,372,372,1993-01-16,2023-12-16,dfe7b5b5a9,[100],[372],"[""[844, 774]""]","[""[100, 200, 200]""]",days since 1993-01-01,gregorian
northwest_atlantic/full_domain/hindcast/monthly/regrid/r20250715,tos,1,372,372,1993-01-16,2023-12-16,dfe7b5b5a9,[100],[372],"[""[844, 774]""]","[""[100, 200, 200]""]",days since 1993-01-01,gregorian
northwest_atlantic/full_domain/hindcast/monthly/regrid/r20250715,tossq,1,372,372,1993-01-16,2023-12-16,dfe7b5b5a9,[100],[372],"[""[844, 774]""]","[""[100, 200, 200]""]",days since 1993-01-01,gregorian
northwest_atlantic/full_domain/hindcast/monthly/regrid/r20250715,udml_restrat_rotate,1,372,372,1993-01-16,2023-12-16,dfe7b5b5a9,[100],[372],"[""[844, 774]""]","[""[100, 200, 200]""]",days since 1993-01-01,gregorian
northwest_atlantic/full_domain/hindcast/monthly/regrid/r20250715,uhml_rotate,1,372,372,1993-01-16,2023-12-16,dfe7b5b5a9,[100],[372],"[""[52, 844, 774]""]","[""[100, 10, 200, 200]""]",days since 1993-01-01,gregorian
northwest_atlantic/full_domain/hindcast/monthly/regrid/r20250715,uml_restrat_rotate,1,372,372,1993-01-16,2023-12-16,dfe7b5b5a9,[100],[372],"[""[844, 774]""]","[""[100, 200, 200]""]",days since 1993-01-01,gregorian
northwest_atlantic/full_domain/hindcast/monthly/regrid/r20250715,umo_2d_rotate,1,372,372,1993-01-16,2023-12-16,dfe7b5b5a9,[100],[372],"[""[844, 774]""]","[""[100, 200, 200]""]",days since 1993-01-01,gregorian
northwest_atlantic/full_domain/hindcast/monthly/regrid/r20250715,umo_rotate,1,372,372,1993-01-16,2023-12-16,dfe7b5b5a9,[100],[372],"[""[52, 844, 774]""]","[""[100, 10, 200, 200]""]",days since 1993-01-01,gregorian
northwest_atlantic/full_domain/hindcast/monthly/regrid/r20250715,uo_rotate,1,372,372,1993-01-16,2023-12-16,dfe7b5b5a9,[100],[372],"[""[52, 844, 774]""]","[""[100, 10, 200, 200]""]",days since 1993-01-01,gregorian
northwest_atlantic/full_domain/hindcast/monthly/regrid/r20250715,ustar,1,372,372,1993-01-16,2023-12-16,dfe7b5b5a9,[100],[372],"[""[844, 774]""]","[""[100, 200, 200]""]",days since 1993-01-01,gregorian
northwest_atlantic/full_domain/hindcast/monthly/regrid/r20250715,vdml_restrat_rotate,1,372,372,1993-01-16,2023-12-16,dfe7b5b5a9,[100],[372],"[""[844, 774]""]","[""[100, 200, 200]""]",days since 1993-01-01,gregorian
northwest_atlantic/full_domain/hindcast/monthly/regrid/r20250715,vhml_rotate,1,372,372,1993-01-16,2023-12-16,dfe7b5b5a9,[100],[372],"[""[52, 844, 774]""]","[""[100, 10, 200, 200]""]",days since 1993-01-01,gregorian
northwest_atlantic/full_domain/hindcast/monthly/regrid/r20250715,vml_restrat_rotate,1,372,372,1993-01-16,2023-12-16,dfe7b5b5a9,[100],[372],"[""[844, 774]""]","[""[100, 200, 200]""]",days since 1993-01-01,gregorian
northwest_atlantic/full_domain/hindcast/monthly/regrid/r20250715,vmo_2d_rotate,1,372,372,1993-01-16,2023-12-16,dfe7b5b5a9,[100],[372],"[""[844, 774]""]","[""[100, 200, 200]""]",days since 1993-01-01,gregorian
northwest_atlantic/full_domain/hindcast/monthly/regrid/r20250715,vmo_rotate,1,372,372,1993-01-16,2023-12-16,dfe7b5b5a9,[100],[372],"[""[52, 844, 774]""]","[""[100, 10, 200, 200]""]",days since 1993-01-01,gregorian
northwest_atlantic/full_domain/hindcast/monthly/regrid/r20250715,vo_rotate,1,372,372,1993-01-16,2023-12-16,dfe7b5b5a9,[100],[372],"[""[52, 844, 774]""]","[""[100, 10, 200, 200]""]",days since 1993-01-01,gregorian
northwest_atlantic/full_domain/hindcast/monthly/regrid/r20250715,volcello,1,372,372,1993-01-16,2023-12-16,dfe7b5b5a9,[100],[372],"[""[52, 844, 774]""]","[""[100, 10, 200, 200]""]",days since 1993-01-01,gregorian
northwest_atlantic/full_domain/hindcast/monthly/regrid/r20250715,wc_vert_int_jdiss_cadet,1,372,372,1993-01-16,2023-12-16,dfe7b5b5a9,[100],[372],"[""[844, 774]""]","[""[100, 200, 200]""]",days since 1993-01-01,gregorian
northwest_atlantic/full_domain/hindcast/monthly/regrid/r20250715,wc_vert_int_jdiss_sidet,1,372,372,1993-01-16,2023-12-16,dfe7b5b5a9,[100],[372],"[""[844, 774]""]","[""[100, 200, 200]""]",days since 1993-01-01,gregorian
northwest_atlantic/full_domain/hindcast/monthly/regrid/r20250715,wc_vert_int_jno3denit,1,372,372,1993-01-16,2023-12-16,dfe7b5b5a9,[100],[372],"[""[844, 774]""]","[""[100, 200, 200]""]",days since 1993-01-01,gregorian
northwest_atlantic/full_domain/hindcast/monthly/regrid/r20250715,wc_vert_int_jo2resp,1,372,372,1993-01-16,2023-12-16,dfe7b5b5a9,[100],[372],"[""[844, 774]""]","[""[100, 200, 200]""]",days since 1993-01-01,gregorian
northwest_atlantic/full_domain/hindcast/monthly/regrid/r20250715,wc_vert_int_jprod_cadet,1,372,372,1993-01-16,2023-12-16,dfe7b5b5a9,[100],[372],"[""[844, 774]""]","[""[100, 200, 200]""]",days since 1993-01-01,gregorian
northwest_atlantic/full_domain/hindcast/monthly/regrid/r20250715,wc_vert_int_jprod_nh4,1,372,372,1993-01-16,2023-12-16,dfe7b5b5a9,[100],[372],"[""[844, 774]""]","[""[100, 200, 200]""]",days since 1993-01-01,gregorian
northwest_atlantic/full_domain/hindcast/monthly/regrid/r20250715,wc_vert_int_jprod_no3nitrif,1,372,372,1993-01-16,2023-12-16,dfe7b5b5a9,[100],[372],"[""[844, 774]""]","[""[100, 200, 200]""]",days since 1993-01-01,gregorian
northwest_atlantic/full_domain/hindcast/monthly/regrid/r20250715,wc_vert_int_juptake_nh4,1,372,372,1993-01-16,2023-12-16,dfe7b5b5a9,[100],[372],"[""[844, 774]""]","[""[100, 200, 200]""]",days since 1993-01-01,gregorian
northwest_atlantic/full_domain/hindcast/monthly/regrid/r20250715,wc_vert_int_juptake_no3,1,372,372,1993-01-16,2023-12-16,dfe7b5b5a9,[100],[372],"[""[844, 774]""]","[""[100, 200, 200]""]",days since 1993-01-01,gregorian
northwest_atlantic/full_domain/hindcast/monthly/regrid/r20250715,wc_vert_int_nfix,1,372,372,1993-01-16,2023-12-16,dfe7b5b5a9,[100],[372],"[""[844, 774]""]","[""[100, 200, 200]""]",days since 1993-01-01,gregorian
northwest_atlantic/full_domain/hindcast/monthly/regrid/r20250715,wc_vert_int_npp,1,372,372,1993-01-16,2023-12-16,dfe7b5b5a9,[100],[372],"[""[844, 774]""]","[""[100, 200, 200]""]",days since 1993-01-01,gregorian
northwest_atlantic/full_domain/hindcast/monthly/regrid/r20250715,wfo,1,372,372,1993-01-16,2023-12-16,dfe7b5b5a9,[100],[372],"[""[844, 774]""]","[""[100, 200, 200]""]",days since 1993-01-01,gregorian
northwest_atlantic/full_domain/hindcast/monthly/regrid/r20250715,zmeso,1,372,372,1993-01-16,2023-12-16,dfe7b5b5a9,[100],[372],"[""[52, 844, 774]""]","[""[100, 10, 200, 200]""]",days since 1993-01-01,gregorian
northwest_atlantic/full_domain/hindcast/monthly/regrid/r20250715,zmesoos,1,372,372,1993-01-16,2023-12-16,dfe7b5b5a9,[100],[372],"[""[844, 774]""]","[""[100, 200, 200]""]",days since 1993-01-01,gregorian
northwest_atlantic/full_domain/hindcast/monthly/regrid/r20250715,zmicro,1,372,372,1993-01-16,2023-12-16,dfe7b5b5a9,[100],[372],"[""[52, 844, 774]""]","[""[100, 10, 200, 200]""]",days since 1993-01-01,gregorian
northwest_atlantic/full_domain/hindcast/monthly/regrid/r20250715,zmicroos,1,372,372,1993-01-16,2023-12-16,dfe7b5b5a9,[100],[372],"[""[844, 774]""]","[""[100, 200, 200]""]",days since 1993-01-01,gregorian
northwest_atlantic/full_domain/hindcast/monthly/regrid/r20250715,zoocos,1,372,372,1993-01-16,2023-12-16,dfe7b5b5a9,[100],[372],"[""[844, 774]""]","[""[100, 200, 200]""]",days since 1993-01-01,gregorian
northwest_atlantic/full_domain/hindcast/monthly/regrid/r20250715,zos,1,372,372,1993-01-16,2023-12-16,dfe7b5b5a9,[100],[372],"[""[844, 774]""]","[""[100, 200, 200]""]",days since 1993-01-01,gregorian
northwest_atlantic/full_domain/hindcast/monthly/regrid/r20250715,zossq,1,372,372,1993-01-16,2023-12-16,dfe7b5b5a9,[100],[372],"[""[844, 774]""]","[""[100, 200, 200]""]",days since 1993-01-01,gregorian
northwest_atlantic/full_domain/multi_decadal_outlook/yearly/raw/r20260331,MLD_003.SSP126,1,131,131,1970-07-02,2100-07-02,f5c4534810,[44],[131],"[""[845, 775]""]","[""[44, 282, 259]""]",days since 1900-01-01,gregorian
northwest_atlantic/full_domain/multi_decadal_outlook/yearly/raw/r20260331,MLD_003.SSP245,1,131,131,1970-07-02,2100-07-02,f5c4534810,[44],[131],"[""[845, 775]""]","[""[44, 282, 259]""]",days since 1900-01-01,gregorian
northwest_atlantic/full_domain/multi_decadal_outlook/yearly/raw/r20260331,MLD_003.SSP370,1,131,131,1970-07-02,2100-07-02,f5c4534810,[44],[131],"[""[845, 775]""]","[""[44, 282, 259]""]",days since 1900-01-01,gregorian
northwest_atlantic/full_domain/multi_decadal_outlook/yearly/raw/r20260331,MLD_003.SSP585,1,131,131,1970-07-02,2100-07-02,f5c4534810,[44],[131],"[""[845, 775]""]","[""[44, 282, 259]""]",days since 1900-01-01,gregorian
northwest_atlantic/full_domain/multi_decadal_outlook/yearly/raw/r20260331,S_adx.SSP126,1,131,131,1970-07-02,2100-07-02,f5c4534810,[22],[131],"[""[52, 845, 776]""]","[""[22, 8, 141, 130]""]",days since 1900-01-01,gregorian
northwest_atlantic/full_domain/multi_decadal_outlook/yearly/raw/r20260331,S_adx.SSP245,1,131,131,1970-07-02,2100-07-02,f5c4534810,[22],[131],"[""[52, 845, 776]""]","[""[22, 8, 141, 130]""]",days since 1900-01-01,gregorian
northwest_atlantic/full_domain/multi_decadal_outlook/yearly/raw/r20260331,S_adx.SSP370,1,131,131,1970-07-02,2100-07-02,f5c4534810,[22],[131],"[""[52, 845, 776]""]","[""[22, 8, 141, 130]""]",days since 1900-01-01,gregorian
northwest_atlantic/full_domain/multi_decadal_outlook/yearly/raw/r20260331,S_adx.SSP585,1,131,131,1970-07-02,2100-07-02,f5c4534810,[22],[131],"[""[52, 845, 776]""]","[""[22, 8, 141, 130]""]",days since 1900-01-01,gregorian
northwest_atlantic/full_domain/multi_decadal_outlook/yearly/raw/r20260331,S_ady.SSP126,1,131,131,1970-07-02,2100-07-02,f5c4534810,[22],[131],"[""[52, 846, 775]""]","[""[22, 8, 141, 130]""]",days since 1900-01-01,gregorian
northwest_atlantic/full_domain/multi_decadal_outlook/yearly/raw/r20260331,S_ady.SSP245,1,131,131,1970-07-02,2100-07-02,f5c4534810,[22],[131],"[""[52, 846, 775]""]","[""[22, 8, 141, 130]""]",days since 1900-01-01,gregorian
northwest_atlantic/full_domain/multi_decadal_outlook/yearly/raw/r20260331,S_ady.SSP370,1,131,131,1970-07-02,2100-07-02,f5c4534810,[22],[131],"[""[52, 846, 775]""]","[""[22, 8, 141, 130]""]",days since 1900-01-01,gregorian
northwest_atlantic/full_domain/multi_decadal_outlook/yearly/raw/r20260331,S_ady.SSP585,1,131,131,1970-07-02,2100-07-02,f5c4534810,[22],[131],"[""[52, 846, 775]""]","[""[22, 8, 141, 130]""]",days since 1900-01-01,gregorian
northwest_atlantic/full_domain/multi_decadal_outlook/yearly/raw/r20260331,T_adx.SSP126,1,131,131,1970-07-02,2100-07-02,f5c4534810,[22],[131],"[""[52, 845, 776]""]","[""[22, 8, 141, 130]""]",days since 1900-01-01,gregorian
northwest_atlantic/full_domain/multi_decadal_outlook/yearly/raw/r20260331,T_adx.SSP245,1,131,131,1970-07-02,2100-07-02,f5c4534810,[22],[131],"[""[52, 845, 776]""]","[""[22, 8, 141, 130]""]",days since 1900-01-01,gregorian
northwest_atlantic/full_domain/multi_decadal_outlook/yearly/raw/r20260331,T_adx.SSP370,1,131,131,1970-07-02,2100-07-02,f5c4534810,[22],[131],"[""[52, 845, 776]""]","[""[22, 8, 141, 130]""]",days since 1900-01-01,gregorian
northwest_atlantic/full_domain/multi_decadal_outlook/yearly/raw/r20260331,T_adx.SSP585,1,130,130,1970-07-02,2100-07-02,fbe0aa1f21,[22],[130],"[""[52, 845, 776]""]","[""[22, 8, 141, 130]""]",days since 1900-01-01,gregorian
northwest_atlantic/full_domain/multi_decadal_outlook/yearly/raw/r20260331,T_ady.SSP126,1,131,131,1970-07-02,2100-07-02,f5c4534810,[22],[131],"[""[52, 846, 775]""]","[""[22, 8, 141, 130]""]",days since 1900-01-01,gregorian
northwest_atlantic/full_domain/multi_decadal_outlook/yearly/raw/r20260331,T_ady.SSP245,1,131,131,1970-07-02,2100-07-02,f5c4534810,[22],[131],"[""[52, 846, 775]""]","[""[22, 8, 141, 130]""]",days since 1900-01-01,gregorian
northwest_atlantic/full_domain/multi_decadal_outlook/yearly/raw/r20260331,T_ady.SSP370,1,131,131,1970-07-02,2100-07-02,f5c4534810,[22],[131],"[""[52, 846, 775]""]","[""[22, 8, 141, 130]""]",days since 1900-01-01,gregorian
northwest_atlantic/full_domain/multi_decadal_outlook/yearly/raw/r20260331,T_ady.SSP585,1,131,131,1970-07-02,2100-07-02,f5c4534810,[22],[131],"[""[52, 846, 775]""]","[""[22, 8, 141, 130]""]",days since 1900-01-01,gregorian
northwest_atlantic/full_domain/multi_decadal_outlook/yearly/raw/r20260331,so.SSP126,1,131,131,1970-07-02,2100-07-02,f5c4534810,[22],[131],"[""[52, 845, 775]""]","[""[22, 8, 141, 130]""]",days since 1900-01-01,gregorian
northwest_atlantic/full_domain/multi_decadal_outlook/yearly/raw/r20260331,so.SSP245,1,131,131,1970-07-02,2100-07-02,f5c4534810,[22],[131],"[""[52, 845, 775]""]","[""[22, 8, 141, 130]""]",days since 1900-01-01,gregorian
northwest_atlantic/full_domain/multi_decadal_outlook/yearly/raw/r20260331,so.SSP370,1,131,131,1970-07-02,2100-07-02,f5c4534810,[22],[131],"[""[52, 845, 775]""]","[""[22, 8, 141, 130]""]",days since 1900-01-01,gregorian
northwest_atlantic/full_domain/multi_decadal_outlook/yearly/raw/r20260331,so.SSP585,1,131,131,1970-07-02,2100-07-02,f5c4534810,[22],[131],"[""[52, 845, 775]""]","[""[22, 8, 141, 130]""]",days since 1900-01-01,gregorian
northwest_atlantic/full_domain/multi_decadal_outlook/yearly/raw/r20260331,sos.SSP126,1,131,131,1970-07-02,2100-07-02,f5c4534810,[44],[131],"[""[845, 775]""]","[""[44, 282, 259]""]",days since 1900-01-01,gregorian
northwest_atlantic/full_domain/multi_decadal_outlook/yearly/raw/r20260331,sos.SSP245,1,131,131,1970-07-02,2100-07-02,f5c4534810,[44],[131],"[""[845, 775]""]","[""[44, 282, 259]""]",days since 1900-01-01,gregorian
northwest_atlantic/full_domain/multi_decadal_outlook/yearly/raw/r20260331,sos.SSP370,1,131,131,1970-07-02,2100-07-02,f5c4534810,[44],[131],"[""[845, 775]""]","[""[44, 282, 259]""]",days since 1900-01-01,gregorian
northwest_atlantic/full_domain/multi_decadal_outlook/yearly/raw/r20260331,sos.SSP585,1,131,131,1970-07-02,2100-07-02,f5c4534810,[44],[131],"[""[845, 775]""]","[""[44, 282, 259]""]",days since 1900-01-01,gregorian
northwest_atlantic/full_domain/multi_decadal_outlook/yearly/raw/r20260331,speed.SSP126,1,131,131,1970-07-02,2100-07-02,f5c4534810,[44],[131],"[""[845, 775]""]","[""[44, 282, 259]""]",days since 1900-01-01,gregorian
northwest_atlantic/full_domain/multi_decadal_outlook/yearly/raw/r20260331,speed.SSP245,1,131,131,1970-07-02,2100-07-02,f5c4534810,[44],[131],"[""[845, 775]""]","[""[44, 282, 259]""]",days since 1900-01-01,gregorian
northwest_atlantic/full_domain/multi_decadal_outlook/yearly/raw/r20260331,speed.SSP370,1,131,131,1970-07-02,2100-07-02,f5c4534810,[44],[131],"[""[845, 775]""]","[""[44, 282, 259]""]",days since 1900-01-01,gregorian
northwest_atlantic/full_domain/multi_decadal_outlook/yearly/raw/r20260331,speed.SSP585,1,131,131,1970-07-02,2100-07-02,f5c4534810,[44],[131],"[""[845, 775]""]","[""[44, 282, 259]""]",days since 1900-01-01,gregorian
northwest_atlantic/full_domain/multi_decadal_outlook/yearly/raw/r20260331,ssh.SSP126,1,131,131,1970-07-02,2100-07-02,f5c4534810,[44],[131],"[""[845, 775]""]","[""[44, 282, 259]""]",days since 1900-01-01,gregorian
northwest_atlantic/full_domain/multi_decadal_outlook/yearly/raw/r20260331,ssh.SSP245,1,131,131,1970-07-02,2100-07-02,f5c4534810,[44],[131],"[""[845, 775]""]","[""[44, 282, 259]""]",days since 1900-01-01,gregorian
northwest_atlantic/full_domain/multi_decadal_outlook/yearly/raw/r20260331,ssh.SSP370,1,131,131,1970-07-02,2100-07-02,f5c4534810,[44],[131],"[""[845, 775]""]","[""[44, 282, 259]""]",days since 1900-01-01,gregorian
northwest_atlantic/full_domain/multi_decadal_outlook/yearly/raw/r20260331,ssh.SSP585,1,131,131,1970-07-02,2100-07-02,f5c4534810,[44],[131],"[""[845, 775]""]","[""[44, 282, 259]""]",days since 1900-01-01,gregorian
northwest_atlantic/full_domain/multi_decadal_outlook/yearly/raw/r20260331,tauuo.SSP126,1,131,131,1970-07-02,2100-07-02,f5c4534810,[44],[131],"[""[845, 776]""]","[""[44, 282, 259]""]",days since 1900-01-01,gregorian
northwest_atlantic/full_domain/multi_decadal_outlook/yearly/raw/r20260331,tauuo.SSP245,1,131,131,1970-07-02,2100-07-02,f5c4534810,[44],[131],"[""[845, 776]""]","[""[44, 282, 259]""]",days since 1900-01-01,gregorian
northwest_atlantic/full_domain/multi_decadal_outlook/yearly/raw/r20260331,tauuo.SSP370,1,131,131,1970-07-02,2100-07-02,f5c4534810,[44],[131],"[""[845, 776]""]","[""[44, 282, 259]""]",days since 1900-01-01,gregorian
northwest_atlantic/full_domain/multi_decadal_outlook/yearly/raw/r20260331,tauuo.SSP585,1,131,131,1970-07-02,2100-07-02,f5c4534810,[44],[131],"[""[845, 776]""]","[""[44, 282, 259]""]",days since 1900-01-01,gregorian
northwest_atlantic/full_domain/multi_decadal_outlook/yearly/raw/r20260331,tauvo.SSP126,1,131,131,1970-07-02,2100-07-02,f5c4534810,[44],[131],"[""[846, 775]""]","[""[44, 282, 259]""]",days since 1900-01-01,gregorian
northwest_atlantic/full_domain/multi_decadal_outlook/yearly/raw/r20260331,tauvo.SSP245,1,131,131,1970-07-02,2100-07-02,f5c4534810,[44],[131],"[""[846, 775]""]","[""[44, 282, 259]""]",days since 1900-01-01,gregorian
northwest_atlantic/full_domain/multi_decadal_outlook/yearly/raw/r20260331,tauvo.SSP370,1,131,131,1970-07-02,2100-07-02,f5c4534810,[44],[131],"[""[846, 775]""]","[""[44, 282, 259]""]",days since 1900-01-01,gregorian
northwest_atlantic/full_domain/multi_decadal_outlook/yearly/raw/r20260331,tauvo.SSP585,1,131,131,1970-07-02,2100-07-02,f5c4534810,[44],[131],"[""[846, 775]""]","[""[44, 282, 259]""]",days since 1900-01-01,gregorian
northwest_atlantic/full_domain/multi_decadal_outlook/yearly/raw/r20260331,thetao.SSP126,1,131,131,1970-07-02,2100-07-02,f5c4534810,[22],[131],"[""[52, 845, 775]""]","[""[22, 8, 141, 130]""]",days since 1900-01-01,gregorian
northwest_atlantic/full_domain/multi_decadal_outlook/yearly/raw/r20260331,thetao.SSP245,1,131,131,1970-07-02,2100-07-02,f5c4534810,[22],[131],"[""[52, 845, 775]""]","[""[22, 8, 141, 130]""]",days since 1900-01-01,gregorian
northwest_atlantic/full_domain/multi_decadal_outlook/yearly/raw/r20260331,thetao.SSP370,1,131,131,1970-07-02,2100-07-02,f5c4534810,[22],[131],"[""[52, 845, 775]""]","[""[22, 8, 141, 130]""]",days since 1900-01-01,gregorian
northwest_atlantic/full_domain/multi_decadal_outlook/yearly/raw/r20260331,thetao.SSP585,1,131,131,1970-07-02,2100-07-02,f5c4534810,[22],[131],"[""[52, 845, 775]""]","[""[22, 8, 141, 130]""]",days since 1900-01-01,gregorian
northwest_atlantic/full_domain/multi_decadal_outlook/yearly/raw/r20260331,tob.SSP126,1,131,131,1970-07-02,2100-07-02,f5c4534810,[44],[131],"[""[845, 775]""]","[""[44, 282, 259]""]",days since 1900-01-01,gregorian
northwest_atlantic/full_domain/multi_decadal_outlook/yearly/raw/r20260331,tob.SSP245,1,131,131,1970-07-02,2100-07-02,f5c4534810,[44],[131],"[""[845, 775]""]","[""[44, 282, 259]""]",days since 1900-01-01,gregorian
northwest_atlantic/full_domain/multi_decadal_outlook/yearly/raw/r20260331,tob.SSP370,1,131,131,1970-07-02,2100-07-02,f5c4534810,[44],[131],"[""[845, 775]""]","[""[44, 282, 259]""]",days since 1900-01-01,gregorian
northwest_atlantic/full_domain/multi_decadal_outlook/yearly/raw/r20260331,tob.SSP585,1,131,131,1970-07-02,2100-07-02,f5c4534810,[44],[131],"[""[845, 775]""]","[""[44, 282, 259]""]",days since 1900-01-01,gregorian
northwest_atlantic/full_domain/multi_decadal_outlook/yearly/raw/r20260331,tos.SSP126,1,131,131,1970-07-02,2100-07-02,f5c4534810,[44],[131],"[""[845, 775]""]","[""[44, 282, 259]""]",days since 1900-01-01,gregorian
northwest_atlantic/full_domain/multi_decadal_outlook/yearly/raw/r20260331,tos.SSP245,1,131,131,1970-07-02,2100-07-02,f5c4534810,[44],[131],"[""[845, 775]""]","[""[44, 282, 259]""]",days since 1900-01-01,gregorian
northwest_atlantic/full_domain/multi_decadal_outlook/yearly/raw/r20260331,tos.SSP370,1,131,131,1970-07-02,2100-07-02,f5c4534810,[44],[131],"[""[845, 775]""]","[""[44, 282, 259]""]",days since 1900-01-01,gregorian
northwest_atlantic/full_domain/multi_decadal_outlook/yearly/raw/r20260331,tos.SSP585,1,131,131,1970-07-02,2100-07-02,f5c4534810,[44],[131],"[""[845, 775]""]","[""[44, 282, 259]""]",days since 1900-01-01,gregorian
northwest_atlantic/full_domain/multi_decadal_outlook/yearly/raw/r20260331,umo.SSP126,1,131,131,1970-07-02,2100-07-02,f5c4534810,[22],[131],"[""[52, 845, 776]""]","[""[22, 8, 141, 130]""]",days since 1900-01-01,gregorian
northwest_atlantic/full_domain/multi_decadal_outlook/yearly/raw/r20260331,umo.SSP245,1,131,131,1970-07-02,2100-07-02,f5c4534810,[22],[131],"[""[52, 845, 776]""]","[""[22, 8, 141, 130]""]",days since 1900-01-01,gregorian
northwest_atlantic/full_domain/multi_decadal_outlook/yearly/raw/r20260331,umo.SSP370,1,131,131,1970-07-02,2100-07-02,f5c4534810,[22],[131],"[""[52, 845, 776]""]","[""[22, 8, 141, 130]""]",days since 1900-01-01,gregorian
northwest_atlantic/full_domain/multi_decadal_outlook/yearly/raw/r20260331,umo.SSP585,1,131,131,1970-07-02,2100-07-02,f5c4534810,[22],[131],"[""[52, 845, 776]""]","[""[22, 8, 141, 130]""]",days since 1900-01-01,gregorian
northwest_atlantic/full_domain/multi_decadal_outlook/yearly/raw/r20260331,uo.SSP126,1,131,131,1970-07-02,2100-07-02,f5c4534810,[22],[131],"[""[52, 845, 776]""]","[""[22, 8, 141, 130]""]",days since 1900-01-01,gregorian
northwest_atlantic/full_domain/multi_decadal_outlook/yearly/raw/r20260331,uo.SSP245,1,131,131,1970-07-02,2100-07-02,f5c4534810,[22],[131],"[""[52, 845, 776]""]","[""[22, 8, 141, 130]""]",days since 1900-01-01,gregorian
northwest_atlantic/full_domain/multi_decadal_outlook/yearly/raw/r20260331,uo.SSP370,1,131,131,1970-07-02,2100-07-02,f5c4534810,[22],[131],"[""[52, 845, 776]""]","[""[22, 8, 141, 130]""]",days since 1900-01-01,gregorian
northwest_atlantic/full_domain/multi_decadal_outlook/yearly/raw/r20260331,uo.SSP585,1,131,131,1970-07-02,2100-07-02,f5c4534810,[22],[131],"[""[52, 845, 776]""]","[""[22, 8, 141, 130]""]",days since 1900-01-01,gregorian
northwest_atlantic/full_domain/multi_decadal_outlook/yearly/raw/r20260331,vmo.SSP126,1,131,131,1970-07-02,2100-07-02,f5c4534810,[22],[131],"[""[52, 846, 775]""]","[""[22, 8, 141, 130]""]",days since 1900-01-01,gregorian
northwest_atlantic/full_domain/multi_decadal_outlook/yearly/raw/r20260331,vmo.SSP245,1,131,131,1970-07-02,2100-07-02,f5c4534810,[22],[131],"[""[52, 846, 775]""]","[""[22, 8, 141, 130]""]",days since 1900-01-01,gregorian
northwest_atlantic/full_domain/multi_decadal_outlook/yearly/raw/r20260331,vmo.SSP370,1,131,131,1970-07-02,2100-07-02,f5c4534810,[22],[131],"[""[52, 846, 775]""]","[""[22, 8, 141, 130]""]",days since 1900-01-01,gregorian
northwest_atlantic/full_domain/multi_decadal_outlook/yearly/raw/r20260331,vmo.SSP585,1,131,131,1970-07-02,2100-07-02,f5c4534810,[22],[131],"[""[52, 846, 775]""]","[""[22, 8, 141, 130]""]",days since 1900-01-01,gregorian
northwest_atlantic/full_domain/multi_decadal_outlook/yearly/raw/r20260331,vmo_2d.SSP126,1,131,131,1970-07-02,2100-07-02,f5c4534810,[44],[131],"[""[846, 775]""]","[""[44, 282, 259]""]",days since 1900-01-01,gregorian
northwest_atlantic/full_domain/multi_decadal_outlook/yearly/raw/r20260331,vmo_2d.SSP245,1,131,131,1970-07-02,2100-07-02,f5c4534810,[44],[131],"[""[846, 775]""]","[""[44, 282, 259]""]",days since 1900-01-01,gregorian
northwest_atlantic/full_domain/multi_decadal_outlook/yearly/raw/r20260331,vmo_2d.SSP370,1,131,131,1970-07-02,2100-07-02,f5c4534810,[44],[131],"[""[846, 775]""]","[""[44, 282, 259]""]",days since 1900-01-01,gregorian
northwest_atlantic/full_domain/multi_decadal_outlook/yearly/raw/r20260331,vmo_2d.SSP585,1,131,131,1970-07-02,2100-07-02,f5c4534810,[44],[131],"[""[846, 775]""]","[""[44, 282, 259]""]",days since 1900-01-01,gregorian
northwest_atlantic/full_domain/multi_decadal_outlook/yearly/raw/r20260331,vo.SSP126,1,131,131,1970-07-02,2100-07-02,f5c4534810,[22],[131],"[""[52, 846, 775]""]","[""[22, 8, 141, 130]""]",days since 1900-01-01,gregorian
northwest_atlantic/full_domain/multi_decadal_outlook/yearly/raw/r20260331,vo.SSP245,1,131,131,1970-07-02,2100-07-02,f5c4534810,[22],[131],"[""[52, 846, 775]""]","[""[22, 8, 141, 130]""]",days since 1900-01-01,gregorian
northwest_atlantic/full_domain/multi_decadal_outlook/yearly/raw/r20260331,vo.SSP370,1,131,131,1970-07-02,2100-07-02,f5c4534810,[22],[131],"[""[52, 846, 775]""]","[""[22, 8, 141, 130]""]",days since 1900-01-01,gregorian
northwest_atlantic/full_domain/multi_decadal_outlook/yearly/raw/r20260331,vo.SSP585,1,131,131,1970-07-02,2100-07-02,f5c4534810,[22],[131],"[""[52, 846, 775]""]","[""[22, 8, 141, 130]""]",days since 1900-01-01,gregorian
northwest_atlantic/full_domain/multi_decadal_outlook/yearly/regrid/r20260331,MLD_003.SSP126,1,131,131,1970-07-02,2100-07-02,f5c4534810,[44],[131],"[""[844, 774]""]","[""[44, 282, 258]""]",days since 1900-01-01,gregorian
northwest_atlantic/full_domain/multi_decadal_outlook/yearly/regrid/r20260331,MLD_003.SSP245,1,131,131,1970-07-02,2100-07-02,f5c4534810,[44],[131],"[""[844, 774]""]","[""[44, 282, 258]""]",days since 1900-01-01,gregorian
northwest_atlantic/full_domain/multi_decadal_outlook/yearly/regrid/r20260331,MLD_003.SSP370,1,131,131,1970-07-02,2100-07-02,f5c4534810,[44],[131],"[""[844, 774]""]","[""[44, 282, 258]""]",days since 1900-01-01,gregorian
northwest_atlantic/full_domain/multi_decadal_outlook/yearly/regrid/r20260331,MLD_003.SSP585,1,131,131,1970-07-02,2100-07-02,f5c4534810,[44],[131],"[""[844, 774]""]","[""[44, 282, 258]""]",days since 1900-01-01,gregorian
northwest_atlantic/full_domain/multi_decadal_outlook/yearly/regrid/r20260331,so.SSP126,1,131,131,1970-07-02,2100-07-02,f5c4534810,[22],[131],"[""[52, 844, 774]""]","[""[22, 8, 141, 129]""]",days since 1900-01-01,gregorian
northwest_atlantic/full_domain/multi_decadal_outlook/yearly/regrid/r20260331,so.SSP245,1,131,131,1970-07-02,2100-07-02,f5c4534810,[22],[131],"[""[52, 844, 774]""]","[""[22, 8, 141, 129]""]",days since 1900-01-01,gregorian
northwest_atlantic/full_domain/multi_decadal_outlook/yearly/regrid/r20260331,so.SSP370,1,131,131,1970-07-02,2100-07-02,f5c4534810,[22],[131],"[""[52, 844, 774]""]","[""[22, 8, 141, 129]""]",days since 1900-01-01,gregorian
northwest_atlantic/full_domain/multi_decadal_outlook/yearly/regrid/r20260331,so.SSP585,1,131,131,1970-07-02,2100-07-02,f5c4534810,[22],[131],"[""[52, 844, 774]""]","[""[22, 8, 141, 129]""]",days since 1900-01-01,gregorian
northwest_atlantic/full_domain/multi_decadal_outlook/yearly/regrid/r20260331,sos.SSP126,1,131,131,1970-07-02,2100-07-02,f5c4534810,[44],[131],"[""[844, 774]""]","[""[44, 282, 258]""]",days since 1900-01-01,gregorian
northwest_atlantic/full_domain/multi_decadal_outlook/yearly/regrid/r20260331,sos.SSP245,1,131,131,1970-07-02,2100-07-02,f5c4534810,[44],[131],"[""[844, 774]""]","[""[44, 282, 258]""]",days since 1900-01-01,gregorian
northwest_atlantic/full_domain/multi_decadal_outlook/yearly/regrid/r20260331,sos.SSP370,1,131,131,1970-07-02,2100-07-02,f5c4534810,[44],[131],"[""[844, 774]""]","[""[44, 282, 258]""]",days since 1900-01-01,gregorian
northwest_atlantic/full_domain/multi_decadal_outlook/yearly/regrid/r20260331,sos.SSP585,1,131,131,1970-07-02,2100-07-02,f5c4534810,[44],[131],"[""[844, 774]""]","[""[44, 282, 258]""]",days since 1900-01-01,gregorian
northwest_atlantic/full_domain/multi_decadal_outlook/yearly/regrid/r20260331,speed.SSP126,1,131,131,1970-07-02,2100-07-02,f5c4534810,[44],[131],"[""[844, 774]""]","[""[44, 282, 258]""]",days since 1900-01-01,gregorian
northwest_atlantic/full_domain/multi_decadal_outlook/yearly/regrid/r20260331,speed.SSP245,1,131,131,1970-07-02,2100-07-02,f5c4534810,[44],[131],"[""[844, 774]""]","[""[44, 282, 258]""]",days since 1900-01-01,gregorian
northwest_atlantic/full_domain/multi_decadal_outlook/yearly/regrid/r20260331,speed.SSP370,1,131,131,1970-07-02,2100-07-02,f5c4534810,[44],[131],"[""[844, 774]""]","[""[44, 282, 258]""]",days since 1900-01-01,gregorian
northwest_atlantic/full_domain/multi_decadal_outlook/yearly/regrid/r20260331,speed.SSP585,1,131,131,1970-07-02,2100-07-02,f5c4534810,[44],[131],"[""[844, 774]""]","[""[44, 282, 258]""]",days since 1900-01-01,gregorian
northwest_atlantic/full_domain/multi_decadal_outlook/yearly/regrid/r20260331,ssh.SSP126,1,131,131,1970-07-02,2100-07-02,f5c4534810,[44],[131],"[""[844, 774]""]","[""[44, 282, 258]""]",days since 1900-01-01,gregorian
northwest_atlantic/full_domain/multi_decadal_outlook/yearly/regrid/r20260331,ssh.SSP245,1,131,131,1970-07-02,2100-07-02,f5c4534810,[44],[131],"[""[844, 774]""]","[""[44, 282, 258]""]",days since 1900-01-01,gregorian
northwest_atlantic/full_domain/multi_decadal_outlook/yearly/regrid/r20260331,ssh.SSP370,1,131,131,1970-07-02,2100-07-02,f5c4534810,[44],[131],"[""[844, 774]""]","[""[44, 282, 258]""]",days since 1900-01-01,gregorian
northwest_atlantic/full_domain/multi_decadal_outlook/yearly/regrid/r20260331,ssh.SSP585,1,131,131,1970-07-02,2100-07-02,f5c4534810,[44],[131],"[""[844, 774]""]","[""[44, 282, 258]""]",days since 1900-01-01,gregorian
northwest_atlantic/full_domain/multi_decadal_outlook/yearly/regrid/r20260331,thetao.SSP126,1,131,131,1970-07-02,2100-07-02,f5c4534810,[22],[131],"[""[52, 844, 774]""]","[""[22, 8, 141, 129]""]",days since 1900-01-01,gregorian
northwest_atlantic/full_domain/multi_decadal_outlook/yearly/regrid/r20260331,thetao.SSP245,1,131,131,1970-07-02,2100-07-02,f5c4534810,[22],[131],"[""[52, 844, 774]""]","[""[22, 8, 141, 129]""]",days since 1900-01-01,gregorian
northwest_atlantic/full_domain/multi_decadal_outlook/yearly/regrid/r20260331,thetao.SSP370,1,131,131,1970-07-02,2100-07-02,f5c4534810,[22],[131],"[""[52, 844, 774]""]","[""[22, 8, 141, 129]""]",days since 1900-01-01,gregorian
northwest_atlantic/full_domain/multi_decadal_outlook/yearly/regrid/r20260331,thetao.SSP585,1,131,131,1970-07-02,2100-07-02,f5c4534810,[22],[131],"[""[52, 844, 774]""]","[""[22, 8, 141, 129]""]",days since 1900-01-01,gregorian
northwest_atlantic/full_domain/multi_decadal_outlook/yearly/regrid/r20260331,tob.SSP126,1,131,131,1970-07-02,2100-07-02,f5c4534810,[44],[131],"[""[844, 774]""]","[""[44, 282, 258]""]",days since 1900-01-01,gregorian
northwest_atlantic/full_domain/multi_decadal_outlook/yearly/regrid/r20260331,tob.SSP245,1,131,131,1970-07-02,2100-07-02,f5c4534810,[44],[131],"[""[844, 774]""]","[""[44, 282, 258]""]",days since 1900-01-01,gregorian
northwest_atlantic/full_domain/multi_decadal_outlook/yearly/regrid/r20260331,tob.SSP370,1,131,131,1970-07-02,2100-07-02,f5c4534810,[44],[131],"[""[844, 774]""]","[""[44, 282, 258]""]",days since 1900-01-01,gregorian
northwest_atlantic/full_domain/multi_decadal_outlook/yearly/regrid/r20260331,tob.SSP585,1,131,131,1970-07-02,2100-07-02,f5c4534810,[44],[131],"[""[844, 774]""]","[""[44, 282, 258]""]",days since 1900-01-01,gregorian
northwest_atlantic/full_domain/multi_decadal_outlook/yearly/regrid/r20260331,tos.SSP126,1,131,131,1970-07-02,2100-07-02,f5c4534810,[44],[131],"[""[844, 774]""]","[""[44, 282, 258]""]",days since 1900-01-01,gregorian
northwest_atlantic/full_domain/multi_decadal_outlook/yearly/regrid/r20260331,tos.SSP245,1,131,131,1970-07-02,2100-07-02,f5c4534810,[44],[131],"[""[844, 774]""]","[""[44, 282, 258]""]",days since 1900-01-01,gregorian
northwest_atlantic/full_domain/multi_decadal_outlook/yearly/regrid/r20260331,tos.SSP370,1,131,131,1970-07-02,2100-07-02,f5c4534810,[44],[131],"[""[844, 774]""]","[""[44, 282, 258]""]",days since 1900-01-01,gregorian
northwest_atlantic/full_domain/multi_decadal_outlook/yearly/regrid/r20260331,tos.SSP585,1,131,131,1970-07-02,2100-07-02,f5c4534810,[44],[131],"[""[844, 774]""]","[""[44, 282, 258]""]",days since 1900-01-01,gregorian
pacific_islands/full_domain/hindcast/daily/raw/r20260427,btm_co3_ion,1,12053,12053,1993-01-01,2025-12-31,7d8ba85f5c,[20],[12053],"[""[539, 725]""]","[""[20, 100, 100]""]",days since 1993-01-01 00:00:00,gregorian
pacific_islands/full_domain/hindcast/daily/raw/r20260427,btm_co3_sol_arag,1,12053,12053,1993-01-01,2025-12-31,7d8ba85f5c,[20],[12053],"[""[539, 725]""]","[""[20, 100, 100]""]",days since 1993-01-01 00:00:00,gregorian
pacific_islands/full_domain/hindcast/daily/raw/r20260427,btm_co3_sol_calc,1,12053,12053,1993-01-01,2025-12-31,7d8ba85f5c,[20],[12053],"[""[539, 725]""]","[""[20, 100, 100]""]",days since 1993-01-01 00:00:00,gregorian
pacific_islands/full_domain/hindcast/daily/raw/r20260427,btm_htotal,1,12053,12053,1993-01-01,2025-12-31,7d8ba85f5c,[20],[12053],"[""[539, 725]""]","[""[20, 100, 100]""]",days since 1993-01-01 00:00:00,gregorian
pacific_islands/full_domain/hindcast/daily/raw/r20260427,btm_o2,1,12053,12053,1993-01-01,2025-12-31,7d8ba85f5c,[20],[12053],"[""[539, 725]""]","[""[20, 100, 100]""]",days since 1993-01-01 00:00:00,gregorian
pacific_islands/full_domain/hindcast/daily/raw/r20260427,chlos,1,12053,12053,1993-01-01,2025-12-31,7d8ba85f5c,[20],[12053],"[""[539, 725]""]","[""[20, 100, 100]""]",days since 1993-01-01 00:00:00,gregorian
pacific_islands/full_domain/hindcast/daily/raw/r20260427,mesozoo_200,1,12053,12053,1993-01-01,2025-12-31,7d8ba85f5c,[20],[12053],"[""[539, 725]""]","[""[20, 100, 100]""]",days since 1993-01-01 00:00:00,gregorian
pacific_islands/full_domain/hindcast/daily/raw/r20260427,no3os,1,12053,12053,1993-01-01,2025-12-31,7d8ba85f5c,[20],[12053],"[""[539, 725]""]","[""[20, 100, 100]""]",days since 1993-01-01 00:00:00,gregorian
pacific_islands/full_domain/hindcast/daily/raw/r20260427,pco2surf,1,12053,12053,1993-01-01,2025-12-31,7d8ba85f5c,[20],[12053],"[""[539, 725]""]","[""[20, 100, 100]""]",days since 1993-01-01 00:00:00,gregorian
pacific_islands/full_domain/hindcast/daily/raw/r20260427,phos,1,12053,12053,1993-01-01,2025-12-31,7d8ba85f5c,[20],[12053],"[""[539, 725]""]","[""[20, 100, 100]""]",days since 1993-01-01 00:00:00,gregorian
pacific_islands/full_domain/hindcast/daily/raw/r20260427,phycos,1,12053,12053,1993-01-01,2025-12-31,7d8ba85f5c,[20],[12053],"[""[539, 725]""]","[""[20, 100, 100]""]",days since 1993-01-01 00:00:00,gregorian
pacific_islands/full_domain/hindcast/daily/raw/r20260427,ssh,1,12053,12053,1993-01-01,2025-12-31,7d8ba85f5c,[20],[12053],"[""[539, 725]""]","[""[20, 100, 100]""]",days since 1993-01-01 00:00:00,gregorian
pacific_islands/full_domain/hindcast/daily/raw/r20260427,sshmax,1,12053,12053,1993-01-01,2025-12-31,7d8ba85f5c,[20],[12053],"[""[539, 725]""]","[""[20, 100, 100]""]",days since 1993-01-01 00:00:00,gregorian
pacific_islands/full_domain/hindcast/daily/raw/r20260427,sshmin,1,12053,12053,1993-01-01,2025-12-31,7d8ba85f5c,[20],[12053],"[""[539, 725]""]","[""[20, 100, 100]""]",days since 1993-01-01 00:00:00,gregorian
pacific_islands/full_domain/hindcast/daily/raw/r20260427,ssu,1,12053,12053,1993-01-01,2025-12-31,7d8ba85f5c,[20],[12053],"[""[539, 726]""]","[""[20, 100, 100]""]",days since 1993-01-01 00:00:00,gregorian
pacific_islands/full_domain/hindcast/daily/raw/r20260427,ssv,1,12053,12053,1993-01-01,2025-12-31,7d8ba85f5c,[20],[12053],"[""[539, 725]""]","[""[20, 100, 100]""]",days since 1993-01-01 00:00:00,gregorian
pacific_islands/full_domain/hindcast/daily/raw/r20260427,tob,1,12053,12053,1993-01-01,2025-12-31,7d8ba85f5c,[20],[12053],"[""[539, 725]""]","[""[20, 100, 100]""]",days since 1993-01-01 00:00:00,gregorian
pacific_islands/full_domain/hindcast/daily/raw/r20260427,tos,1,12053,12053,1993-01-01,2025-12-31,7d8ba85f5c,[20],[12053],"[""[539, 725]""]","[""[20, 100, 100]""]",days since 1993-01-01 00:00:00,gregorian
pacific_islands/full_domain/hindcast/daily/regrid/r20260427,btm_co3_ion,1,12053,12053,1993-01-01,2025-12-31,7d8ba85f5c,[100],[12053],"[""[538, 724]""]","[""[100, 200, 200]""]",days since 1993-01-01,gregorian
pacific_islands/full_domain/hindcast/daily/regrid/r20260427,btm_co3_sol_arag,1,12053,12053,1993-01-01,2025-12-31,7d8ba85f5c,[100],[12053],"[""[538, 724]""]","[""[100, 200, 200]""]",days since 1993-01-01,gregorian
pacific_islands/full_domain/hindcast/daily/regrid/r20260427,btm_co3_sol_calc,1,12053,12053,1993-01-01,2025-12-31,7d8ba85f5c,[100],[12053],"[""[538, 724]""]","[""[100, 200, 200]""]",days since 1993-01-01,gregorian
pacific_islands/full_domain/hindcast/daily/regrid/r20260427,btm_htotal,1,12053,12053,1993-01-01,2025-12-31,7d8ba85f5c,[100],[12053],"[""[538, 724]""]","[""[100, 200, 200]""]",days since 1993-01-01,gregorian
pacific_islands/full_domain/hindcast/daily/regrid/r20260427,btm_o2,1,12053,12053,1993-01-01,2025-12-31,7d8ba85f5c,[100],[12053],"[""[538, 724]""]","[""[100, 200, 200]""]",days since 1993-01-01,gregorian
pacific_islands/full_domain/hindcast/daily/regrid/r20260427,chlos,1,12053,12053,1993-01-01,2025-12-31,7d8ba85f5c,[100],[12053],"[""[538, 724]""]","[""[100, 200, 200]""]",days since 1993-01-01,gregorian
pacific_islands/full_domain/hindcast/daily/regrid/r20260427,mesozoo_200,1,12053,12053,1993-01-01,2025-12-31,7d8ba85f5c,[100],[12053],"[""[538, 724]""]","[""[100, 200, 200]""]",days since 1993-01-01,gregorian
pacific_islands/full_domain/hindcast/daily/regrid/r20260427,no3os,1,12053,12053,1993-01-01,2025-12-31,7d8ba85f5c,[100],[12053],"[""[538, 724]""]","[""[100, 200, 200]""]",days since 1993-01-01,gregorian
pacific_islands/full_domain/hindcast/daily/regrid/r20260427,pco2surf,1,12053,12053,1993-01-01,2025-12-31,7d8ba85f5c,[100],[12053],"[""[538, 724]""]","[""[100, 200, 200]""]",days since 1993-01-01,gregorian
pacific_islands/full_domain/hindcast/daily/regrid/r20260427,phos,1,12053,12053,1993-01-01,2025-12-31,7d8ba85f5c,[100],[12053],"[""[538, 724]""]","[""[100, 200, 200]""]",days since 1993-01-01,gregorian
pacific_islands/full_domain/hindcast/daily/regrid/r20260427,phycos,1,12053,12053,1993-01-01,2025-12-31,7d8ba85f5c,[100],[12053],"[""[538, 724]""]","[""[100, 200, 200]""]",days since 1993-01-01,gregorian
pacific_islands/full_domain/hindcast/daily/regrid/r20260427,ssh,1,12053,12053,1993-01-01,2025-12-31,7d8ba85f5c,[100],[12053],"[""[538, 724]""]","[""[100, 200, 200]""]",days since 1993-01-01,gregorian
pacific_islands/full_domain/hindcast/daily/regrid/r20260427,sshmax,1,12053,12053,1993-01-01,2025-12-31,7d8ba85f5c,[100],[12053],"[""[538, 724]""]","[""[100, 200, 200]""]",days since 1993-01-01,gregorian
pacific_islands/full_domain/hindcast/daily/regrid/r20260427,sshmin,1,12053,12053,1993-01-01,2025-12-31,7d8ba85f5c,[100],[12053],"[""[538, 724]""]","[""[100, 200, 200]""]",days since 1993-01-01,gregorian
pacific_islands/full_domain/hindcast/daily/regrid/r20260427,tob,1,12053,12053,1993-01-01,2025-12-31,7d8ba85f5c,[100],[12053],"[""[538, 724]""]","[""[100, 200, 200]""]",days since 1993-01-01,gregorian
pacific_islands/full_domain/hindcast/daily/regrid/r20260427,tos,1,12053,12053,1993-01-01,2025-12-31,7d8ba85f5c,[100],[12053],"[""[538, 724]""]","[""[100, 200, 200]""]",days since 1993-01-01,gregorian
pacific_islands/full_domain/hindcast/monthly/raw/r20260427,Heat_PmE,1,396,396,1993-01-16,2025-12-16,fa2d4c0405,[20],[396],"[""[539, 725]""]","[""[20, 100, 100]""]",days since 1993-01-01 00:00:00,gregorian
pacific_islands/full_domain/hindcast/monthly/raw/r20260427,LwLatSens,1,396,396,1993-01-16,2025-12-16,fa2d4c0405,[20],[396],"[""[539, 725]""]","[""[20, 100, 100]""]",days since 1993-01-01 00:00:00,gregorian
pacific_islands/full_domain/hindcast/monthly/raw/r20260427,MLD_003,1,396,396,1993-01-16,2025-12-16,fa2d4c0405,[20],[396],"[""[539, 725]""]","[""[20, 100, 100]""]",days since 1993-01-01 00:00:00,gregorian
pacific_islands/full_domain/hindcast/monthly/raw/r20260427,MLD_003_max,1,396,396,1993-01-16,2025-12-16,fa2d4c0405,[20],[396],"[""[539, 725]""]","[""[20, 100, 100]""]",days since 1993-01-01 00:00:00,gregorian
pacific_islands/full_domain/hindcast/monthly/raw/r20260427,MLD_003_min,1,396,396,1993-01-16,2025-12-16,fa2d4c0405,[20],[396],"[""[539, 725]""]","[""[20, 100, 100]""]",days since 1993-01-01 00:00:00,gregorian
pacific_islands/full_domain/hindcast/monthly/raw/r20260427,MLD_EN1,1,396,396,1993-01-16,2025-12-16,fa2d4c0405,[20],[396],"[""[539, 725]""]","[""[20, 100, 100]""]",days since 1993-01-01 00:00:00,gregorian
pacific_islands/full_domain/hindcast/monthly/raw/r20260427,MLD_EN1_max,1,396,396,1993-01-16,2025-12-16,fa2d4c0405,[20],[396],"[""[539, 725]""]","[""[20, 100, 100]""]",days since 1993-01-01 00:00:00,gregorian
pacific_islands/full_domain/hindcast/monthly/raw/r20260427,MLD_EN1_min,1,396,396,1993-01-16,2025-12-16,fa2d4c0405,[20],[396],"[""[539, 725]""]","[""[20, 100, 100]""]",days since 1993-01-01 00:00:00,gregorian
pacific_islands/full_domain/hindcast/monthly/raw/r20260427,MLD_restrat,1,396,396,1993-01-16,2025-12-16,fa2d4c0405,[20],[396],"[""[539, 725]""]","[""[20, 100, 100]""]",days since 1993-01-01 00:00:00,gregorian
pacific_islands/full_domain/hindcast/monthly/raw/r20260427,MSTAR,1,396,396,1993-01-16,2025-12-16,fa2d4c0405,[20],[396],"[""[539, 725]""]","[""[20, 100, 100]""]",days since 1993-01-01 00:00:00,gregorian
pacific_islands/full_domain/hindcast/monthly/raw/r20260427,S_adx_2d,1,396,396,1993-01-16,2025-12-16,fa2d4c0405,[20],[396],"[""[539, 726]""]","[""[20, 100, 100]""]",days since 1993-01-01 00:00:00,gregorian
pacific_islands/full_domain/hindcast/monthly/raw/r20260427,S_ady_2d,1,396,396,1993-01-16,2025-12-16,fa2d4c0405,[20],[396],"[""[539, 725]""]","[""[20, 100, 100]""]",days since 1993-01-01 00:00:00,gregorian
pacific_islands/full_domain/hindcast/monthly/raw/r20260427,T_adx_2d,1,0,0,,,da39a3ee5e,[20],[0],"[""[539, 726]""]","[""[20, 100, 100]""]",,
pacific_islands/full_domain/hindcast/monthly/raw/r20260427,T_ady_2d,1,396,396,1993-01-16,2025-12-16,fa2d4c0405,[20],[396],"[""[539, 725]""]","[""[20, 100, 100]""]",days since 1993-01-01 00:00:00,gregorian
pacific_islands/full_domain/hindcast/monthly/raw/r20260427,aragos,1,396,396,1993-01-16,2025-12-16,fa2d4c0405,[20],[396],"[""[539, 725]""]","[""[20, 100, 100]""]",days since 1993-01-01 00:00:00,gregorian
pacific_islands/full_domain/hindcast/monthly/raw/r20260427,baccos,1,396,396,1993-01-16,2025-12-16,fa2d4c0405,[20],[396],"[""[539, 725]""]","[""[20, 100, 100]""]",days since 1993-01-01 00:00:00,gregorian
pacific_islands/full_domain/hindcast/monthly/raw/r20260427,bfeos,1,396,396,1993-01-16,2025-12-16,fa2d4c0405,[20],[396],"[""[539, 725]""]","[""[20, 100, 100]""]",days since 1993-01-01 00:00:00,gregorian
pacific_islands/full_domain/hindcast/monthly/raw/r20260427,bsios,1,396,396,1993-01-16,2025-12-16,fa2d4c0405,[20],[396],"[""[539, 725]""]","[""[20, 100, 100]""]",days since 1993-01-01 00:00:00,gregorian
pacific_islands/full_domain/hindcast/monthly/raw/r20260427,btm_co3_ion,1,396,396,1993-01-16,2025-12-16,fa2d4c0405,[20],[396],"[""[539, 725]""]","[""[20, 100, 100]""]",days since 1993-01-01 00:00:00,gregorian
pacific_islands/full_domain/hindcast/monthly/raw/r20260427,btm_co3_sol_arag,1,396,396,1993-01-16,2025-12-16,fa2d4c0405,[20],[396],"[""[539, 725]""]","[""[20, 100, 100]""]",days since 1993-01-01 00:00:00,gregorian
pacific_islands/full_domain/hindcast/monthly/raw/r20260427,btm_co3_sol_calc,1,396,396,1993-01-16,2025-12-16,fa2d4c0405,[20],[396],"[""[539, 725]""]","[""[20, 100, 100]""]",days since 1993-01-01 00:00:00,gregorian
pacific_islands/full_domain/hindcast/monthly/raw/r20260427,btm_htotal,1,396,396,1993-01-16,2025-12-16,fa2d4c0405,[20],[396],"[""[539, 725]""]","[""[20, 100, 100]""]",days since 1993-01-01 00:00:00,gregorian
pacific_islands/full_domain/hindcast/monthly/raw/r20260427,btm_o2,1,396,396,1993-01-16,2025-12-16,fa2d4c0405,[20],[396],"[""[539, 725]""]","[""[20, 100, 100]""]",days since 1993-01-01 00:00:00,gregorian
pacific_islands/full_domain/hindcast/monthly/raw/r20260427,btm_temp,1,396,396,1993-01-16,2025-12-16,fa2d4c0405,[20],[396],"[""[539, 725]""]","[""[20, 100, 100]""]",days since 1993-01-01 00:00:00,gregorian
pacific_islands/full_domain/hindcast/monthly/raw/r20260427,calc,1,396,396,1993-01-16,2025-12-16,fa2d4c0405,[10],[396],"[""[52, 539, 725]""]","[""[10, 10, 50, 50]""]",days since 1993-01-01 00:00:00,gregorian
pacific_islands/full_domain/hindcast/monthly/raw/r20260427,calcos,1,396,396,1993-01-16,2025-12-16,fa2d4c0405,[20],[396],"[""[539, 725]""]","[""[20, 100, 100]""]",days since 1993-01-01 00:00:00,gregorian
pacific_islands/full_domain/hindcast/monthly/raw/r20260427,cased,1,396,396,1993-01-16,2025-12-16,fa2d4c0405,[20],[396],"[""[539, 725]""]","[""[20, 100, 100]""]",days since 1993-01-01 00:00:00,gregorian
pacific_islands/full_domain/hindcast/monthly/raw/r20260427,cased_redis_coef,1,396,396,1993-01-16,2025-12-16,fa2d4c0405,[20],[396],"[""[539, 725]""]","[""[20, 100, 100]""]",days since 1993-01-01 00:00:00,gregorian
pacific_islands/full_domain/hindcast/monthly/raw/r20260427,cased_redis_delz,1,396,396,1993-01-16,2025-12-16,fa2d4c0405,[20],[396],"[""[539, 725]""]","[""[20, 100, 100]""]",days since 1993-01-01 00:00:00,gregorian
pacific_islands/full_domain/hindcast/monthly/raw/r20260427,chl,1,396,396,1993-01-16,2025-12-16,fa2d4c0405,[10],[396],"[""[52, 539, 725]""]","[""[10, 10, 50, 50]""]",days since 1993-01-01 00:00:00,gregorian
pacific_islands/full_domain/hindcast/monthly/raw/r20260427,chl_Di,1,396,396,1993-01-16,2025-12-16,fa2d4c0405,[10],[396],"[""[52, 539, 725]""]","[""[10, 10, 50, 50]""]",days since 1993-01-01 00:00:00,gregorian
pacific_islands/full_domain/hindcast/monthly/raw/r20260427,chl_Lg,1,396,396,1993-01-16,2025-12-16,fa2d4c0405,[10],[396],"[""[52, 539, 725]""]","[""[10, 10, 50, 50]""]",days since 1993-01-01 00:00:00,gregorian
pacific_islands/full_domain/hindcast/monthly/raw/r20260427,chl_Md,1,396,396,1993-01-16,2025-12-16,fa2d4c0405,[10],[396],"[""[52, 539, 725]""]","[""[10, 10, 50, 50]""]",days since 1993-01-01 00:00:00,gregorian
pacific_islands/full_domain/hindcast/monthly/raw/r20260427,chl_Sm,1,396,396,1993-01-16,2025-12-16,fa2d4c0405,[10],[396],"[""[52, 539, 725]""]","[""[10, 10, 50, 50]""]",days since 1993-01-01 00:00:00,gregorian
pacific_islands/full_domain/hindcast/monthly/raw/r20260427,chldiatos,1,396,396,1993-01-16,2025-12-16,fa2d4c0405,[20],[396],"[""[539, 725]""]","[""[20, 100, 100]""]",days since 1993-01-01 00:00:00,gregorian
pacific_islands/full_domain/hindcast/monthly/raw/r20260427,chldiazos,1,396,396,1993-01-16,2025-12-16,fa2d4c0405,[20],[396],"[""[539, 725]""]","[""[20, 100, 100]""]",days since 1993-01-01 00:00:00,gregorian
pacific_islands/full_domain/hindcast/monthly/raw/r20260427,chlmiscos,1,396,396,1993-01-16,2025-12-16,fa2d4c0405,[20],[396],"[""[539, 725]""]","[""[20, 100, 100]""]",days since 1993-01-01 00:00:00,gregorian
pacific_islands/full_domain/hindcast/monthly/raw/r20260427,chlos,1,396,396,1993-01-16,2025-12-16,fa2d4c0405,[20],[396],"[""[539, 725]""]","[""[20, 100, 100]""]",days since 1993-01-01 00:00:00,gregorian
pacific_islands/full_domain/hindcast/monthly/raw/r20260427,chlpicoos,1,396,396,1993-01-16,2025-12-16,fa2d4c0405,[20],[396],"[""[539, 725]""]","[""[20, 100, 100]""]",days since 1993-01-01 00:00:00,gregorian
pacific_islands/full_domain/hindcast/monthly/raw/r20260427,co3,1,396,396,1993-01-16,2025-12-16,fa2d4c0405,[10],[396],"[""[52, 539, 725]""]","[""[10, 10, 50, 50]""]",days since 1993-01-01 00:00:00,gregorian
pacific_islands/full_domain/hindcast/monthly/raw/r20260427,co3os,1,396,396,1993-01-16,2025-12-16,fa2d4c0405,[20],[396],"[""[539, 725]""]","[""[20, 100, 100]""]",days since 1993-01-01 00:00:00,gregorian
pacific_islands/full_domain/hindcast/monthly/raw/r20260427,co3sataragos,1,396,396,1993-01-16,2025-12-16,fa2d4c0405,[20],[396],"[""[539, 725]""]","[""[20, 100, 100]""]",days since 1993-01-01 00:00:00,gregorian
pacific_islands/full_domain/hindcast/monthly/raw/r20260427,co3satcalcos,1,396,396,1993-01-16,2025-12-16,fa2d4c0405,[20],[396],"[""[539, 725]""]","[""[20, 100, 100]""]",days since 1993-01-01 00:00:00,gregorian
pacific_islands/full_domain/hindcast/monthly/raw/r20260427,dep_dry_fed,1,396,396,1993-01-16,2025-12-16,fa2d4c0405,[20],[396],"[""[539, 725]""]","[""[20, 100, 100]""]",days since 1993-01-01 00:00:00,gregorian
pacific_islands/full_domain/hindcast/monthly/raw/r20260427,dep_dry_lith,1,396,396,1993-01-16,2025-12-16,fa2d4c0405,[20],[396],"[""[539, 725]""]","[""[20, 100, 100]""]",days since 1993-01-01 00:00:00,gregorian
pacific_islands/full_domain/hindcast/monthly/raw/r20260427,dep_dry_nh4,1,396,396,1993-01-16,2025-12-16,fa2d4c0405,[20],[396],"[""[539, 725]""]","[""[20, 100, 100]""]",days since 1993-01-01 00:00:00,gregorian
pacific_islands/full_domain/hindcast/monthly/raw/r20260427,dep_dry_no3,1,396,396,1993-01-16,2025-12-16,fa2d4c0405,[20],[396],"[""[539, 725]""]","[""[20, 100, 100]""]",days since 1993-01-01 00:00:00,gregorian
pacific_islands/full_domain/hindcast/monthly/raw/r20260427,dep_dry_po4,1,396,396,1993-01-16,2025-12-16,fa2d4c0405,[20],[396],"[""[539, 725]""]","[""[20, 100, 100]""]",days since 1993-01-01 00:00:00,gregorian
pacific_islands/full_domain/hindcast/monthly/raw/r20260427,dep_wet_fed,1,396,396,1993-01-16,2025-12-16,fa2d4c0405,[20],[396],"[""[539, 725]""]","[""[20, 100, 100]""]",days since 1993-01-01 00:00:00,gregorian
pacific_islands/full_domain/hindcast/monthly/raw/r20260427,dep_wet_lith,1,396,396,1993-01-16,2025-12-16,fa2d4c0405,[20],[396],"[""[539, 725]""]","[""[20, 100, 100]""]",days since 1993-01-01 00:00:00,gregorian
pacific_islands/full_domain/hindcast/monthly/raw/r20260427,dep_wet_nh4,1,396,396,1993-01-16,2025-12-16,fa2d4c0405,[20],[396],"[""[539, 725]""]","[""[20, 100, 100]""]",days since 1993-01-01 00:00:00,gregorian
pacific_islands/full_domain/hindcast/monthly/raw/r20260427,dep_wet_no3,1,396,396,1993-01-16,2025-12-16,fa2d4c0405,[20],[396],"[""[539, 725]""]","[""[20, 100, 100]""]",days since 1993-01-01 00:00:00,gregorian
pacific_islands/full_domain/hindcast/monthly/raw/r20260427,detocos,1,396,396,1993-01-16,2025-12-16,fa2d4c0405,[20],[396],"[""[539, 725]""]","[""[20, 100, 100]""]",days since 1993-01-01 00:00:00,gregorian
pacific_islands/full_domain/hindcast/monthly/raw/r20260427,dfeos,1,396,396,1993-01-16,2025-12-16,fa2d4c0405,[20],[396],"[""[539, 725]""]","[""[20, 100, 100]""]",days since 1993-01-01 00:00:00,gregorian
pacific_islands/full_domain/hindcast/monthly/raw/r20260427,dic_csurf,1,396,396,1993-01-16,2025-12-16,fa2d4c0405,[20],[396],"[""[539, 725]""]","[""[20, 100, 100]""]",days since 1993-01-01 00:00:00,gregorian
pacific_islands/full_domain/hindcast/monthly/raw/r20260427,dic_deltap,1,396,396,1993-01-16,2025-12-16,fa2d4c0405,[20],[396],"[""[539, 725]""]","[""[20, 100, 100]""]",days since 1993-01-01 00:00:00,gregorian
pacific_islands/full_domain/hindcast/monthly/raw/r20260427,dic_kw,1,396,396,1993-01-16,2025-12-16,fa2d4c0405,[20],[396],"[""[539, 725]""]","[""[20, 100, 100]""]",days since 1993-01-01 00:00:00,gregorian
pacific_islands/full_domain/hindcast/monthly/raw/r20260427,dic_sc_no,1,396,396,1993-01-16,2025-12-16,fa2d4c0405,[20],[396],"[""[539, 725]""]","[""[20, 100, 100]""]",days since 1993-01-01 00:00:00,gregorian
pacific_islands/full_domain/hindcast/monthly/raw/r20260427,dic_stf_gas,1,396,396,1993-01-16,2025-12-16,fa2d4c0405,[20],[396],"[""[539, 725]""]","[""[20, 100, 100]""]",days since 1993-01-01 00:00:00,gregorian
pacific_islands/full_domain/hindcast/monthly/raw/r20260427,dissic,1,396,396,1993-01-16,2025-12-16,fa2d4c0405,[10],[396],"[""[52, 539, 725]""]","[""[10, 10, 50, 50]""]",days since 1993-01-01 00:00:00,gregorian
pacific_islands/full_domain/hindcast/monthly/raw/r20260427,dissicos,1,396,396,1993-01-16,2025-12-16,fa2d4c0405,[20],[396],"[""[539, 725]""]","[""[20, 100, 100]""]",days since 1993-01-01 00:00:00,gregorian
pacific_islands/full_domain/hindcast/monthly/raw/r20260427,dissoc,1,396,396,1993-01-16,2025-12-16,fa2d4c0405,[10],[396],"[""[52, 539, 725]""]","[""[10, 10, 50, 50]""]",days since 1993-01-01 00:00:00,gregorian
pacific_islands/full_domain/hindcast/monthly/raw/r20260427,dissocos,1,396,396,1993-01-16,2025-12-16,fa2d4c0405,[20],[396],"[""[539, 725]""]","[""[20, 100, 100]""]",days since 1993-01-01 00:00:00,gregorian
pacific_islands/full_domain/hindcast/monthly/raw/r20260427,don_100,1,396,396,1993-01-16,2025-12-16,fa2d4c0405,[20],[396],"[""[539, 725]""]","[""[20, 100, 100]""]",days since 1993-01-01 00:00:00,gregorian
pacific_islands/full_domain/hindcast/monthly/raw/r20260427,dpco2,1,396,396,1993-01-16,2025-12-16,fa2d4c0405,[20],[396],"[""[539, 725]""]","[""[20, 100, 100]""]",days since 1993-01-01 00:00:00,gregorian
pacific_islands/full_domain/hindcast/monthly/raw/r20260427,dpo2,1,396,396,1993-01-16,2025-12-16,fa2d4c0405,[20],[396],"[""[539, 725]""]","[""[20, 100, 100]""]",days since 1993-01-01 00:00:00,gregorian
pacific_islands/full_domain/hindcast/monthly/raw/r20260427,eparag200,1,396,396,1993-01-16,2025-12-16,fa2d4c0405,[20],[396],"[""[539, 725]""]","[""[20, 100, 100]""]",days since 1993-01-01 00:00:00,gregorian
pacific_islands/full_domain/hindcast/monthly/raw/r20260427,epc200,1,396,396,1993-01-16,2025-12-16,fa2d4c0405,[20],[396],"[""[539, 725]""]","[""[20, 100, 100]""]",days since 1993-01-01 00:00:00,gregorian
pacific_islands/full_domain/hindcast/monthly/raw/r20260427,epcalc200,1,396,396,1993-01-16,2025-12-16,fa2d4c0405,[20],[396],"[""[539, 725]""]","[""[20, 100, 100]""]",days since 1993-01-01 00:00:00,gregorian
pacific_islands/full_domain/hindcast/monthly/raw/r20260427,epfe200,1,396,396,1993-01-16,2025-12-16,fa2d4c0405,[20],[396],"[""[539, 725]""]","[""[20, 100, 100]""]",days since 1993-01-01 00:00:00,gregorian
pacific_islands/full_domain/hindcast/monthly/raw/r20260427,epn200,1,396,396,1993-01-16,2025-12-16,fa2d4c0405,[20],[396],"[""[539, 725]""]","[""[20, 100, 100]""]",days since 1993-01-01 00:00:00,gregorian
pacific_islands/full_domain/hindcast/monthly/raw/r20260427,epp200,1,396,396,1993-01-16,2025-12-16,fa2d4c0405,[20],[396],"[""[539, 725]""]","[""[20, 100, 100]""]",days since 1993-01-01 00:00:00,gregorian
pacific_islands/full_domain/hindcast/monthly/raw/r20260427,epsi200,1,396,396,1993-01-16,2025-12-16,fa2d4c0405,[20],[396],"[""[539, 725]""]","[""[20, 100, 100]""]",days since 1993-01-01 00:00:00,gregorian
pacific_islands/full_domain/hindcast/monthly/raw/r20260427,evs,1,396,396,1993-01-16,2025-12-16,fa2d4c0405,[20],[396],"[""[539, 725]""]","[""[20, 100, 100]""]",days since 1993-01-01 00:00:00,gregorian
pacific_islands/full_domain/hindcast/monthly/raw/r20260427,fcadet_arag_btm,1,396,396,1993-01-16,2025-12-16,fa2d4c0405,[20],[396],"[""[539, 725]""]","[""[20, 100, 100]""]",days since 1993-01-01 00:00:00,gregorian
pacific_islands/full_domain/hindcast/monthly/raw/r20260427,fcadet_calc_btm,1,396,396,1993-01-16,2025-12-16,fa2d4c0405,[20],[396],"[""[539, 725]""]","[""[20, 100, 100]""]",days since 1993-01-01 00:00:00,gregorian
pacific_islands/full_domain/hindcast/monthly/raw/r20260427,fcased_burial,1,396,396,1993-01-16,2025-12-16,fa2d4c0405,[20],[396],"[""[539, 725]""]","[""[20, 100, 100]""]",days since 1993-01-01 00:00:00,gregorian
pacific_islands/full_domain/hindcast/monthly/raw/r20260427,fcased_redis,1,396,396,1993-01-16,2025-12-16,fa2d4c0405,[20],[396],"[""[539, 725]""]","[""[20, 100, 100]""]",days since 1993-01-01 00:00:00,gregorian
pacific_islands/full_domain/hindcast/monthly/raw/r20260427,fcased_redis_surfresp,1,396,396,1993-01-16,2025-12-16,fa2d4c0405,[20],[396],"[""[539, 725]""]","[""[20, 100, 100]""]",days since 1993-01-01 00:00:00,gregorian
pacific_islands/full_domain/hindcast/monthly/raw/r20260427,fed,1,396,396,1993-01-16,2025-12-16,fa2d4c0405,[10],[396],"[""[52, 539, 725]""]","[""[10, 10, 50, 50]""]",days since 1993-01-01 00:00:00,gregorian
pacific_islands/full_domain/hindcast/monthly/raw/r20260427,fedet,1,396,396,1993-01-16,2025-12-16,fa2d4c0405,[10],[396],"[""[52, 539, 725]""]","[""[10, 10, 50, 50]""]",days since 1993-01-01 00:00:00,gregorian
pacific_islands/full_domain/hindcast/monthly/raw/r20260427,feprime,1,396,396,1993-01-16,2025-12-16,fa2d4c0405,[10],[396],"[""[52, 539, 725]""]","[""[10, 10, 50, 50]""]",days since 1993-01-01 00:00:00,gregorian
pacific_islands/full_domain/hindcast/monthly/raw/r20260427,ffe_sed,1,396,396,1993-01-16,2025-12-16,fa2d4c0405,[20],[396],"[""[539, 725]""]","[""[20, 100, 100]""]",days since 1993-01-01 00:00:00,gregorian
pacific_islands/full_domain/hindcast/monthly/raw/r20260427,ffedet_btm,1,396,396,1993-01-16,2025-12-16,fa2d4c0405,[20],[0],"[""[539, 725]""]","[""[20, 100, 100]""]",days since 1993-01-01 00:00:00,gregorian
pacific_islands/full_domain/hindcast/monthly/raw/r20260427,ffedi_btm,1,396,396,1993-01-16,2025-12-16,fa2d4c0405,[20],[396],"[""[539, 725]""]","[""[20, 100, 100]""]",days since 1993-01-01 00:00:00,gregorian
pacific_islands/full_domain/hindcast/monthly/raw/r20260427,ffelg_btm,1,396,396,1993-01-16,2025-12-16,fa2d4c0405,[20],[396],"[""[539, 725]""]","[""[20, 100, 100]""]",days since 1993-01-01 00:00:00,gregorian
pacific_islands/full_domain/hindcast/monthly/raw/r20260427,ffemd_btm,1,396,396,1993-01-16,2025-12-16,fa2d4c0405,[20],[396],"[""[539, 725]""]","[""[20, 100, 100]""]",days since 1993-01-01 00:00:00,gregorian
pacific_islands/full_domain/hindcast/monthly/raw/r20260427,ffetot_btm,1,396,396,1993-01-16,2025-12-16,fa2d4c0405,[20],[396],"[""[539, 725]""]","[""[20, 100, 100]""]",days since 1993-01-01 00:00:00,gregorian
pacific_islands/full_domain/hindcast/monthly/raw/r20260427,fgco2,1,396,396,1993-01-16,2025-12-16,fa2d4c0405,[20],[396],"[""[539, 725]""]","[""[20, 100, 100]""]",days since 1993-01-01 00:00:00,gregorian
pacific_islands/full_domain/hindcast/monthly/raw/r20260427,fgo2,1,396,396,1993-01-16,2025-12-16,fa2d4c0405,[20],[396],"[""[539, 725]""]","[""[20, 100, 100]""]",days since 1993-01-01 00:00:00,gregorian
pacific_islands/full_domain/hindcast/monthly/raw/r20260427,ficeberg,1,396,396,1993-01-16,2025-12-16,fa2d4c0405,[20],[396],"[""[539, 725]""]","[""[20, 100, 100]""]",days since 1993-01-01 00:00:00,gregorian
pacific_islands/full_domain/hindcast/monthly/raw/r20260427,flithdet_btm,1,396,396,1993-01-16,2025-12-16,fa2d4c0405,[20],[396],"[""[539, 725]""]","[""[20, 100, 100]""]",days since 1993-01-01 00:00:00,gregorian
pacific_islands/full_domain/hindcast/monthly/raw/r20260427,fndet_btm,1,396,396,1993-01-16,2025-12-16,fa2d4c0405,[20],[396],"[""[539, 725]""]","[""[20, 100, 100]""]",days since 1993-01-01 00:00:00,gregorian
pacific_islands/full_domain/hindcast/monthly/raw/r20260427,fndi_btm,1,396,396,1993-01-16,2025-12-16,fa2d4c0405,[20],[396],"[""[539, 725]""]","[""[20, 100, 100]""]",days since 1993-01-01 00:00:00,gregorian
pacific_islands/full_domain/hindcast/monthly/raw/r20260427,fnlg_btm,1,396,396,1993-01-16,2025-12-16,fa2d4c0405,[20],[396],"[""[539, 725]""]","[""[20, 100, 100]""]",days since 1993-01-01 00:00:00,gregorian
pacific_islands/full_domain/hindcast/monthly/raw/r20260427,fnmd_btm,1,396,396,1993-01-16,2025-12-16,fa2d4c0405,[20],[396],"[""[539, 725]""]","[""[20, 100, 100]""]",days since 1993-01-01 00:00:00,gregorian
pacific_islands/full_domain/hindcast/monthly/raw/r20260427,fno3denit_sed,1,396,396,1993-01-16,2025-12-16,fa2d4c0405,[20],[396],"[""[539, 725]""]","[""[20, 100, 100]""]",days since 1993-01-01 00:00:00,gregorian
pacific_islands/full_domain/hindcast/monthly/raw/r20260427,fnoxic_sed,1,396,396,1993-01-16,2025-12-16,fa2d4c0405,[20],[396],"[""[539, 725]""]","[""[20, 100, 100]""]",days since 1993-01-01 00:00:00,gregorian
pacific_islands/full_domain/hindcast/monthly/raw/r20260427,fntot_btm,1,396,396,1993-01-16,2025-12-16,fa2d4c0405,[20],[396],"[""[539, 725]""]","[""[20, 100, 100]""]",days since 1993-01-01 00:00:00,gregorian
pacific_islands/full_domain/hindcast/monthly/raw/r20260427,fpdet_btm,1,396,396,1993-01-16,2025-12-16,fa2d4c0405,[20],[396],"[""[539, 725]""]","[""[20, 100, 100]""]",days since 1993-01-01 00:00:00,gregorian
pacific_islands/full_domain/hindcast/monthly/raw/r20260427,fpdi_btm,1,396,396,1993-01-16,2025-12-16,fa2d4c0405,[20],[396],"[""[539, 725]""]","[""[20, 100, 100]""]",days since 1993-01-01 00:00:00,gregorian
pacific_islands/full_domain/hindcast/monthly/raw/r20260427,fplg_btm,1,396,396,1993-01-16,2025-12-16,fa2d4c0405,[20],[396],"[""[539, 725]""]","[""[20, 100, 100]""]",days since 1993-01-01 00:00:00,gregorian
pacific_islands/full_domain/hindcast/monthly/raw/r20260427,fpmd_btm,1,396,396,1993-01-16,2025-12-16,fa2d4c0405,[20],[396],"[""[539, 725]""]","[""[20, 100, 100]""]",days since 1993-01-01 00:00:00,gregorian
pacific_islands/full_domain/hindcast/monthly/raw/r20260427,fptot_btm,1,396,396,1993-01-16,2025-12-16,fa2d4c0405,[20],[396],"[""[539, 725]""]","[""[20, 100, 100]""]",days since 1993-01-01 00:00:00,gregorian
pacific_islands/full_domain/hindcast/monthly/raw/r20260427,frfe,1,396,396,1993-01-16,2025-12-16,fa2d4c0405,[20],[396],"[""[539, 725]""]","[""[20, 100, 100]""]",days since 1993-01-01 00:00:00,gregorian
pacific_islands/full_domain/hindcast/monthly/raw/r20260427,fric,1,396,396,1993-01-16,2025-12-16,fa2d4c0405,[20],[396],"[""[539, 725]""]","[""[20, 100, 100]""]",days since 1993-01-01 00:00:00,gregorian
pacific_islands/full_domain/hindcast/monthly/raw/r20260427,friver,1,396,396,1993-01-16,2025-12-16,fa2d4c0405,[20],[396],"[""[539, 725]""]","[""[20, 100, 100]""]",days since 1993-01-01 00:00:00,gregorian
pacific_islands/full_domain/hindcast/monthly/raw/r20260427,frn,1,396,396,1993-01-16,2025-12-16,fa2d4c0405,[20],[396],"[""[539, 725]""]","[""[20, 100, 100]""]",days since 1993-01-01 00:00:00,gregorian
pacific_islands/full_domain/hindcast/monthly/raw/r20260427,froc,1,396,396,1993-01-16,2025-12-16,fa2d4c0405,[20],[396],"[""[539, 725]""]","[""[20, 100, 100]""]",days since 1993-01-01 00:00:00,gregorian
pacific_islands/full_domain/hindcast/monthly/raw/r20260427,fsfe,1,396,396,1993-01-16,2025-12-16,fa2d4c0405,[20],[396],"[""[539, 725]""]","[""[20, 100, 100]""]",days since 1993-01-01 00:00:00,gregorian
pacific_islands/full_domain/hindcast/monthly/raw/r20260427,fsidet_btm,1,396,396,1993-01-16,2025-12-16,fa2d4c0405,[20],[396],"[""[539, 725]""]","[""[20, 100, 100]""]",days since 1993-01-01 00:00:00,gregorian
pacific_islands/full_domain/hindcast/monthly/raw/r20260427,fsilg_btm,1,396,396,1993-01-16,2025-12-16,fa2d4c0405,[20],[396],"[""[539, 725]""]","[""[20, 100, 100]""]",days since 1993-01-01 00:00:00,gregorian
pacific_islands/full_domain/hindcast/monthly/raw/r20260427,fsimd_btm,1,396,396,1993-01-16,2025-12-16,fa2d4c0405,[20],[396],"[""[539, 725]""]","[""[20, 100, 100]""]",days since 1993-01-01 00:00:00,gregorian
pacific_islands/full_domain/hindcast/monthly/raw/r20260427,fsitherm,1,396,396,1993-01-16,2025-12-16,fa2d4c0405,[20],[396],"[""[539, 725]""]","[""[20, 100, 100]""]",days since 1993-01-01 00:00:00,gregorian
pacific_islands/full_domain/hindcast/monthly/raw/r20260427,fsn,1,396,396,1993-01-16,2025-12-16,fa2d4c0405,[20],[396],"[""[539, 725]""]","[""[20, 100, 100]""]",days since 1993-01-01 00:00:00,gregorian
pacific_islands/full_domain/hindcast/monthly/raw/r20260427,heat_content_cond,1,396,396,1993-01-16,2025-12-16,fa2d4c0405,[20],[396],"[""[539, 725]""]","[""[20, 100, 100]""]",days since 1993-01-01 00:00:00,gregorian
pacific_islands/full_domain/hindcast/monthly/raw/r20260427,heat_content_fprec,1,396,396,1993-01-16,2025-12-16,fa2d4c0405,[20],[396],"[""[539, 725]""]","[""[20, 100, 100]""]",days since 1993-01-01 00:00:00,gregorian
pacific_islands/full_domain/hindcast/monthly/raw/r20260427,heat_content_massin,1,396,396,1993-01-16,2025-12-16,fa2d4c0405,[20],[396],"[""[539, 725]""]","[""[20, 100, 100]""]",days since 1993-01-01 00:00:00,gregorian
pacific_islands/full_domain/hindcast/monthly/raw/r20260427,heat_content_massout,1,396,396,1993-01-16,2025-12-16,fa2d4c0405,[20],[396],"[""[539, 725]""]","[""[20, 100, 100]""]",days since 1993-01-01 00:00:00,gregorian
pacific_islands/full_domain/hindcast/monthly/raw/r20260427,heat_content_surfwater,1,396,396,1993-01-16,2025-12-16,fa2d4c0405,[20],[396],"[""[539, 725]""]","[""[20, 100, 100]""]",days since 1993-01-01 00:00:00,gregorian
pacific_islands/full_domain/hindcast/monthly/raw/r20260427,hfds,1,396,396,1993-01-16,2025-12-16,fa2d4c0405,[20],[396],"[""[539, 725]""]","[""[20, 100, 100]""]",days since 1993-01-01 00:00:00,gregorian
pacific_islands/full_domain/hindcast/monthly/raw/r20260427,hfevapds,1,396,396,1993-01-16,2025-12-16,fa2d4c0405,[20],[396],"[""[539, 725]""]","[""[20, 100, 100]""]",days since 1993-01-01 00:00:00,gregorian
pacific_islands/full_domain/hindcast/monthly/raw/r20260427,hfibthermds,1,396,396,1993-01-16,2025-12-16,fa2d4c0405,[20],[396],"[""[539, 725]""]","[""[20, 100, 100]""]",days since 1993-01-01 00:00:00,gregorian
pacific_islands/full_domain/hindcast/monthly/raw/r20260427,hflso,1,396,396,1993-01-16,2025-12-16,fa2d4c0405,[20],[396],"[""[539, 725]""]","[""[20, 100, 100]""]",days since 1993-01-01 00:00:00,gregorian
pacific_islands/full_domain/hindcast/monthly/raw/r20260427,hfrainds,1,396,396,1993-01-16,2025-12-16,fa2d4c0405,[20],[396],"[""[539, 725]""]","[""[20, 100, 100]""]",days since 1993-01-01 00:00:00,gregorian
pacific_islands/full_domain/hindcast/monthly/raw/r20260427,hfrunoffds,1,396,396,1993-01-16,2025-12-16,fa2d4c0405,[20],[396],"[""[539, 725]""]","[""[20, 100, 100]""]",days since 1993-01-01 00:00:00,gregorian
pacific_islands/full_domain/hindcast/monthly/raw/r20260427,hfsifrazil,1,396,396,1993-01-16,2025-12-16,fa2d4c0405,[20],[396],"[""[539, 725]""]","[""[20, 100, 100]""]",days since 1993-01-01 00:00:00,gregorian
pacific_islands/full_domain/hindcast/monthly/raw/r20260427,hfsnthermds,1,396,396,1993-01-16,2025-12-16,fa2d4c0405,[20],[396],"[""[539, 725]""]","[""[20, 100, 100]""]",days since 1993-01-01 00:00:00,gregorian
pacific_islands/full_domain/hindcast/monthly/raw/r20260427,hfsso,1,396,396,1993-01-16,2025-12-16,fa2d4c0405,[20],[396],"[""[539, 725]""]","[""[20, 100, 100]""]",days since 1993-01-01 00:00:00,gregorian
pacific_islands/full_domain/hindcast/monthly/raw/r20260427,htotal,1,396,396,1993-01-16,2025-12-16,fa2d4c0405,[10],[396],"[""[52, 539, 725]""]","[""[10, 10, 50, 50]""]",days since 1993-01-01 00:00:00,gregorian
pacific_islands/full_domain/hindcast/monthly/raw/r20260427,icfriver,1,396,396,1993-01-16,2025-12-16,fa2d4c0405,[20],[396],"[""[539, 725]""]","[""[20, 100, 100]""]",days since 1993-01-01 00:00:00,gregorian
pacific_islands/full_domain/hindcast/monthly/raw/r20260427,intdic,1,396,396,1993-01-16,2025-12-16,fa2d4c0405,[20],[396],"[""[539, 725]""]","[""[20, 100, 100]""]",days since 1993-01-01 00:00:00,gregorian
pacific_islands/full_domain/hindcast/monthly/raw/r20260427,intdoc,1,396,396,1993-01-16,2025-12-16,fa2d4c0405,[20],[396],"[""[539, 725]""]","[""[20, 100, 100]""]",days since 1993-01-01 00:00:00,gregorian
pacific_islands/full_domain/hindcast/monthly/raw/r20260427,intparag,1,396,396,1993-01-16,2025-12-16,fa2d4c0405,[20],[396],"[""[539, 725]""]","[""[20, 100, 100]""]",days since 1993-01-01 00:00:00,gregorian
pacific_islands/full_domain/hindcast/monthly/raw/r20260427,intpbfe,1,396,396,1993-01-16,2025-12-16,fa2d4c0405,[20],[396],"[""[539, 725]""]","[""[20, 100, 100]""]",days since 1993-01-01 00:00:00,gregorian
pacific_islands/full_domain/hindcast/monthly/raw/r20260427,intpbn,1,396,396,1993-01-16,2025-12-16,fa2d4c0405,[20],[396],"[""[539, 725]""]","[""[20, 100, 100]""]",days since 1993-01-01 00:00:00,gregorian
pacific_islands/full_domain/hindcast/monthly/raw/r20260427,intpbp,1,396,396,1993-01-16,2025-12-16,fa2d4c0405,[20],[396],"[""[539, 725]""]","[""[20, 100, 100]""]",days since 1993-01-01 00:00:00,gregorian
pacific_islands/full_domain/hindcast/monthly/raw/r20260427,intpbsi,1,396,396,1993-01-16,2025-12-16,fa2d4c0405,[20],[396],"[""[539, 725]""]","[""[20, 100, 100]""]",days since 1993-01-01 00:00:00,gregorian
pacific_islands/full_domain/hindcast/monthly/raw/r20260427,intpcalcite,1,396,396,1993-01-16,2025-12-16,fa2d4c0405,[20],[396],"[""[539, 725]""]","[""[20, 100, 100]""]",days since 1993-01-01 00:00:00,gregorian
pacific_islands/full_domain/hindcast/monthly/raw/r20260427,intpn2,1,396,396,1993-01-16,2025-12-16,fa2d4c0405,[20],[396],"[""[539, 725]""]","[""[20, 100, 100]""]",days since 1993-01-01 00:00:00,gregorian
pacific_islands/full_domain/hindcast/monthly/raw/r20260427,intpoc,1,396,396,1993-01-16,2025-12-16,fa2d4c0405,[20],[396],"[""[539, 725]""]","[""[20, 100, 100]""]",days since 1993-01-01 00:00:00,gregorian
pacific_islands/full_domain/hindcast/monthly/raw/r20260427,intpp,1,396,396,1993-01-16,2025-12-16,fa2d4c0405,[20],[396],"[""[539, 725]""]","[""[20, 100, 100]""]",days since 1993-01-01 00:00:00,gregorian
pacific_islands/full_domain/hindcast/monthly/raw/r20260427,intppdiat,1,396,396,1993-01-16,2025-12-16,fa2d4c0405,[20],[396],"[""[539, 725]""]","[""[20, 100, 100]""]",days since 1993-01-01 00:00:00,gregorian
pacific_islands/full_domain/hindcast/monthly/raw/r20260427,intppdiaz,1,396,396,1993-01-16,2025-12-16,fa2d4c0405,[20],[396],"[""[539, 725]""]","[""[20, 100, 100]""]",days since 1993-01-01 00:00:00,gregorian
pacific_islands/full_domain/hindcast/monthly/raw/r20260427,intppmisc,1,396,396,1993-01-16,2025-12-16,fa2d4c0405,[20],[396],"[""[539, 725]""]","[""[20, 100, 100]""]",days since 1993-01-01 00:00:00,gregorian
pacific_islands/full_domain/hindcast/monthly/raw/r20260427,intppnitrate,1,396,396,1993-01-16,2025-12-16,fa2d4c0405,[20],[396],"[""[539, 725]""]","[""[20, 100, 100]""]",days since 1993-01-01 00:00:00,gregorian
pacific_islands/full_domain/hindcast/monthly/raw/r20260427,intpppico,1,396,396,1993-01-16,2025-12-16,fa2d4c0405,[20],[396],"[""[539, 725]""]","[""[20, 100, 100]""]",days since 1993-01-01 00:00:00,gregorian
pacific_islands/full_domain/hindcast/monthly/raw/r20260427,irr_inst,1,396,396,1993-01-16,2025-12-16,fa2d4c0405,[10],[396],"[""[52, 539, 725]""]","[""[10, 10, 50, 50]""]",days since 1993-01-01 00:00:00,gregorian
pacific_islands/full_domain/hindcast/monthly/raw/r20260427,irr_mix,1,396,396,1993-01-16,2025-12-16,fa2d4c0405,[10],[396],"[""[52, 539, 725]""]","[""[10, 10, 50, 50]""]",days since 1993-01-01 00:00:00,gregorian
pacific_islands/full_domain/hindcast/monthly/raw/r20260427,irrlim_Di,1,396,396,1993-01-16,2025-12-16,fa2d4c0405,[10],[396],"[""[52, 539, 725]""]","[""[10, 10, 50, 50]""]",days since 1993-01-01 00:00:00,gregorian
pacific_islands/full_domain/hindcast/monthly/raw/r20260427,irrlim_Lg,1,396,396,1993-01-16,2025-12-16,fa2d4c0405,[10],[396],"[""[52, 539, 725]""]","[""[10, 10, 50, 50]""]",days since 1993-01-01 00:00:00,gregorian
pacific_islands/full_domain/hindcast/monthly/raw/r20260427,irrlim_Md,1,396,396,1993-01-16,2025-12-16,fa2d4c0405,[10],[396],"[""[52, 539, 725]""]","[""[10, 10, 50, 50]""]",days since 1993-01-01 00:00:00,gregorian
pacific_islands/full_domain/hindcast/monthly/raw/r20260427,irrlim_Sm,1,396,396,1993-01-16,2025-12-16,fa2d4c0405,[10],[396],"[""[52, 539, 725]""]","[""[10, 10, 50, 50]""]",days since 1993-01-01 00:00:00,gregorian
pacific_islands/full_domain/hindcast/monthly/raw/r20260427,jaggloss_nlgp_100,1,396,396,1993-01-16,2025-12-16,fa2d4c0405,[20],[396],"[""[539, 725]""]","[""[20, 100, 100]""]",days since 1993-01-01 00:00:00,gregorian
pacific_islands/full_domain/hindcast/monthly/raw/r20260427,jaggloss_nmdp_100,1,396,396,1993-01-16,2025-12-16,fa2d4c0405,[20],[396],"[""[539, 725]""]","[""[20, 100, 100]""]",days since 1993-01-01 00:00:00,gregorian
pacific_islands/full_domain/hindcast/monthly/raw/r20260427,jaggloss_nsmp_100,1,396,396,1993-01-16,2025-12-16,fa2d4c0405,[20],[396],"[""[539, 725]""]","[""[20, 100, 100]""]",days since 1993-01-01 00:00:00,gregorian
pacific_islands/full_domain/hindcast/monthly/raw/r20260427,jexuloss_ndi_100,1,396,396,1993-01-16,2025-12-16,fa2d4c0405,[20],[396],"[""[539, 725]""]","[""[20, 100, 100]""]",days since 1993-01-01 00:00:00,gregorian
pacific_islands/full_domain/hindcast/monthly/raw/r20260427,jexuloss_nlgp_100,1,396,396,1993-01-16,2025-12-16,fa2d4c0405,[20],[396],"[""[539, 725]""]","[""[20, 100, 100]""]",days since 1993-01-01 00:00:00,gregorian
pacific_islands/full_domain/hindcast/monthly/raw/r20260427,jexuloss_nmdp_100,1,396,396,1993-01-16,2025-12-16,fa2d4c0405,[20],[396],"[""[539, 725]""]","[""[20, 100, 100]""]",days since 1993-01-01 00:00:00,gregorian
pacific_islands/full_domain/hindcast/monthly/raw/r20260427,jexuloss_nsmp_100,1,396,396,1993-01-16,2025-12-16,fa2d4c0405,[20],[396],"[""[539, 725]""]","[""[20, 100, 100]""]",days since 1993-01-01 00:00:00,gregorian
pacific_islands/full_domain/hindcast/monthly/raw/r20260427,jhploss_nlgz_100,1,396,396,1993-01-16,2025-12-16,fa2d4c0405,[20],[396],"[""[539, 725]""]","[""[20, 100, 100]""]",days since 1993-01-01 00:00:00,gregorian
pacific_islands/full_domain/hindcast/monthly/raw/r20260427,jhploss_nmdz_100,1,396,396,1993-01-16,2025-12-16,fa2d4c0405,[20],[396],"[""[539, 725]""]","[""[20, 100, 100]""]",days since 1993-01-01 00:00:00,gregorian
pacific_islands/full_domain/hindcast/monthly/raw/r20260427,jingest_n_hp_100,1,396,396,1993-01-16,2025-12-16,fa2d4c0405,[20],[396],"[""[539, 725]""]","[""[20, 100, 100]""]",days since 1993-01-01 00:00:00,gregorian
pacific_islands/full_domain/hindcast/monthly/raw/r20260427,jingest_n_nlgz_100,1,396,396,1993-01-16,2025-12-16,fa2d4c0405,[20],[396],"[""[539, 725]""]","[""[20, 100, 100]""]",days since 1993-01-01 00:00:00,gregorian
pacific_islands/full_domain/hindcast/monthly/raw/r20260427,jingest_n_nmdz_100,1,396,396,1993-01-16,2025-12-16,fa2d4c0405,[20],[396],"[""[539, 725]""]","[""[20, 100, 100]""]",days since 1993-01-01 00:00:00,gregorian
pacific_islands/full_domain/hindcast/monthly/raw/r20260427,jingest_n_nsmz_100,1,396,396,1993-01-16,2025-12-16,fa2d4c0405,[20],[396],"[""[539, 725]""]","[""[20, 100, 100]""]",days since 1993-01-01 00:00:00,gregorian
pacific_islands/full_domain/hindcast/monthly/raw/r20260427,jmortloss_ndi_100,1,396,396,1993-01-16,2025-12-16,fa2d4c0405,[20],[396],"[""[539, 725]""]","[""[20, 100, 100]""]",days since 1993-01-01 00:00:00,gregorian
pacific_islands/full_domain/hindcast/monthly/raw/r20260427,jmortloss_nlgp_100,1,396,396,1993-01-16,2025-12-16,fa2d4c0405,[20],[396],"[""[539, 725]""]","[""[20, 100, 100]""]",days since 1993-01-01 00:00:00,gregorian
pacific_islands/full_domain/hindcast/monthly/raw/r20260427,jmortloss_nmdp_100,1,396,396,1993-01-16,2025-12-16,fa2d4c0405,[20],[396],"[""[539, 725]""]","[""[20, 100, 100]""]",days since 1993-01-01 00:00:00,gregorian
pacific_islands/full_domain/hindcast/monthly/raw/r20260427,jmortloss_nsmp_100,1,396,396,1993-01-16,2025-12-16,fa2d4c0405,[20],[396],"[""[539, 725]""]","[""[20, 100, 100]""]",days since 1993-01-01 00:00:00,gregorian
pacific_islands/full_domain/hindcast/monthly/raw/r20260427,jprod_cadet_arag_100,1,396,396,1993-01-16,2025-12-16,fa2d4c0405,[20],[396],"[""[539, 725]""]","[""[20, 100, 100]""]",days since 1993-01-01 00:00:00,gregorian
pacific_islands/full_domain/hindcast/monthly/raw/r20260427,jprod_cadet_calc_100,1,396,396,1993-01-16,2025-12-16,fa2d4c0405,[20],[396],"[""[539, 725]""]","[""[20, 100, 100]""]",days since 1993-01-01 00:00:00,gregorian
pacific_islands/full_domain/hindcast/monthly/raw/r20260427,jprod_don_nmdz_100,1,396,396,1993-01-16,2025-12-16,fa2d4c0405,[20],[396],"[""[539, 725]""]","[""[20, 100, 100]""]",days since 1993-01-01 00:00:00,gregorian
pacific_islands/full_domain/hindcast/monthly/raw/r20260427,jprod_don_nsmz_100,1,396,396,1993-01-16,2025-12-16,fa2d4c0405,[20],[396],"[""[539, 725]""]","[""[20, 100, 100]""]",days since 1993-01-01 00:00:00,gregorian
pacific_islands/full_domain/hindcast/monthly/raw/r20260427,jprod_lithdet_100,1,396,396,1993-01-16,2025-12-16,fa2d4c0405,[20],[396],"[""[539, 725]""]","[""[20, 100, 100]""]",days since 1993-01-01 00:00:00,gregorian
pacific_islands/full_domain/hindcast/monthly/raw/r20260427,jprod_mesozoo_200,1,396,396,1993-01-16,2025-12-16,fa2d4c0405,[20],[396],"[""[539, 725]""]","[""[20, 100, 100]""]",days since 1993-01-01 00:00:00,gregorian
pacific_islands/full_domain/hindcast/monthly/raw/r20260427,jprod_nbact_100,1,396,396,1993-01-16,2025-12-16,fa2d4c0405,[20],[396],"[""[539, 725]""]","[""[20, 100, 100]""]",days since 1993-01-01 00:00:00,gregorian
pacific_islands/full_domain/hindcast/monthly/raw/r20260427,jprod_ndet_hp_100,1,396,396,1993-01-16,2025-12-16,fa2d4c0405,[20],[396],"[""[539, 725]""]","[""[20, 100, 100]""]",days since 1993-01-01 00:00:00,gregorian
pacific_islands/full_domain/hindcast/monthly/raw/r20260427,jprod_ndet_nlgz_100,1,396,396,1993-01-16,2025-12-16,fa2d4c0405,[20],[396],"[""[539, 725]""]","[""[20, 100, 100]""]",days since 1993-01-01 00:00:00,gregorian
pacific_islands/full_domain/hindcast/monthly/raw/r20260427,jprod_ndet_nmdz_100,1,396,396,1993-01-16,2025-12-16,fa2d4c0405,[20],[396],"[""[539, 725]""]","[""[20, 100, 100]""]",days since 1993-01-01 00:00:00,gregorian
pacific_islands/full_domain/hindcast/monthly/raw/r20260427,jprod_ndi_100,1,396,396,1993-01-16,2025-12-16,fa2d4c0405,[20],[396],"[""[539, 725]""]","[""[20, 100, 100]""]",days since 1993-01-01 00:00:00,gregorian
pacific_islands/full_domain/hindcast/monthly/raw/r20260427,jprod_ndi_n2_100,1,396,396,1993-01-16,2025-12-16,fa2d4c0405,[20],[396],"[""[539, 725]""]","[""[20, 100, 100]""]",days since 1993-01-01 00:00:00,gregorian
pacific_islands/full_domain/hindcast/monthly/raw/r20260427,jprod_ndi_new_100,1,396,396,1993-01-16,2025-12-16,fa2d4c0405,[20],[396],"[""[539, 725]""]","[""[20, 100, 100]""]",days since 1993-01-01 00:00:00,gregorian
pacific_islands/full_domain/hindcast/monthly/raw/r20260427,jprod_nlgp_100,1,396,396,1993-01-16,2025-12-16,fa2d4c0405,[20],[396],"[""[539, 725]""]","[""[20, 100, 100]""]",days since 1993-01-01 00:00:00,gregorian
pacific_islands/full_domain/hindcast/monthly/raw/r20260427,jprod_nlgp_new_100,1,396,396,1993-01-16,2025-12-16,fa2d4c0405,[20],[396],"[""[539, 725]""]","[""[20, 100, 100]""]",days since 1993-01-01 00:00:00,gregorian
pacific_islands/full_domain/hindcast/monthly/raw/r20260427,jprod_nlgz_100,1,396,396,1993-01-16,2025-12-16,fa2d4c0405,[20],[396],"[""[539, 725]""]","[""[20, 100, 100]""]",days since 1993-01-01 00:00:00,gregorian
pacific_islands/full_domain/hindcast/monthly/raw/r20260427,jprod_nmdp_100,1,396,396,1993-01-16,2025-12-16,fa2d4c0405,[20],[396],"[""[539, 725]""]","[""[20, 100, 100]""]",days since 1993-01-01 00:00:00,gregorian
pacific_islands/full_domain/hindcast/monthly/raw/r20260427,jprod_nmdp_new_100,1,396,396,1993-01-16,2025-12-16,fa2d4c0405,[20],[396],"[""[539, 725]""]","[""[20, 100, 100]""]",days since 1993-01-01 00:00:00,gregorian
pacific_islands/full_domain/hindcast/monthly/raw/r20260427,jprod_nmdz_100,1,396,396,1993-01-16,2025-12-16,fa2d4c0405,[20],[396],"[""[539, 725]""]","[""[20, 100, 100]""]",days since 1993-01-01 00:00:00,gregorian
pacific_islands/full_domain/hindcast/monthly/raw/r20260427,jprod_nsmp_100,1,396,396,1993-01-16,2025-12-16,fa2d4c0405,[20],[396],"[""[539, 725]""]","[""[20, 100, 100]""]",days since 1993-01-01 00:00:00,gregorian
pacific_islands/full_domain/hindcast/monthly/raw/r20260427,jprod_nsmp_new_100,1,396,396,1993-01-16,2025-12-16,fa2d4c0405,[20],[396],"[""[539, 725]""]","[""[20, 100, 100]""]",days since 1993-01-01 00:00:00,gregorian
pacific_islands/full_domain/hindcast/monthly/raw/r20260427,jprod_nsmz_100,1,396,396,1993-01-16,2025-12-16,fa2d4c0405,[20],[396],"[""[539, 725]""]","[""[20, 100, 100]""]",days since 1993-01-01 00:00:00,gregorian
pacific_islands/full_domain/hindcast/monthly/raw/r20260427,jprod_sidet_100,1,396,396,1993-01-16,2025-12-16,fa2d4c0405,[20],[396],"[""[539, 725]""]","[""[20, 100, 100]""]",days since 1993-01-01 00:00:00,gregorian
pacific_islands/full_domain/hindcast/monthly/raw/r20260427,jremin_n_hp_100,1,396,396,1993-01-16,2025-12-16,fa2d4c0405,[20],[396],"[""[539, 725]""]","[""[20, 100, 100]""]",days since 1993-01-01 00:00:00,gregorian
pacific_islands/full_domain/hindcast/monthly/raw/r20260427,jremin_n_nbact_100,1,396,396,1993-01-16,2025-12-16,fa2d4c0405,[20],[396],"[""[539, 725]""]","[""[20, 100, 100]""]",days since 1993-01-01 00:00:00,gregorian
pacific_islands/full_domain/hindcast/monthly/raw/r20260427,jremin_n_nlgz_100,1,396,396,1993-01-16,2025-12-16,fa2d4c0405,[20],[396],"[""[539, 725]""]","[""[20, 100, 100]""]",days since 1993-01-01 00:00:00,gregorian
pacific_islands/full_domain/hindcast/monthly/raw/r20260427,jremin_n_nmdz_100,1,396,396,1993-01-16,2025-12-16,fa2d4c0405,[20],[396],"[""[539, 725]""]","[""[20, 100, 100]""]",days since 1993-01-01 00:00:00,gregorian
pacific_islands/full_domain/hindcast/monthly/raw/r20260427,jremin_n_nsmz_100,1,396,396,1993-01-16,2025-12-16,fa2d4c0405,[20],[396],"[""[539, 725]""]","[""[20, 100, 100]""]",days since 1993-01-01 00:00:00,gregorian
pacific_islands/full_domain/hindcast/monthly/raw/r20260427,jremin_ndet_100,1,396,396,1993-01-16,2025-12-16,fa2d4c0405,[20],[396],"[""[539, 725]""]","[""[20, 100, 100]""]",days since 1993-01-01 00:00:00,gregorian
pacific_islands/full_domain/hindcast/monthly/raw/r20260427,juptake_ldon_nbact_100,1,396,396,1993-01-16,2025-12-16,fa2d4c0405,[20],[396],"[""[539, 725]""]","[""[20, 100, 100]""]",days since 1993-01-01 00:00:00,gregorian
pacific_islands/full_domain/hindcast/monthly/raw/r20260427,jvirloss_nbact_100,1,396,396,1993-01-16,2025-12-16,fa2d4c0405,[20],[396],"[""[539, 725]""]","[""[20, 100, 100]""]",days since 1993-01-01 00:00:00,gregorian
pacific_islands/full_domain/hindcast/monthly/raw/r20260427,jvirloss_nlgp_100,1,396,396,1993-01-16,2025-12-16,fa2d4c0405,[20],[396],"[""[539, 725]""]","[""[20, 100, 100]""]",days since 1993-01-01 00:00:00,gregorian
pacific_islands/full_domain/hindcast/monthly/raw/r20260427,jvirloss_nmdp_100,1,396,396,1993-01-16,2025-12-16,fa2d4c0405,[20],[396],"[""[539, 725]""]","[""[20, 100, 100]""]",days since 1993-01-01 00:00:00,gregorian
pacific_islands/full_domain/hindcast/monthly/raw/r20260427,jvirloss_nsmp_100,1,396,396,1993-01-16,2025-12-16,fa2d4c0405,[20],[396],"[""[539, 725]""]","[""[20, 100, 100]""]",days since 1993-01-01 00:00:00,gregorian
pacific_islands/full_domain/hindcast/monthly/raw/r20260427,jzloss_nbact_100,1,396,396,1993-01-16,2025-12-16,fa2d4c0405,[20],[396],"[""[539, 725]""]","[""[20, 100, 100]""]",days since 1993-01-01 00:00:00,gregorian
pacific_islands/full_domain/hindcast/monthly/raw/r20260427,jzloss_ndi_100,1,396,396,1993-01-16,2025-12-16,fa2d4c0405,[20],[396],"[""[539, 725]""]","[""[20, 100, 100]""]",days since 1993-01-01 00:00:00,gregorian
pacific_islands/full_domain/hindcast/monthly/raw/r20260427,jzloss_nlgp_100,1,396,396,1993-01-16,2025-12-16,fa2d4c0405,[20],[396],"[""[539, 725]""]","[""[20, 100, 100]""]",days since 1993-01-01 00:00:00,gregorian
pacific_islands/full_domain/hindcast/monthly/raw/r20260427,jzloss_nmdp_100,1,396,396,1993-01-16,2025-12-16,fa2d4c0405,[20],[396],"[""[539, 725]""]","[""[20, 100, 100]""]",days since 1993-01-01 00:00:00,gregorian
pacific_islands/full_domain/hindcast/monthly/raw/r20260427,jzloss_nmdz_100,1,396,396,1993-01-16,2025-12-16,fa2d4c0405,[20],[396],"[""[539, 725]""]","[""[20, 100, 100]""]",days since 1993-01-01 00:00:00,gregorian
pacific_islands/full_domain/hindcast/monthly/raw/r20260427,jzloss_nsmp_100,1,396,396,1993-01-16,2025-12-16,fa2d4c0405,[20],[396],"[""[539, 725]""]","[""[20, 100, 100]""]",days since 1993-01-01 00:00:00,gregorian
pacific_islands/full_domain/hindcast/monthly/raw/r20260427,jzloss_nsmz_100,1,396,396,1993-01-16,2025-12-16,fa2d4c0405,[20],[396],"[""[539, 725]""]","[""[20, 100, 100]""]",days since 1993-01-01 00:00:00,gregorian
pacific_islands/full_domain/hindcast/monthly/raw/r20260427,limfediat,1,396,396,1993-01-16,2025-12-16,fa2d4c0405,[20],[396],"[""[539, 725]""]","[""[20, 100, 100]""]",days since 1993-01-01 00:00:00,gregorian
pacific_islands/full_domain/hindcast/monthly/raw/r20260427,limfediaz,1,396,396,1993-01-16,2025-12-16,fa2d4c0405,[20],[396],"[""[539, 725]""]","[""[20, 100, 100]""]",days since 1993-01-01 00:00:00,gregorian
pacific_islands/full_domain/hindcast/monthly/raw/r20260427,limfemisc,1,396,396,1993-01-16,2025-12-16,fa2d4c0405,[20],[396],"[""[539, 725]""]","[""[20, 100, 100]""]",days since 1993-01-01 00:00:00,gregorian
pacific_islands/full_domain/hindcast/monthly/raw/r20260427,limfepico,1,396,396,1993-01-16,2025-12-16,fa2d4c0405,[20],[396],"[""[539, 725]""]","[""[20, 100, 100]""]",days since 1993-01-01 00:00:00,gregorian
pacific_islands/full_domain/hindcast/monthly/raw/r20260427,limirrdiat,1,396,396,1993-01-16,2025-12-16,fa2d4c0405,[20],[396],"[""[539, 725]""]","[""[20, 100, 100]""]",days since 1993-01-01 00:00:00,gregorian
pacific_islands/full_domain/hindcast/monthly/raw/r20260427,limirrdiaz,1,396,396,1993-01-16,2025-12-16,fa2d4c0405,[20],[396],"[""[539, 725]""]","[""[20, 100, 100]""]",days since 1993-01-01 00:00:00,gregorian
pacific_islands/full_domain/hindcast/monthly/raw/r20260427,limirrmisc,1,396,396,1993-01-16,2025-12-16,fa2d4c0405,[20],[396],"[""[539, 725]""]","[""[20, 100, 100]""]",days since 1993-01-01 00:00:00,gregorian
pacific_islands/full_domain/hindcast/monthly/raw/r20260427,limirrpico,1,396,396,1993-01-16,2025-12-16,fa2d4c0405,[20],[396],"[""[539, 725]""]","[""[20, 100, 100]""]",days since 1993-01-01 00:00:00,gregorian
pacific_islands/full_domain/hindcast/monthly/raw/r20260427,limndiat,1,396,396,1993-01-16,2025-12-16,fa2d4c0405,[20],[396],"[""[539, 725]""]","[""[20, 100, 100]""]",days since 1993-01-01 00:00:00,gregorian
pacific_islands/full_domain/hindcast/monthly/raw/r20260427,limnmisc,1,396,396,1993-01-16,2025-12-16,fa2d4c0405,[20],[396],"[""[539, 725]""]","[""[20, 100, 100]""]",days since 1993-01-01 00:00:00,gregorian
pacific_islands/full_domain/hindcast/monthly/raw/r20260427,limnpico,1,396,396,1993-01-16,2025-12-16,fa2d4c0405,[20],[396],"[""[539, 725]""]","[""[20, 100, 100]""]",days since 1993-01-01 00:00:00,gregorian
pacific_islands/full_domain/hindcast/monthly/raw/r20260427,limpdiat,1,396,396,1993-01-16,2025-12-16,fa2d4c0405,[20],[396],"[""[539, 725]""]","[""[20, 100, 100]""]",days since 1993-01-01 00:00:00,gregorian
pacific_islands/full_domain/hindcast/monthly/raw/r20260427,limpdiaz,1,396,396,1993-01-16,2025-12-16,fa2d4c0405,[20],[396],"[""[539, 725]""]","[""[20, 100, 100]""]",days since 1993-01-01 00:00:00,gregorian
pacific_islands/full_domain/hindcast/monthly/raw/r20260427,limpmisc,1,396,396,1993-01-16,2025-12-16,fa2d4c0405,[20],[396],"[""[539, 725]""]","[""[20, 100, 100]""]",days since 1993-01-01 00:00:00,gregorian
pacific_islands/full_domain/hindcast/monthly/raw/r20260427,limppico,1,396,396,1993-01-16,2025-12-16,fa2d4c0405,[20],[396],"[""[539, 725]""]","[""[20, 100, 100]""]",days since 1993-01-01 00:00:00,gregorian
pacific_islands/full_domain/hindcast/monthly/raw/r20260427,mesozoo_200,1,396,396,1993-01-16,2025-12-16,fa2d4c0405,[20],[396],"[""[539, 725]""]","[""[20, 100, 100]""]",days since 1993-01-01 00:00:00,gregorian
pacific_islands/full_domain/hindcast/monthly/raw/r20260427,mlotstmax,1,396,396,1993-01-16,2025-12-16,fa2d4c0405,[20],[396],"[""[539, 725]""]","[""[20, 100, 100]""]",days since 1993-01-01 00:00:00,gregorian
pacific_islands/full_domain/hindcast/monthly/raw/r20260427,mlotstmin,1,396,396,1993-01-16,2025-12-16,fa2d4c0405,[20],[396],"[""[539, 725]""]","[""[20, 100, 100]""]",days since 1993-01-01 00:00:00,gregorian
pacific_islands/full_domain/hindcast/monthly/raw/r20260427,mu_Di,1,396,396,1993-01-16,2025-12-16,fa2d4c0405,[10],[396],"[""[52, 539, 725]""]","[""[10, 10, 50, 50]""]",days since 1993-01-01 00:00:00,gregorian
pacific_islands/full_domain/hindcast/monthly/raw/r20260427,mu_Lg,1,396,396,1993-01-16,2025-12-16,fa2d4c0405,[10],[396],"[""[52, 539, 725]""]","[""[10, 10, 50, 50]""]",days since 1993-01-01 00:00:00,gregorian
pacific_islands/full_domain/hindcast/monthly/raw/r20260427,mu_Md,1,396,396,1993-01-16,2025-12-16,fa2d4c0405,[10],[396],"[""[52, 539, 725]""]","[""[10, 10, 50, 50]""]",days since 1993-01-01 00:00:00,gregorian
pacific_islands/full_domain/hindcast/monthly/raw/r20260427,mu_Sm,1,396,396,1993-01-16,2025-12-16,fa2d4c0405,[10],[396],"[""[52, 539, 725]""]","[""[10, 10, 50, 50]""]",days since 1993-01-01 00:00:00,gregorian
pacific_islands/full_domain/hindcast/monthly/raw/r20260427,nbact,1,396,396,1993-01-16,2025-12-16,fa2d4c0405,[10],[396],"[""[52, 539, 725]""]","[""[10, 10, 50, 50]""]",days since 1993-01-01 00:00:00,gregorian
pacific_islands/full_domain/hindcast/monthly/raw/r20260427,nbact_100,1,396,396,1993-01-16,2025-12-16,fa2d4c0405,[20],[396],"[""[539, 725]""]","[""[20, 100, 100]""]",days since 1993-01-01 00:00:00,gregorian
pacific_islands/full_domain/hindcast/monthly/raw/r20260427,ndet,1,396,396,1993-01-16,2025-12-16,fa2d4c0405,[10],[396],"[""[52, 539, 725]""]","[""[10, 10, 50, 50]""]",days since 1993-01-01 00:00:00,gregorian
pacific_islands/full_domain/hindcast/monthly/raw/r20260427,ndet_100,1,396,396,1993-01-16,2025-12-16,fa2d4c0405,[20],[396],"[""[539, 725]""]","[""[20, 100, 100]""]",days since 1993-01-01 00:00:00,gregorian
pacific_islands/full_domain/hindcast/monthly/raw/r20260427,ndi,1,396,396,1993-01-16,2025-12-16,fa2d4c0405,[10],[396],"[""[52, 539, 725]""]","[""[10, 10, 50, 50]""]",days since 1993-01-01 00:00:00,gregorian
pacific_islands/full_domain/hindcast/monthly/raw/r20260427,ndi_100,1,396,396,1993-01-16,2025-12-16,fa2d4c0405,[20],[396],"[""[539, 725]""]","[""[20, 100, 100]""]",days since 1993-01-01 00:00:00,gregorian
pacific_islands/full_domain/hindcast/monthly/raw/r20260427,net_heat_coupler,1,396,396,1993-01-16,2025-12-16,fa2d4c0405,[20],[396],"[""[539, 725]""]","[""[20, 100, 100]""]",days since 1993-01-01 00:00:00,gregorian
pacific_islands/full_domain/hindcast/monthly/raw/r20260427,net_massin,1,396,396,1993-01-16,2025-12-16,fa2d4c0405,[20],[396],"[""[539, 725]""]","[""[20, 100, 100]""]",days since 1993-01-01 00:00:00,gregorian
pacific_islands/full_domain/hindcast/monthly/raw/r20260427,net_massout,1,396,396,1993-01-16,2025-12-16,fa2d4c0405,[20],[396],"[""[539, 725]""]","[""[20, 100, 100]""]",days since 1993-01-01 00:00:00,gregorian
pacific_islands/full_domain/hindcast/monthly/raw/r20260427,nh4,1,396,396,1993-01-16,2025-12-16,fa2d4c0405,[10],[396],"[""[52, 539, 725]""]","[""[10, 10, 50, 50]""]",days since 1993-01-01 00:00:00,gregorian
pacific_islands/full_domain/hindcast/monthly/raw/r20260427,nh4_stf,1,396,396,1993-01-16,2025-12-16,fa2d4c0405,[20],[396],"[""[539, 725]""]","[""[20, 100, 100]""]",days since 1993-01-01 00:00:00,gregorian
pacific_islands/full_domain/hindcast/monthly/raw/r20260427,nh4os,1,396,396,1993-01-16,2025-12-16,fa2d4c0405,[20],[396],"[""[539, 725]""]","[""[20, 100, 100]""]",days since 1993-01-01 00:00:00,gregorian
pacific_islands/full_domain/hindcast/monthly/raw/r20260427,nlg,1,396,396,1993-01-16,2025-12-16,fa2d4c0405,[10],[396],"[""[52, 539, 725]""]","[""[10, 10, 50, 50]""]",days since 1993-01-01 00:00:00,gregorian
pacific_islands/full_domain/hindcast/monthly/raw/r20260427,nlgp_100,1,396,396,1993-01-16,2025-12-16,fa2d4c0405,[20],[396],"[""[539, 725]""]","[""[20, 100, 100]""]",days since 1993-01-01 00:00:00,gregorian
pacific_islands/full_domain/hindcast/monthly/raw/r20260427,nlgz,1,396,396,1993-01-16,2025-12-16,fa2d4c0405,[10],[396],"[""[52, 539, 725]""]","[""[10, 10, 50, 50]""]",days since 1993-01-01 00:00:00,gregorian
pacific_islands/full_domain/hindcast/monthly/raw/r20260427,nlgz_100,1,396,396,1993-01-16,2025-12-16,fa2d4c0405,[20],[396],"[""[539, 725]""]","[""[20, 100, 100]""]",days since 1993-01-01 00:00:00,gregorian
pacific_islands/full_domain/hindcast/monthly/raw/r20260427,nmd,1,396,396,1993-01-16,2025-12-16,fa2d4c0405,[10],[396],"[""[52, 539, 725]""]","[""[10, 10, 50, 50]""]",days since 1993-01-01 00:00:00,gregorian
pacific_islands/full_domain/hindcast/monthly/raw/r20260427,nmdp_100,1,396,396,1993-01-16,2025-12-16,fa2d4c0405,[20],[396],"[""[539, 725]""]","[""[20, 100, 100]""]",days since 1993-01-01 00:00:00,gregorian
pacific_islands/full_domain/hindcast/monthly/raw/r20260427,nmdz,1,396,396,1993-01-16,2025-12-16,fa2d4c0405,[10],[396],"[""[52, 539, 725]""]","[""[10, 10, 50, 50]""]",days since 1993-01-01 00:00:00,gregorian
pacific_islands/full_domain/hindcast/monthly/raw/r20260427,nmdz_100,1,396,396,1993-01-16,2025-12-16,fa2d4c0405,[20],[396],"[""[539, 725]""]","[""[20, 100, 100]""]",days since 1993-01-01 00:00:00,gregorian
pacific_islands/full_domain/hindcast/monthly/raw/r20260427,no3,1,396,396,1993-01-16,2025-12-16,fa2d4c0405,[10],[396],"[""[52, 539, 725]""]","[""[10, 10, 50, 50]""]",days since 1993-01-01 00:00:00,gregorian
pacific_islands/full_domain/hindcast/monthly/raw/r20260427,no3os,1,396,396,1993-01-16,2025-12-16,fa2d4c0405,[20],[396],"[""[539, 725]""]","[""[20, 100, 100]""]",days since 1993-01-01 00:00:00,gregorian
pacific_islands/full_domain/hindcast/monthly/raw/r20260427,nsm,1,396,396,1993-01-16,2025-12-16,fa2d4c0405,[10],[396],"[""[52, 539, 725]""]","[""[10, 10, 50, 50]""]",days since 1993-01-01 00:00:00,gregorian
pacific_islands/full_domain/hindcast/monthly/raw/r20260427,nsmp_100,1,396,396,1993-01-16,2025-12-16,fa2d4c0405,[20],[396],"[""[539, 725]""]","[""[20, 100, 100]""]",days since 1993-01-01 00:00:00,gregorian
pacific_islands/full_domain/hindcast/monthly/raw/r20260427,nsmz,1,396,396,1993-01-16,2025-12-16,fa2d4c0405,[10],[396],"[""[52, 539, 725]""]","[""[10, 10, 50, 50]""]",days since 1993-01-01 00:00:00,gregorian
pacific_islands/full_domain/hindcast/monthly/raw/r20260427,nsmz_100,1,396,396,1993-01-16,2025-12-16,fa2d4c0405,[20],[396],"[""[539, 725]""]","[""[20, 100, 100]""]",days since 1993-01-01 00:00:00,gregorian
pacific_islands/full_domain/hindcast/monthly/raw/r20260427,o2,1,396,396,1993-01-16,2025-12-16,fa2d4c0405,[10],[396],"[""[52, 539, 725]""]","[""[10, 10, 50, 50]""]",days since 1993-01-01 00:00:00,gregorian
pacific_islands/full_domain/hindcast/monthly/raw/r20260427,o2_alpha,1,396,396,1993-01-16,2025-12-16,fa2d4c0405,[20],[396],"[""[539, 725]""]","[""[20, 100, 100]""]",days since 1993-01-01 00:00:00,gregorian
pacific_islands/full_domain/hindcast/monthly/raw/r20260427,o2_csurf,1,396,396,1993-01-16,2025-12-16,fa2d4c0405,[20],[396],"[""[539, 725]""]","[""[20, 100, 100]""]",days since 1993-01-01 00:00:00,gregorian
pacific_islands/full_domain/hindcast/monthly/raw/r20260427,o2_deltap,1,396,396,1993-01-16,2025-12-16,fa2d4c0405,[20],[396],"[""[539, 725]""]","[""[20, 100, 100]""]",days since 1993-01-01 00:00:00,gregorian
pacific_islands/full_domain/hindcast/monthly/raw/r20260427,o2_kw,1,396,396,1993-01-16,2025-12-16,fa2d4c0405,[20],[396],"[""[539, 725]""]","[""[20, 100, 100]""]",days since 1993-01-01 00:00:00,gregorian
pacific_islands/full_domain/hindcast/monthly/raw/r20260427,o2_sc_no,1,396,396,1993-01-16,2025-12-16,fa2d4c0405,[20],[396],"[""[539, 725]""]","[""[20, 100, 100]""]",days since 1993-01-01 00:00:00,gregorian
pacific_islands/full_domain/hindcast/monthly/raw/r20260427,o2_stf_gas,1,396,396,1993-01-16,2025-12-16,fa2d4c0405,[20],[396],"[""[539, 725]""]","[""[20, 100, 100]""]",days since 1993-01-01 00:00:00,gregorian
pacific_islands/full_domain/hindcast/monthly/raw/r20260427,o2max,1,396,396,1993-01-16,2025-12-16,fa2d4c0405,[10],[396],"[""[52, 539, 725]""]","[""[10, 10, 50, 50]""]",days since 1993-01-01 00:00:00,gregorian
pacific_islands/full_domain/hindcast/monthly/raw/r20260427,o2min,1,396,396,1993-01-16,2025-12-16,fa2d4c0405,[10],[396],"[""[52, 539, 725]""]","[""[10, 10, 50, 50]""]",days since 1993-01-01 00:00:00,gregorian
pacific_islands/full_domain/hindcast/monthly/raw/r20260427,o2os,1,396,396,1993-01-16,2025-12-16,fa2d4c0405,[20],[396],"[""[539, 725]""]","[""[20, 100, 100]""]",days since 1993-01-01 00:00:00,gregorian
pacific_islands/full_domain/hindcast/monthly/raw/r20260427,o2satos,1,396,396,1993-01-16,2025-12-16,fa2d4c0405,[20],[396],"[""[539, 725]""]","[""[20, 100, 100]""]",days since 1993-01-01 00:00:00,gregorian
pacific_islands/full_domain/hindcast/monthly/raw/r20260427,ocfriver,1,396,396,1993-01-16,2025-12-16,fa2d4c0405,[20],[396],"[""[539, 725]""]","[""[20, 100, 100]""]",days since 1993-01-01 00:00:00,gregorian
pacific_islands/full_domain/hindcast/monthly/raw/r20260427,omega_arag,1,396,396,1993-01-16,2025-12-16,fa2d4c0405,[10],[396],"[""[52, 539, 725]""]","[""[10, 10, 50, 50]""]",days since 1993-01-01 00:00:00,gregorian
pacific_islands/full_domain/hindcast/monthly/raw/r20260427,omega_calc,1,396,396,1993-01-16,2025-12-16,fa2d4c0405,[10],[396],"[""[52, 539, 725]""]","[""[10, 10, 50, 50]""]",days since 1993-01-01 00:00:00,gregorian
pacific_islands/full_domain/hindcast/monthly/raw/r20260427,pbo,1,396,396,1993-01-16,2025-12-16,fa2d4c0405,[20],[396],"[""[539, 725]""]","[""[20, 100, 100]""]",days since 1993-01-01 00:00:00,gregorian
pacific_islands/full_domain/hindcast/monthly/raw/r20260427,pco2surf,1,396,396,1993-01-16,2025-12-16,fa2d4c0405,[20],[396],"[""[539, 725]""]","[""[20, 100, 100]""]",days since 1993-01-01 00:00:00,gregorian
pacific_islands/full_domain/hindcast/monthly/raw/r20260427,pdi,1,396,396,1993-01-16,2025-12-16,fa2d4c0405,[10],[396],"[""[52, 539, 725]""]","[""[10, 10, 50, 50]""]",days since 1993-01-01 00:00:00,gregorian
pacific_islands/full_domain/hindcast/monthly/raw/r20260427,phos,1,396,396,1993-01-16,2025-12-16,fa2d4c0405,[20],[396],"[""[539, 725]""]","[""[20, 100, 100]""]",days since 1993-01-01 00:00:00,gregorian
pacific_islands/full_domain/hindcast/monthly/raw/r20260427,phycos,1,396,396,1993-01-16,2025-12-16,fa2d4c0405,[20],[396],"[""[539, 725]""]","[""[20, 100, 100]""]",days since 1993-01-01 00:00:00,gregorian
pacific_islands/full_domain/hindcast/monthly/raw/r20260427,phydiat,1,396,396,1993-01-16,2025-12-16,fa2d4c0405,[10],[396],"[""[52, 539, 725]""]","[""[10, 10, 50, 50]""]",days since 1993-01-01 00:00:00,gregorian
pacific_islands/full_domain/hindcast/monthly/raw/r20260427,phydiatos,1,396,396,1993-01-16,2025-12-16,fa2d4c0405,[20],[396],"[""[539, 725]""]","[""[20, 100, 100]""]",days since 1993-01-01 00:00:00,gregorian
pacific_islands/full_domain/hindcast/monthly/raw/r20260427,phydiaz,1,396,396,1993-01-16,2025-12-16,fa2d4c0405,[10],[396],"[""[52, 539, 725]""]","[""[10, 10, 50, 50]""]",days since 1993-01-01 00:00:00,gregorian
pacific_islands/full_domain/hindcast/monthly/raw/r20260427,phydiazos,1,396,396,1993-01-16,2025-12-16,fa2d4c0405,[20],[396],"[""[539, 725]""]","[""[20, 100, 100]""]",days since 1993-01-01 00:00:00,gregorian
pacific_islands/full_domain/hindcast/monthly/raw/r20260427,phyfeos,1,396,396,1993-01-16,2025-12-16,fa2d4c0405,[20],[396],"[""[539, 725]""]","[""[20, 100, 100]""]",days since 1993-01-01 00:00:00,gregorian
pacific_islands/full_domain/hindcast/monthly/raw/r20260427,phymisc,1,396,396,1993-01-16,2025-12-16,fa2d4c0405,[10],[396],"[""[52, 539, 725]""]","[""[10, 10, 50, 50]""]",days since 1993-01-01 00:00:00,gregorian
pacific_islands/full_domain/hindcast/monthly/raw/r20260427,phymiscos,1,396,396,1993-01-16,2025-12-16,fa2d4c0405,[20],[396],"[""[539, 725]""]","[""[20, 100, 100]""]",days since 1993-01-01 00:00:00,gregorian
pacific_islands/full_domain/hindcast/monthly/raw/r20260427,phynos,1,396,396,1993-01-16,2025-12-16,fa2d4c0405,[20],[396],"[""[539, 725]""]","[""[20, 100, 100]""]",days since 1993-01-01 00:00:00,gregorian
pacific_islands/full_domain/hindcast/monthly/raw/r20260427,phypico,1,396,396,1993-01-16,2025-12-16,fa2d4c0405,[10],[396],"[""[52, 539, 725]""]","[""[10, 10, 50, 50]""]",days since 1993-01-01 00:00:00,gregorian
pacific_islands/full_domain/hindcast/monthly/raw/r20260427,phypicoos,1,396,396,1993-01-16,2025-12-16,fa2d4c0405,[20],[396],"[""[539, 725]""]","[""[20, 100, 100]""]",days since 1993-01-01 00:00:00,gregorian
pacific_islands/full_domain/hindcast/monthly/raw/r20260427,phypos,1,396,396,1993-01-16,2025-12-16,fa2d4c0405,[20],[396],"[""[539, 725]""]","[""[20, 100, 100]""]",days since 1993-01-01 00:00:00,gregorian
pacific_islands/full_domain/hindcast/monthly/raw/r20260427,physios,1,396,396,1993-01-16,2025-12-16,fa2d4c0405,[20],[396],"[""[539, 725]""]","[""[20, 100, 100]""]",days since 1993-01-01 00:00:00,gregorian
pacific_islands/full_domain/hindcast/monthly/raw/r20260427,plg,1,396,396,1993-01-16,2025-12-16,fa2d4c0405,[10],[396],"[""[52, 539, 725]""]","[""[10, 10, 50, 50]""]",days since 1993-01-01 00:00:00,gregorian
pacific_islands/full_domain/hindcast/monthly/raw/r20260427,pmd,1,396,396,1993-01-16,2025-12-16,fa2d4c0405,[10],[396],"[""[52, 539, 725]""]","[""[10, 10, 50, 50]""]",days since 1993-01-01 00:00:00,gregorian
pacific_islands/full_domain/hindcast/monthly/raw/r20260427,po4,1,396,396,1993-01-16,2025-12-16,fa2d4c0405,[10],[396],"[""[52, 539, 725]""]","[""[10, 10, 50, 50]""]",days since 1993-01-01 00:00:00,gregorian
pacific_islands/full_domain/hindcast/monthly/raw/r20260427,po4os,1,396,396,1993-01-16,2025-12-16,fa2d4c0405,[20],[396],"[""[539, 725]""]","[""[20, 100, 100]""]",days since 1993-01-01 00:00:00,gregorian
pacific_islands/full_domain/hindcast/monthly/raw/r20260427,ponos,1,396,396,1993-01-16,2025-12-16,fa2d4c0405,[20],[396],"[""[539, 725]""]","[""[20, 100, 100]""]",days since 1993-01-01 00:00:00,gregorian
pacific_islands/full_domain/hindcast/monthly/raw/r20260427,popos,1,396,396,1993-01-16,2025-12-16,fa2d4c0405,[20],[396],"[""[539, 725]""]","[""[20, 100, 100]""]",days since 1993-01-01 00:00:00,gregorian
pacific_islands/full_domain/hindcast/monthly/raw/r20260427,prlq,1,396,396,1993-01-16,2025-12-16,fa2d4c0405,[20],[396],"[""[539, 725]""]","[""[20, 100, 100]""]",days since 1993-01-01 00:00:00,gregorian
pacific_islands/full_domain/hindcast/monthly/raw/r20260427,prsn,1,396,396,1993-01-16,2025-12-16,fa2d4c0405,[20],[396],"[""[539, 725]""]","[""[20, 100, 100]""]",days since 1993-01-01 00:00:00,gregorian
pacific_islands/full_domain/hindcast/monthly/raw/r20260427,psm,1,396,396,1993-01-16,2025-12-16,fa2d4c0405,[10],[396],"[""[52, 539, 725]""]","[""[10, 10, 50, 50]""]",days since 1993-01-01 00:00:00,gregorian
pacific_islands/full_domain/hindcast/monthly/raw/r20260427,q_p_2_n_Di,1,396,396,1993-01-16,2025-12-16,fa2d4c0405,[10],[396],"[""[52, 539, 725]""]","[""[10, 10, 50, 50]""]",days since 1993-01-01 00:00:00,gregorian
pacific_islands/full_domain/hindcast/monthly/raw/r20260427,q_p_2_n_Lg,1,396,396,1993-01-16,2025-12-16,fa2d4c0405,[10],[396],"[""[52, 539, 725]""]","[""[10, 10, 50, 50]""]",days since 1993-01-01 00:00:00,gregorian
pacific_islands/full_domain/hindcast/monthly/raw/r20260427,q_p_2_n_Md,1,396,396,1993-01-16,2025-12-16,fa2d4c0405,[10],[396],"[""[52, 539, 725]""]","[""[10, 10, 50, 50]""]",days since 1993-01-01 00:00:00,gregorian
pacific_islands/full_domain/hindcast/monthly/raw/r20260427,q_p_2_n_Sm,1,396,396,1993-01-16,2025-12-16,fa2d4c0405,[10],[396],"[""[52, 539, 725]""]","[""[10, 10, 50, 50]""]",days since 1993-01-01 00:00:00,gregorian
pacific_islands/full_domain/hindcast/monthly/raw/r20260427,rhoinsitu,1,396,396,1993-01-16,2025-12-16,fa2d4c0405,[10],[396],"[""[52, 539, 725]""]","[""[10, 10, 50, 50]""]",days since 1993-01-01 00:00:00,gregorian
pacific_islands/full_domain/hindcast/monthly/raw/r20260427,rhopot0,1,396,396,1993-01-16,2025-12-16,fa2d4c0405,[10],[396],"[""[52, 539, 725]""]","[""[10, 10, 50, 50]""]",days since 1993-01-01 00:00:00,gregorian
pacific_islands/full_domain/hindcast/monthly/raw/r20260427,rlntds,1,396,396,1993-01-16,2025-12-16,fa2d4c0405,[20],[396],"[""[539, 725]""]","[""[20, 100, 100]""]",days since 1993-01-01 00:00:00,gregorian
pacific_islands/full_domain/hindcast/monthly/raw/r20260427,rsdo,1,396,396,1993-01-16,2025-12-16,fa2d4c0405,[10],[396],"[""[76, 539, 725]""]","[""[10, 10, 50, 50]""]",days since 1993-01-01 00:00:00,gregorian
pacific_islands/full_domain/hindcast/monthly/raw/r20260427,rsntds,1,396,396,1993-01-16,2025-12-16,fa2d4c0405,[20],[396],"[""[539, 725]""]","[""[20, 100, 100]""]",days since 1993-01-01 00:00:00,gregorian
pacific_islands/full_domain/hindcast/monthly/raw/r20260427,runoff_flux_alk,1,396,396,1993-01-16,2025-12-16,fa2d4c0405,[20],[396],"[""[539, 725]""]","[""[20, 100, 100]""]",days since 1993-01-01 00:00:00,gregorian
pacific_islands/full_domain/hindcast/monthly/raw/r20260427,runoff_flux_dic,1,396,396,1993-01-16,2025-12-16,fa2d4c0405,[20],[396],"[""[539, 725]""]","[""[20, 100, 100]""]",days since 1993-01-01 00:00:00,gregorian
pacific_islands/full_domain/hindcast/monthly/raw/r20260427,runoff_flux_fed,1,396,396,1993-01-16,2025-12-16,fa2d4c0405,[20],[396],"[""[539, 725]""]","[""[20, 100, 100]""]",days since 1993-01-01 00:00:00,gregorian
pacific_islands/full_domain/hindcast/monthly/raw/r20260427,runoff_flux_ldon,1,396,396,1993-01-16,2025-12-16,fa2d4c0405,[20],[396],"[""[539, 725]""]","[""[20, 100, 100]""]",days since 1993-01-01 00:00:00,gregorian
pacific_islands/full_domain/hindcast/monthly/raw/r20260427,runoff_flux_ldop,1,396,396,1993-01-16,2025-12-16,fa2d4c0405,[20],[396],"[""[539, 725]""]","[""[20, 100, 100]""]",days since 1993-01-01 00:00:00,gregorian
pacific_islands/full_domain/hindcast/monthly/raw/r20260427,runoff_flux_lith,1,396,396,1993-01-16,2025-12-16,fa2d4c0405,[20],[396],"[""[539, 725]""]","[""[20, 100, 100]""]",days since 1993-01-01 00:00:00,gregorian
pacific_islands/full_domain/hindcast/monthly/raw/r20260427,runoff_flux_ndet,1,396,396,1993-01-16,2025-12-16,fa2d4c0405,[20],[396],"[""[539, 725]""]","[""[20, 100, 100]""]",days since 1993-01-01 00:00:00,gregorian
pacific_islands/full_domain/hindcast/monthly/raw/r20260427,runoff_flux_no3,1,396,396,1993-01-16,2025-12-16,fa2d4c0405,[20],[396],"[""[539, 725]""]","[""[20, 100, 100]""]",days since 1993-01-01 00:00:00,gregorian
pacific_islands/full_domain/hindcast/monthly/raw/r20260427,runoff_flux_pdet,1,396,396,1993-01-16,2025-12-16,fa2d4c0405,[20],[396],"[""[539, 725]""]","[""[20, 100, 100]""]",days since 1993-01-01 00:00:00,gregorian
pacific_islands/full_domain/hindcast/monthly/raw/r20260427,runoff_flux_po4,1,396,396,1993-01-16,2025-12-16,fa2d4c0405,[20],[396],"[""[539, 725]""]","[""[20, 100, 100]""]",days since 1993-01-01 00:00:00,gregorian
pacific_islands/full_domain/hindcast/monthly/raw/r20260427,runoff_flux_sldon,1,396,396,1993-01-16,2025-12-16,fa2d4c0405,[20],[396],"[""[539, 725]""]","[""[20, 100, 100]""]",days since 1993-01-01 00:00:00,gregorian
pacific_islands/full_domain/hindcast/monthly/raw/r20260427,runoff_flux_sldop,1,396,396,1993-01-16,2025-12-16,fa2d4c0405,[20],[396],"[""[539, 725]""]","[""[20, 100, 100]""]",days since 1993-01-01 00:00:00,gregorian
pacific_islands/full_domain/hindcast/monthly/raw/r20260427,runoff_flux_srdon,1,396,396,1993-01-16,2025-12-16,fa2d4c0405,[20],[396],"[""[539, 725]""]","[""[20, 100, 100]""]",days since 1993-01-01 00:00:00,gregorian
pacific_islands/full_domain/hindcast/monthly/raw/r20260427,runoff_flux_srdop,1,396,396,1993-01-16,2025-12-16,fa2d4c0405,[20],[396],"[""[539, 725]""]","[""[20, 100, 100]""]",days since 1993-01-01 00:00:00,gregorian
pacific_islands/full_domain/hindcast/monthly/raw/r20260427,sfc_co3_ion,1,396,396,1993-01-16,2025-12-16,fa2d4c0405,[20],[396],"[""[539, 725]""]","[""[20, 100, 100]""]",days since 1993-01-01 00:00:00,gregorian
pacific_islands/full_domain/hindcast/monthly/raw/r20260427,sfc_co3_sol_arag,1,396,396,1993-01-16,2025-12-16,fa2d4c0405,[20],[396],"[""[539, 725]""]","[""[20, 100, 100]""]",days since 1993-01-01 00:00:00,gregorian
pacific_islands/full_domain/hindcast/monthly/raw/r20260427,sfc_co3_sol_calc,1,396,396,1993-01-16,2025-12-16,fa2d4c0405,[20],[396],"[""[539, 725]""]","[""[20, 100, 100]""]",days since 1993-01-01 00:00:00,gregorian
pacific_islands/full_domain/hindcast/monthly/raw/r20260427,sfc_def_fe_di,1,396,396,1993-01-16,2025-12-16,fa2d4c0405,[20],[396],"[""[539, 725]""]","[""[20, 100, 100]""]",days since 1993-01-01 00:00:00,gregorian
pacific_islands/full_domain/hindcast/monthly/raw/r20260427,sfc_def_fe_lgp,1,396,396,1993-01-16,2025-12-16,fa2d4c0405,[20],[396],"[""[539, 725]""]","[""[20, 100, 100]""]",days since 1993-01-01 00:00:00,gregorian
pacific_islands/full_domain/hindcast/monthly/raw/r20260427,sfc_def_fe_mdp,1,396,396,1993-01-16,2025-12-16,fa2d4c0405,[20],[396],"[""[539, 725]""]","[""[20, 100, 100]""]",days since 1993-01-01 00:00:00,gregorian
pacific_islands/full_domain/hindcast/monthly/raw/r20260427,sfc_def_fe_smp,1,396,396,1993-01-16,2025-12-16,fa2d4c0405,[20],[396],"[""[539, 725]""]","[""[20, 100, 100]""]",days since 1993-01-01 00:00:00,gregorian
pacific_islands/full_domain/hindcast/monthly/raw/r20260427,sfc_felim_di,1,396,396,1993-01-16,2025-12-16,fa2d4c0405,[20],[396],"[""[539, 725]""]","[""[20, 100, 100]""]",days since 1993-01-01 00:00:00,gregorian
pacific_islands/full_domain/hindcast/monthly/raw/r20260427,sfc_felim_lgp,1,396,396,1993-01-16,2025-12-16,fa2d4c0405,[20],[396],"[""[539, 725]""]","[""[20, 100, 100]""]",days since 1993-01-01 00:00:00,gregorian
pacific_islands/full_domain/hindcast/monthly/raw/r20260427,sfc_felim_mdp,1,396,396,1993-01-16,2025-12-16,fa2d4c0405,[20],[396],"[""[539, 725]""]","[""[20, 100, 100]""]",days since 1993-01-01 00:00:00,gregorian
pacific_islands/full_domain/hindcast/monthly/raw/r20260427,sfc_felim_smp,1,396,396,1993-01-16,2025-12-16,fa2d4c0405,[20],[396],"[""[539, 725]""]","[""[20, 100, 100]""]",days since 1993-01-01 00:00:00,gregorian
pacific_islands/full_domain/hindcast/monthly/raw/r20260427,sfc_irrlim_di,1,396,396,1993-01-16,2025-12-16,fa2d4c0405,[20],[396],"[""[539, 725]""]","[""[20, 100, 100]""]",days since 1993-01-01 00:00:00,gregorian
pacific_islands/full_domain/hindcast/monthly/raw/r20260427,sfc_irrlim_lgp,1,396,396,1993-01-16,2025-12-16,fa2d4c0405,[20],[396],"[""[539, 725]""]","[""[20, 100, 100]""]",days since 1993-01-01 00:00:00,gregorian
pacific_islands/full_domain/hindcast/monthly/raw/r20260427,sfc_irrlim_mdp,1,396,396,1993-01-16,2025-12-16,fa2d4c0405,[20],[396],"[""[539, 725]""]","[""[20, 100, 100]""]",days since 1993-01-01 00:00:00,gregorian
pacific_islands/full_domain/hindcast/monthly/raw/r20260427,sfc_irrlim_smp,1,396,396,1993-01-16,2025-12-16,fa2d4c0405,[20],[396],"[""[539, 725]""]","[""[20, 100, 100]""]",days since 1993-01-01 00:00:00,gregorian
pacific_islands/full_domain/hindcast/monthly/raw/r20260427,sfc_mu_di,1,396,396,1993-01-16,2025-12-16,fa2d4c0405,[20],[396],"[""[539, 725]""]","[""[20, 100, 100]""]",days since 1993-01-01 00:00:00,gregorian
pacific_islands/full_domain/hindcast/monthly/raw/r20260427,sfc_mu_lgp,1,396,396,1993-01-16,2025-12-16,fa2d4c0405,[20],[396],"[""[539, 725]""]","[""[20, 100, 100]""]",days since 1993-01-01 00:00:00,gregorian
pacific_islands/full_domain/hindcast/monthly/raw/r20260427,sfc_mu_mdp,1,396,396,1993-01-16,2025-12-16,fa2d4c0405,[20],[396],"[""[539, 725]""]","[""[20, 100, 100]""]",days since 1993-01-01 00:00:00,gregorian
pacific_islands/full_domain/hindcast/monthly/raw/r20260427,sfc_mu_smp,1,396,396,1993-01-16,2025-12-16,fa2d4c0405,[20],[396],"[""[539, 725]""]","[""[20, 100, 100]""]",days since 1993-01-01 00:00:00,gregorian
pacific_islands/full_domain/hindcast/monthly/raw/r20260427,sfc_nh4lim_lgp,1,396,396,1993-01-16,2025-12-16,fa2d4c0405,[20],[396],"[""[539, 725]""]","[""[20, 100, 100]""]",days since 1993-01-01 00:00:00,gregorian
pacific_islands/full_domain/hindcast/monthly/raw/r20260427,sfc_nh4lim_mdp,1,396,396,1993-01-16,2025-12-16,fa2d4c0405,[20],[396],"[""[539, 725]""]","[""[20, 100, 100]""]",days since 1993-01-01 00:00:00,gregorian
pacific_islands/full_domain/hindcast/monthly/raw/r20260427,sfc_nh4lim_smp,1,396,396,1993-01-16,2025-12-16,fa2d4c0405,[20],[396],"[""[539, 725]""]","[""[20, 100, 100]""]",days since 1993-01-01 00:00:00,gregorian
pacific_islands/full_domain/hindcast/monthly/raw/r20260427,sfc_no3,1,396,396,1993-01-16,2025-12-16,fa2d4c0405,[20],[396],"[""[539, 725]""]","[""[20, 100, 100]""]",days since 1993-01-01 00:00:00,gregorian
pacific_islands/full_domain/hindcast/monthly/raw/r20260427,sfc_no3lim_lgp,1,396,396,1993-01-16,2025-12-16,fa2d4c0405,[20],[396],"[""[539, 725]""]","[""[20, 100, 100]""]",days since 1993-01-01 00:00:00,gregorian
pacific_islands/full_domain/hindcast/monthly/raw/r20260427,sfc_no3lim_mdp,1,396,396,1993-01-16,2025-12-16,fa2d4c0405,[20],[396],"[""[539, 725]""]","[""[20, 100, 100]""]",days since 1993-01-01 00:00:00,gregorian
pacific_islands/full_domain/hindcast/monthly/raw/r20260427,sfc_no3lim_smp,1,396,396,1993-01-16,2025-12-16,fa2d4c0405,[20],[396],"[""[539, 725]""]","[""[20, 100, 100]""]",days since 1993-01-01 00:00:00,gregorian
pacific_islands/full_domain/hindcast/monthly/raw/r20260427,sfc_po4,1,396,396,1993-01-16,2025-12-16,fa2d4c0405,[20],[396],"[""[539, 725]""]","[""[20, 100, 100]""]",days since 1993-01-01 00:00:00,gregorian
pacific_islands/full_domain/hindcast/monthly/raw/r20260427,sfc_po4lim_di,1,396,396,1993-01-16,2025-12-16,fa2d4c0405,[20],[396],"[""[539, 725]""]","[""[20, 100, 100]""]",days since 1993-01-01 00:00:00,gregorian
pacific_islands/full_domain/hindcast/monthly/raw/r20260427,sfc_po4lim_lgp,1,396,396,1993-01-16,2025-12-16,fa2d4c0405,[20],[396],"[""[539, 725]""]","[""[20, 100, 100]""]",days since 1993-01-01 00:00:00,gregorian
pacific_islands/full_domain/hindcast/monthly/raw/r20260427,sfc_po4lim_mdp,1,396,396,1993-01-16,2025-12-16,fa2d4c0405,[20],[396],"[""[539, 725]""]","[""[20, 100, 100]""]",days since 1993-01-01 00:00:00,gregorian
pacific_islands/full_domain/hindcast/monthly/raw/r20260427,sfc_po4lim_smp,1,396,396,1993-01-16,2025-12-16,fa2d4c0405,[20],[396],"[""[539, 725]""]","[""[20, 100, 100]""]",days since 1993-01-01 00:00:00,gregorian
pacific_islands/full_domain/hindcast/monthly/raw/r20260427,sfc_q_fe_2_n_di,1,396,396,1993-01-16,2025-12-16,fa2d4c0405,[20],[396],"[""[539, 725]""]","[""[20, 100, 100]""]",days since 1993-01-01 00:00:00,gregorian
pacific_islands/full_domain/hindcast/monthly/raw/r20260427,sfc_q_fe_2_n_lgp,1,396,396,1993-01-16,2025-12-16,fa2d4c0405,[20],[396],"[""[539, 725]""]","[""[20, 100, 100]""]",days since 1993-01-01 00:00:00,gregorian
pacific_islands/full_domain/hindcast/monthly/raw/r20260427,sfc_q_fe_2_n_mdp,1,396,396,1993-01-16,2025-12-16,fa2d4c0405,[20],[396],"[""[539, 725]""]","[""[20, 100, 100]""]",days since 1993-01-01 00:00:00,gregorian
pacific_islands/full_domain/hindcast/monthly/raw/r20260427,sfc_q_fe_2_n_smp,1,396,396,1993-01-16,2025-12-16,fa2d4c0405,[20],[396],"[""[539, 725]""]","[""[20, 100, 100]""]",days since 1993-01-01 00:00:00,gregorian
pacific_islands/full_domain/hindcast/monthly/raw/r20260427,sfc_sio4,1,396,396,1993-01-16,2025-12-16,fa2d4c0405,[20],[396],"[""[539, 725]""]","[""[20, 100, 100]""]",days since 1993-01-01 00:00:00,gregorian
pacific_islands/full_domain/hindcast/monthly/raw/r20260427,sfc_theta_di,1,396,396,1993-01-16,2025-12-16,fa2d4c0405,[20],[396],"[""[539, 725]""]","[""[20, 100, 100]""]",days since 1993-01-01 00:00:00,gregorian
pacific_islands/full_domain/hindcast/monthly/raw/r20260427,sfc_theta_lgp,1,396,396,1993-01-16,2025-12-16,fa2d4c0405,[20],[396],"[""[539, 725]""]","[""[20, 100, 100]""]",days since 1993-01-01 00:00:00,gregorian
pacific_islands/full_domain/hindcast/monthly/raw/r20260427,sfc_theta_mdp,1,396,396,1993-01-16,2025-12-16,fa2d4c0405,[20],[396],"[""[539, 725]""]","[""[20, 100, 100]""]",days since 1993-01-01 00:00:00,gregorian
pacific_islands/full_domain/hindcast/monthly/raw/r20260427,sfc_theta_smp,1,396,396,1993-01-16,2025-12-16,fa2d4c0405,[20],[396],"[""[539, 725]""]","[""[20, 100, 100]""]",days since 1993-01-01 00:00:00,gregorian
pacific_islands/full_domain/hindcast/monthly/raw/r20260427,sfdsi,1,396,396,1993-01-16,2025-12-16,fa2d4c0405,[20],[396],"[""[539, 725]""]","[""[20, 100, 100]""]",days since 1993-01-01 00:00:00,gregorian
pacific_islands/full_domain/hindcast/monthly/raw/r20260427,si,1,396,396,1993-01-16,2025-12-16,fa2d4c0405,[10],[396],"[""[52, 539, 725]""]","[""[10, 10, 50, 50]""]",days since 1993-01-01 00:00:00,gregorian
pacific_islands/full_domain/hindcast/monthly/raw/r20260427,silg,1,396,396,1993-01-16,2025-12-16,fa2d4c0405,[10],[396],"[""[52, 539, 725]""]","[""[10, 10, 50, 50]""]",days since 1993-01-01 00:00:00,gregorian
pacific_islands/full_domain/hindcast/monthly/raw/r20260427,silgp_100,1,396,396,1993-01-16,2025-12-16,fa2d4c0405,[20],[396],"[""[539, 725]""]","[""[20, 100, 100]""]",days since 1993-01-01 00:00:00,gregorian
pacific_islands/full_domain/hindcast/monthly/raw/r20260427,simd,1,396,396,1993-01-16,2025-12-16,fa2d4c0405,[10],[396],"[""[52, 539, 725]""]","[""[10, 10, 50, 50]""]",days since 1993-01-01 00:00:00,gregorian
pacific_islands/full_domain/hindcast/monthly/raw/r20260427,simdp_100,1,396,396,1993-01-16,2025-12-16,fa2d4c0405,[20],[396],"[""[539, 725]""]","[""[20, 100, 100]""]",days since 1993-01-01 00:00:00,gregorian
pacific_islands/full_domain/hindcast/monthly/raw/r20260427,sios,1,396,396,1993-01-16,2025-12-16,fa2d4c0405,[20],[396],"[""[539, 725]""]","[""[20, 100, 100]""]",days since 1993-01-01 00:00:00,gregorian
pacific_islands/full_domain/hindcast/monthly/raw/r20260427,so,1,396,396,1993-01-16,2025-12-16,fa2d4c0405,[10],[396],"[""[52, 539, 725]""]","[""[10, 10, 50, 50]""]",days since 1993-01-01 00:00:00,gregorian
pacific_islands/full_domain/hindcast/monthly/raw/r20260427,sob,1,396,396,1993-01-16,2025-12-16,fa2d4c0405,[20],[396],"[""[539, 725]""]","[""[20, 100, 100]""]",days since 1993-01-01 00:00:00,gregorian
pacific_islands/full_domain/hindcast/monthly/raw/r20260427,sos,1,396,396,1993-01-16,2025-12-16,fa2d4c0405,[20],[396],"[""[539, 725]""]","[""[20, 100, 100]""]",days since 1993-01-01 00:00:00,gregorian
pacific_islands/full_domain/hindcast/monthly/raw/r20260427,sossq,1,396,396,1993-01-16,2025-12-16,fa2d4c0405,[20],[396],"[""[539, 725]""]","[""[20, 100, 100]""]",days since 1993-01-01 00:00:00,gregorian
pacific_islands/full_domain/hindcast/monthly/raw/r20260427,spco2,1,396,396,1993-01-16,2025-12-16,fa2d4c0405,[20],[396],"[""[539, 725]""]","[""[20, 100, 100]""]",days since 1993-01-01 00:00:00,gregorian
pacific_islands/full_domain/hindcast/monthly/raw/r20260427,speed,1,396,396,1993-01-16,2025-12-16,fa2d4c0405,[],[],[],[],days since 1993-01-01 00:00:00,gregorian
pacific_islands/full_domain/hindcast/monthly/raw/r20260427,ssh,1,396,396,1993-01-16,2025-12-16,fa2d4c0405,[20],[396],"[""[539, 725]""]","[""[20, 100, 100]""]",days since 1993-01-01 00:00:00,gregorian
pacific_islands/full_domain/hindcast/monthly/raw/r20260427,talk,1,396,396,1993-01-16,2025-12-16,fa2d4c0405,[10],[396],"[""[52, 539, 725]""]","[""[10, 10, 50, 50]""]",days since 1993-01-01 00:00:00,gregorian
pacific_islands/full_domain/hindcast/monthly/raw/r20260427,talkos,1,396,396,1993-01-16,2025-12-16,fa2d4c0405,[20],[396],"[""[539, 725]""]","[""[20, 100, 100]""]",days since 1993-01-01 00:00:00,gregorian
pacific_islands/full_domain/hindcast/monthly/raw/r20260427,tauuo,1,396,396,1993-01-16,2025-12-16,fa2d4c0405,[20],[396],"[""[539, 726]""]","[""[20, 100, 100]""]",days since 1993-01-01 00:00:00,gregorian
pacific_islands/full_domain/hindcast/monthly/raw/r20260427,tauvo,1,396,396,1993-01-16,2025-12-16,fa2d4c0405,[20],[396],"[""[539, 725]""]","[""[20, 100, 100]""]",days since 1993-01-01 00:00:00,gregorian
pacific_islands/full_domain/hindcast/monthly/raw/r20260427,theta_Di,1,396,396,1993-01-16,2025-12-16,fa2d4c0405,[10],[396],"[""[52, 539, 725]""]","[""[10, 10, 50, 50]""]",days since 1993-01-01 00:00:00,gregorian
pacific_islands/full_domain/hindcast/monthly/raw/r20260427,theta_Lg,1,396,396,1993-01-16,2025-12-16,fa2d4c0405,[10],[396],"[""[52, 539, 725]""]","[""[10, 10, 50, 50]""]",days since 1993-01-01 00:00:00,gregorian
pacific_islands/full_domain/hindcast/monthly/raw/r20260427,theta_Md,1,396,396,1993-01-16,2025-12-16,fa2d4c0405,[10],[396],"[""[52, 539, 725]""]","[""[10, 10, 50, 50]""]",days since 1993-01-01 00:00:00,gregorian
pacific_islands/full_domain/hindcast/monthly/raw/r20260427,theta_Sm,1,396,396,1993-01-16,2025-12-16,fa2d4c0405,[10],[396],"[""[52, 539, 725]""]","[""[10, 10, 50, 50]""]",days since 1993-01-01 00:00:00,gregorian
pacific_islands/full_domain/hindcast/monthly/raw/r20260427,thetao,1,396,396,1993-01-16,2025-12-16,fa2d4c0405,[10],[396],"[""[52, 539, 725]""]","[""[10, 10, 50, 50]""]",days since 1993-01-01 00:00:00,gregorian
pacific_islands/full_domain/hindcast/monthly/raw/r20260427,tob,1,396,396,1993-01-16,2025-12-16,fa2d4c0405,[20],[396],"[""[539, 725]""]","[""[20, 100, 100]""]",days since 1993-01-01 00:00:00,gregorian
pacific_islands/full_domain/hindcast/monthly/raw/r20260427,tos,1,396,396,1993-01-16,2025-12-16,fa2d4c0405,[20],[396],"[""[539, 725]""]","[""[20, 100, 100]""]",days since 1993-01-01 00:00:00,gregorian
pacific_islands/full_domain/hindcast/monthly/raw/r20260427,tossq,1,396,396,1993-01-16,2025-12-16,fa2d4c0405,[20],[396],"[""[539, 725]""]","[""[20, 100, 100]""]",days since 1993-01-01 00:00:00,gregorian
pacific_islands/full_domain/hindcast/monthly/raw/r20260427,udml_restrat,1,396,396,1993-01-16,2025-12-16,fa2d4c0405,[20],[396],"[""[539, 726]""]","[""[20, 100, 100]""]",days since 1993-01-01 00:00:00,gregorian
pacific_islands/full_domain/hindcast/monthly/raw/r20260427,uhml,1,396,396,1993-01-16,2025-12-16,fa2d4c0405,[10],[396],"[""[52, 539, 726]""]","[""[10, 10, 50, 50]""]",days since 1993-01-01 00:00:00,gregorian
pacific_islands/full_domain/hindcast/monthly/raw/r20260427,uml_restrat,1,396,396,1993-01-16,2025-12-16,fa2d4c0405,[20],[396],"[""[539, 726]""]","[""[20, 100, 100]""]",days since 1993-01-01 00:00:00,gregorian
pacific_islands/full_domain/hindcast/monthly/raw/r20260427,umo,1,396,396,1993-01-16,2025-12-16,fa2d4c0405,[10],[396],"[""[52, 539, 726]""]","[""[10, 10, 50, 50]""]",days since 1993-01-01 00:00:00,gregorian
pacific_islands/full_domain/hindcast/monthly/raw/r20260427,umo_2d,1,396,396,1993-01-16,2025-12-16,fa2d4c0405,[20],[396],"[""[539, 726]""]","[""[20, 100, 100]""]",days since 1993-01-01 00:00:00,gregorian
pacific_islands/full_domain/hindcast/monthly/raw/r20260427,uo,1,396,396,1993-01-16,2025-12-16,fa2d4c0405,[10],[396],"[""[52, 539, 726]""]","[""[10, 10, 50, 50]""]",days since 1993-01-01 00:00:00,gregorian
pacific_islands/full_domain/hindcast/monthly/raw/r20260427,ustar,1,396,396,1993-01-16,2025-12-16,fa2d4c0405,[20],[396],"[""[539, 725]""]","[""[20, 100, 100]""]",days since 1993-01-01 00:00:00,gregorian
pacific_islands/full_domain/hindcast/monthly/raw/r20260427,vdml_restrat,1,396,396,1993-01-16,2025-12-16,fa2d4c0405,[20],[396],"[""[539, 725]""]","[""[20, 100, 100]""]",days since 1993-01-01 00:00:00,gregorian
pacific_islands/full_domain/hindcast/monthly/raw/r20260427,vhml,1,396,396,1993-01-16,2025-12-16,fa2d4c0405,[10],[396],"[""[52, 539, 725]""]","[""[10, 10, 50, 50]""]",days since 1993-01-01 00:00:00,gregorian
pacific_islands/full_domain/hindcast/monthly/raw/r20260427,vml_restrat,1,396,396,1993-01-16,2025-12-16,fa2d4c0405,[20],[396],"[""[539, 725]""]","[""[20, 100, 100]""]",days since 1993-01-01 00:00:00,gregorian
pacific_islands/full_domain/hindcast/monthly/raw/r20260427,vmo,1,396,396,1993-01-16,2025-12-16,fa2d4c0405,[10],[396],"[""[52, 539, 725]""]","[""[10, 10, 50, 50]""]",days since 1993-01-01 00:00:00,gregorian
pacific_islands/full_domain/hindcast/monthly/raw/r20260427,vmo_2d,1,396,396,1993-01-16,2025-12-16,fa2d4c0405,[20],[396],"[""[539, 725]""]","[""[20, 100, 100]""]",days since 1993-01-01 00:00:00,gregorian
pacific_islands/full_domain/hindcast/monthly/raw/r20260427,vo,1,396,396,1993-01-16,2025-12-16,fa2d4c0405,[10],[396],"[""[52, 539, 725]""]","[""[10, 10, 50, 50]""]",days since 1993-01-01 00:00:00,gregorian
pacific_islands/full_domain/hindcast/monthly/raw/r20260427,volcello,1,396,396,1993-01-16,2025-12-16,fa2d4c0405,[10],[396],"[""[52, 539, 725]""]","[""[10, 10, 50, 50]""]",days since 1993-01-01 00:00:00,gregorian
pacific_islands/full_domain/hindcast/monthly/raw/r20260427,wc_vert_int_jdiss_cadet,1,396,396,1993-01-16,2025-12-16,fa2d4c0405,[20],[396],"[""[539, 725]""]","[""[20, 100, 100]""]",days since 1993-01-01 00:00:00,gregorian
pacific_islands/full_domain/hindcast/monthly/raw/r20260427,wc_vert_int_jdiss_sidet,1,396,396,1993-01-16,2025-12-16,fa2d4c0405,[20],[396],"[""[539, 725]""]","[""[20, 100, 100]""]",days since 1993-01-01 00:00:00,gregorian
pacific_islands/full_domain/hindcast/monthly/raw/r20260427,wc_vert_int_jno3denit,1,396,396,1993-01-16,2025-12-16,fa2d4c0405,[20],[396],"[""[539, 725]""]","[""[20, 100, 100]""]",days since 1993-01-01 00:00:00,gregorian
pacific_islands/full_domain/hindcast/monthly/raw/r20260427,wc_vert_int_jo2resp,1,396,396,1993-01-16,2025-12-16,fa2d4c0405,[20],[396],"[""[539, 725]""]","[""[20, 100, 100]""]",days since 1993-01-01 00:00:00,gregorian
pacific_islands/full_domain/hindcast/monthly/raw/r20260427,wc_vert_int_jprod_cadet,1,396,396,1993-01-16,2025-12-16,fa2d4c0405,[20],[396],"[""[539, 725]""]","[""[20, 100, 100]""]",days since 1993-01-01 00:00:00,gregorian
pacific_islands/full_domain/hindcast/monthly/raw/r20260427,wc_vert_int_jprod_nh4,1,396,396,1993-01-16,2025-12-16,fa2d4c0405,[20],[396],"[""[539, 725]""]","[""[20, 100, 100]""]",days since 1993-01-01 00:00:00,gregorian
pacific_islands/full_domain/hindcast/monthly/raw/r20260427,wc_vert_int_jprod_no3nitrif,1,396,396,1993-01-16,2025-12-16,fa2d4c0405,[20],[396],"[""[539, 725]""]","[""[20, 100, 100]""]",days since 1993-01-01 00:00:00,gregorian
pacific_islands/full_domain/hindcast/monthly/raw/r20260427,wc_vert_int_juptake_nh4,1,396,396,1993-01-16,2025-12-16,fa2d4c0405,[20],[396],"[""[539, 725]""]","[""[20, 100, 100]""]",days since 1993-01-01 00:00:00,gregorian
pacific_islands/full_domain/hindcast/monthly/raw/r20260427,wc_vert_int_juptake_no3,1,396,396,1993-01-16,2025-12-16,fa2d4c0405,[20],[396],"[""[539, 725]""]","[""[20, 100, 100]""]",days since 1993-01-01 00:00:00,gregorian
pacific_islands/full_domain/hindcast/monthly/raw/r20260427,wc_vert_int_nfix,1,396,396,1993-01-16,2025-12-16,fa2d4c0405,[20],[396],"[""[539, 725]""]","[""[20, 100, 100]""]",days since 1993-01-01 00:00:00,gregorian
pacific_islands/full_domain/hindcast/monthly/raw/r20260427,wc_vert_int_npp,1,396,396,1993-01-16,2025-12-16,fa2d4c0405,[20],[396],"[""[539, 725]""]","[""[20, 100, 100]""]",days since 1993-01-01 00:00:00,gregorian
pacific_islands/full_domain/hindcast/monthly/raw/r20260427,wfo,1,396,396,1993-01-16,2025-12-16,fa2d4c0405,[20],[396],"[""[539, 725]""]","[""[20, 100, 100]""]",days since 1993-01-01 00:00:00,gregorian
pacific_islands/full_domain/hindcast/monthly/raw/r20260427,zmeso,1,396,396,1993-01-16,2025-12-16,fa2d4c0405,[10],[396],"[""[52, 539, 725]""]","[""[10, 10, 50, 50]""]",days since 1993-01-01 00:00:00,gregorian
pacific_islands/full_domain/hindcast/monthly/raw/r20260427,zmesoos,1,396,396,1993-01-16,2025-12-16,fa2d4c0405,[20],[396],"[""[539, 725]""]","[""[20, 100, 100]""]",days since 1993-01-01 00:00:00,gregorian
pacific_islands/full_domain/hindcast/monthly/raw/r20260427,zmicro,1,396,396,1993-01-16,2025-12-16,fa2d4c0405,[10],[396],"[""[52, 539, 725]""]","[""[10, 10, 50, 50]""]",days since 1993-01-01 00:00:00,gregorian
pacific_islands/full_domain/hindcast/monthly/raw/r20260427,zmicroos,1,396,396,1993-01-16,2025-12-16,fa2d4c0405,[20],[396],"[""[539, 725]""]","[""[20, 100, 100]""]",days since 1993-01-01 00:00:00,gregorian
pacific_islands/full_domain/hindcast/monthly/raw/r20260427,zoocos,1,396,396,1993-01-16,2025-12-16,fa2d4c0405,[20],[396],"[""[539, 725]""]","[""[20, 100, 100]""]",days since 1993-01-01 00:00:00,gregorian
pacific_islands/full_domain/hindcast/monthly/raw/r20260427,zos,1,396,396,1993-01-16,2025-12-16,fa2d4c0405,[20],[396],"[""[539, 725]""]","[""[20, 100, 100]""]",days since 1993-01-01 00:00:00,gregorian
pacific_islands/full_domain/hindcast/monthly/raw/r20260427,zossq,1,396,396,1993-01-16,2025-12-16,fa2d4c0405,[20],[396],"[""[539, 725]""]","[""[20, 100, 100]""]",days since 1993-01-01 00:00:00,gregorian
pacific_islands/full_domain/hindcast/monthly/regrid/r20260427,Heat_PmE,1,396,396,1993-01-16,2025-12-16,fa2d4c0405,[100],[396],"[""[538, 724]""]","[""[100, 200, 200]""]",days since 1993-01-01,gregorian
pacific_islands/full_domain/hindcast/monthly/regrid/r20260427,LwLatSens,1,396,396,1993-01-16,2025-12-16,fa2d4c0405,[100],[396],"[""[538, 724]""]","[""[100, 200, 200]""]",days since 1993-01-01,gregorian
pacific_islands/full_domain/hindcast/monthly/regrid/r20260427,MLD_003,1,396,396,1993-01-16,2025-12-16,fa2d4c0405,[100],[396],"[""[538, 724]""]","[""[100, 200, 200]""]",days since 1993-01-01,gregorian
pacific_islands/full_domain/hindcast/monthly/regrid/r20260427,MLD_003_max,1,396,396,1993-01-16,2025-12-16,fa2d4c0405,[100],[396],"[""[538, 724]""]","[""[100, 200, 200]""]",days since 1993-01-01,gregorian
pacific_islands/full_domain/hindcast/monthly/regrid/r20260427,MLD_003_min,1,396,396,1993-01-16,2025-12-16,fa2d4c0405,[100],[396],"[""[538, 724]""]","[""[100, 200, 200]""]",days since 1993-01-01,gregorian
pacific_islands/full_domain/hindcast/monthly/regrid/r20260427,MLD_EN1,1,396,396,1993-01-16,2025-12-16,fa2d4c0405,[100],[396],"[""[538, 724]""]","[""[100, 200, 200]""]",days since 1993-01-01,gregorian
pacific_islands/full_domain/hindcast/monthly/regrid/r20260427,MLD_EN1_max,1,396,396,1993-01-16,2025-12-16,fa2d4c0405,[100],[396],"[""[538, 724]""]","[""[100, 200, 200]""]",days since 1993-01-01,gregorian
pacific_islands/full_domain/hindcast/monthly/regrid/r20260427,MLD_EN1_min,1,396,396,1993-01-16,2025-12-16,fa2d4c0405,[100],[396],"[""[538, 724]""]","[""[100, 200, 200]""]",days since 1993-01-01,gregorian
pacific_islands/full_domain/hindcast/monthly/regrid/r20260427,MLD_restrat,1,396,396,1993-01-16,2025-12-16,fa2d4c0405,[100],[396],"[""[538, 724]""]","[""[100, 200, 200]""]",days since 1993-01-01,gregorian
pacific_islands/full_domain/hindcast/monthly/regrid/r20260427,MSTAR,1,396,396,1993-01-16,2025-12-16,fa2d4c0405,[100],[396],"[""[538, 724]""]","[""[100, 200, 200]""]",days since 1993-01-01,gregorian
pacific_islands/full_domain/hindcast/monthly/regrid/r20260427,aragos,1,396,396,1993-01-16,2025-12-16,fa2d4c0405,[100],[396],"[""[538, 724]""]","[""[100, 200, 200]""]",days since 1993-01-01,gregorian
pacific_islands/full_domain/hindcast/monthly/regrid/r20260427,baccos,1,396,396,1993-01-16,2025-12-16,fa2d4c0405,[100],[396],"[""[538, 724]""]","[""[100, 200, 200]""]",days since 1993-01-01,gregorian
pacific_islands/full_domain/hindcast/monthly/regrid/r20260427,bfeos,1,396,396,1993-01-16,2025-12-16,fa2d4c0405,[100],[396],"[""[538, 724]""]","[""[100, 200, 200]""]",days since 1993-01-01,gregorian
pacific_islands/full_domain/hindcast/monthly/regrid/r20260427,bsios,1,396,396,1993-01-16,2025-12-16,fa2d4c0405,[100],[396],"[""[538, 724]""]","[""[100, 200, 200]""]",days since 1993-01-01,gregorian
pacific_islands/full_domain/hindcast/monthly/regrid/r20260427,btm_co3_ion,1,396,396,1993-01-16,2025-12-16,fa2d4c0405,[100],[396],"[""[538, 724]""]","[""[100, 200, 200]""]",days since 1993-01-01,gregorian
pacific_islands/full_domain/hindcast/monthly/regrid/r20260427,btm_co3_sol_arag,1,396,396,1993-01-16,2025-12-16,fa2d4c0405,[100],[396],"[""[538, 724]""]","[""[100, 200, 200]""]",days since 1993-01-01,gregorian
pacific_islands/full_domain/hindcast/monthly/regrid/r20260427,btm_co3_sol_calc,1,396,396,1993-01-16,2025-12-16,fa2d4c0405,[100],[396],"[""[538, 724]""]","[""[100, 200, 200]""]",days since 1993-01-01,gregorian
pacific_islands/full_domain/hindcast/monthly/regrid/r20260427,btm_htotal,1,396,396,1993-01-16,2025-12-16,fa2d4c0405,[100],[396],"[""[538, 724]""]","[""[100, 200, 200]""]",days since 1993-01-01,gregorian
pacific_islands/full_domain/hindcast/monthly/regrid/r20260427,btm_o2,1,396,396,1993-01-16,2025-12-16,fa2d4c0405,[100],[396],"[""[538, 724]""]","[""[100, 200, 200]""]",days since 1993-01-01,gregorian
pacific_islands/full_domain/hindcast/monthly/regrid/r20260427,btm_temp,1,396,396,1993-01-16,2025-12-16,fa2d4c0405,[100],[396],"[""[538, 724]""]","[""[100, 200, 200]""]",days since 1993-01-01,gregorian
pacific_islands/full_domain/hindcast/monthly/regrid/r20260427,calc,1,396,396,1993-01-16,2025-12-16,fa2d4c0405,[100],[396],"[""[52, 538, 724]""]","[""[100, 10, 200, 200]""]",days since 1993-01-01,gregorian
pacific_islands/full_domain/hindcast/monthly/regrid/r20260427,calcos,1,396,396,1993-01-16,2025-12-16,fa2d4c0405,[100],[396],"[""[538, 724]""]","[""[100, 200, 200]""]",days since 1993-01-01,gregorian
pacific_islands/full_domain/hindcast/monthly/regrid/r20260427,cased,1,396,396,1993-01-16,2025-12-16,fa2d4c0405,[100],[396],"[""[538, 724]""]","[""[100, 200, 200]""]",days since 1993-01-01,gregorian
pacific_islands/full_domain/hindcast/monthly/regrid/r20260427,cased_redis_coef,1,396,396,1993-01-16,2025-12-16,fa2d4c0405,[100],[396],"[""[538, 724]""]","[""[100, 200, 200]""]",days since 1993-01-01,gregorian
pacific_islands/full_domain/hindcast/monthly/regrid/r20260427,cased_redis_delz,1,396,396,1993-01-16,2025-12-16,fa2d4c0405,[100],[396],"[""[538, 724]""]","[""[100, 200, 200]""]",days since 1993-01-01,gregorian
pacific_islands/full_domain/hindcast/monthly/regrid/r20260427,chldiatos,1,396,396,1993-01-16,2025-12-16,fa2d4c0405,[100],[396],"[""[538, 724]""]","[""[100, 200, 200]""]",days since 1993-01-01,gregorian
pacific_islands/full_domain/hindcast/monthly/regrid/r20260427,chldiazos,1,396,396,1993-01-16,2025-12-16,fa2d4c0405,[100],[396],"[""[538, 724]""]","[""[100, 200, 200]""]",days since 1993-01-01,gregorian
pacific_islands/full_domain/hindcast/monthly/regrid/r20260427,chlmiscos,1,396,396,1993-01-16,2025-12-16,fa2d4c0405,[100],[396],"[""[538, 724]""]","[""[100, 200, 200]""]",days since 1993-01-01,gregorian
pacific_islands/full_domain/hindcast/monthly/regrid/r20260427,chlos,1,396,396,1993-01-16,2025-12-16,fa2d4c0405,[100],[396],"[""[538, 724]""]","[""[100, 200, 200]""]",days since 1993-01-01,gregorian
pacific_islands/full_domain/hindcast/monthly/regrid/r20260427,chlpicoos,1,396,396,1993-01-16,2025-12-16,fa2d4c0405,[100],[396],"[""[538, 724]""]","[""[100, 200, 200]""]",days since 1993-01-01,gregorian
pacific_islands/full_domain/hindcast/monthly/regrid/r20260427,co3os,1,396,396,1993-01-16,2025-12-16,fa2d4c0405,[100],[396],"[""[538, 724]""]","[""[100, 200, 200]""]",days since 1993-01-01,gregorian
pacific_islands/full_domain/hindcast/monthly/regrid/r20260427,co3sataragos,1,396,396,1993-01-16,2025-12-16,fa2d4c0405,[100],[396],"[""[538, 724]""]","[""[100, 200, 200]""]",days since 1993-01-01,gregorian
pacific_islands/full_domain/hindcast/monthly/regrid/r20260427,co3satcalcos,1,396,396,1993-01-16,2025-12-16,fa2d4c0405,[100],[396],"[""[538, 724]""]","[""[100, 200, 200]""]",days since 1993-01-01,gregorian
pacific_islands/full_domain/hindcast/monthly/regrid/r20260427,dep_dry_fed,1,396,396,1993-01-16,2025-12-16,fa2d4c0405,[100],[396],"[""[538, 724]""]","[""[100, 200, 200]""]",days since 1993-01-01,gregorian
pacific_islands/full_domain/hindcast/monthly/regrid/r20260427,dep_dry_lith,1,396,396,1993-01-16,2025-12-16,fa2d4c0405,[100],[396],"[""[538, 724]""]","[""[100, 200, 200]""]",days since 1993-01-01,gregorian
pacific_islands/full_domain/hindcast/monthly/regrid/r20260427,dep_dry_nh4,1,396,396,1993-01-16,2025-12-16,fa2d4c0405,[100],[396],"[""[538, 724]""]","[""[100, 200, 200]""]",days since 1993-01-01,gregorian
pacific_islands/full_domain/hindcast/monthly/regrid/r20260427,dep_dry_no3,1,396,396,1993-01-16,2025-12-16,fa2d4c0405,[100],[396],"[""[538, 724]""]","[""[100, 200, 200]""]",days since 1993-01-01,gregorian
pacific_islands/full_domain/hindcast/monthly/regrid/r20260427,dep_dry_po4,1,396,396,1993-01-16,2025-12-16,fa2d4c0405,[100],[396],"[""[538, 724]""]","[""[100, 200, 200]""]",days since 1993-01-01,gregorian
pacific_islands/full_domain/hindcast/monthly/regrid/r20260427,dep_wet_fed,1,396,396,1993-01-16,2025-12-16,fa2d4c0405,[100],[396],"[""[538, 724]""]","[""[100, 200, 200]""]",days since 1993-01-01,gregorian
pacific_islands/full_domain/hindcast/monthly/regrid/r20260427,dep_wet_lith,1,396,396,1993-01-16,2025-12-16,fa2d4c0405,[100],[396],"[""[538, 724]""]","[""[100, 200, 200]""]",days since 1993-01-01,gregorian
pacific_islands/full_domain/hindcast/monthly/regrid/r20260427,dep_wet_nh4,1,396,396,1993-01-16,2025-12-16,fa2d4c0405,[100],[396],"[""[538, 724]""]","[""[100, 200, 200]""]",days since 1993-01-01,gregorian
pacific_islands/full_domain/hindcast/monthly/regrid/r20260427,dep_wet_no3,1,396,396,1993-01-16,2025-12-16,fa2d4c0405,[100],[396],"[""[538, 724]""]","[""[100, 200, 200]""]",days since 1993-01-01,gregorian
pacific_islands/full_domain/hindcast/monthly/regrid/r20260427,detocos,1,396,396,1993-01-16,2025-12-16,fa2d4c0405,[100],[396],"[""[538, 724]""]","[""[100, 200, 200]""]",days since 1993-01-01,gregorian
pacific_islands/full_domain/hindcast/monthly/regrid/r20260427,dfeos,1,396,396,1993-01-16,2025-12-16,fa2d4c0405,[100],[396],"[""[538, 724]""]","[""[100, 200, 200]""]",days since 1993-01-01,gregorian
pacific_islands/full_domain/hindcast/monthly/regrid/r20260427,dic_csurf,1,396,396,1993-01-16,2025-12-16,fa2d4c0405,[100],[396],"[""[538, 724]""]","[""[100, 200, 200]""]",days since 1993-01-01,gregorian
pacific_islands/full_domain/hindcast/monthly/regrid/r20260427,dic_deltap,1,396,396,1993-01-16,2025-12-16,fa2d4c0405,[100],[396],"[""[538, 724]""]","[""[100, 200, 200]""]",days since 1993-01-01,gregorian
pacific_islands/full_domain/hindcast/monthly/regrid/r20260427,dic_kw,1,396,396,1993-01-16,2025-12-16,fa2d4c0405,[100],[396],"[""[538, 724]""]","[""[100, 200, 200]""]",days since 1993-01-01,gregorian
pacific_islands/full_domain/hindcast/monthly/regrid/r20260427,dic_sc_no,1,396,396,1993-01-16,2025-12-16,fa2d4c0405,[100],[396],"[""[538, 724]""]","[""[100, 200, 200]""]",days since 1993-01-01,gregorian
pacific_islands/full_domain/hindcast/monthly/regrid/r20260427,dic_stf_gas,1,396,396,1993-01-16,2025-12-16,fa2d4c0405,[100],[396],"[""[538, 724]""]","[""[100, 200, 200]""]",days since 1993-01-01,gregorian
pacific_islands/full_domain/hindcast/monthly/regrid/r20260427,dissicos,1,396,396,1993-01-16,2025-12-16,fa2d4c0405,[100],[396],"[""[538, 724]""]","[""[100, 200, 200]""]",days since 1993-01-01,gregorian
pacific_islands/full_domain/hindcast/monthly/regrid/r20260427,dissocos,1,396,396,1993-01-16,2025-12-16,fa2d4c0405,[100],[396],"[""[538, 724]""]","[""[100, 200, 200]""]",days since 1993-01-01,gregorian
pacific_islands/full_domain/hindcast/monthly/regrid/r20260427,don_100,1,396,396,1993-01-16,2025-12-16,fa2d4c0405,[100],[396],"[""[538, 724]""]","[""[100, 200, 200]""]",days since 1993-01-01,gregorian
pacific_islands/full_domain/hindcast/monthly/regrid/r20260427,dpco2,1,396,396,1993-01-16,2025-12-16,fa2d4c0405,[100],[396],"[""[538, 724]""]","[""[100, 200, 200]""]",days since 1993-01-01,gregorian
pacific_islands/full_domain/hindcast/monthly/regrid/r20260427,dpo2,1,396,396,1993-01-16,2025-12-16,fa2d4c0405,[100],[396],"[""[538, 724]""]","[""[100, 200, 200]""]",days since 1993-01-01,gregorian
pacific_islands/full_domain/hindcast/monthly/regrid/r20260427,eparag200,1,396,396,1993-01-16,2025-12-16,fa2d4c0405,[100],[396],"[""[538, 724]""]","[""[100, 200, 200]""]",days since 1993-01-01,gregorian
pacific_islands/full_domain/hindcast/monthly/regrid/r20260427,epc200,1,396,396,1993-01-16,2025-12-16,fa2d4c0405,[100],[396],"[""[538, 724]""]","[""[100, 200, 200]""]",days since 1993-01-01,gregorian
pacific_islands/full_domain/hindcast/monthly/regrid/r20260427,epcalc200,1,396,396,1993-01-16,2025-12-16,fa2d4c0405,[100],[396],"[""[538, 724]""]","[""[100, 200, 200]""]",days since 1993-01-01,gregorian
pacific_islands/full_domain/hindcast/monthly/regrid/r20260427,epfe200,1,396,396,1993-01-16,2025-12-16,fa2d4c0405,[100],[396],"[""[538, 724]""]","[""[100, 200, 200]""]",days since 1993-01-01,gregorian
pacific_islands/full_domain/hindcast/monthly/regrid/r20260427,epn200,1,396,396,1993-01-16,2025-12-16,fa2d4c0405,[100],[396],"[""[538, 724]""]","[""[100, 200, 200]""]",days since 1993-01-01,gregorian
pacific_islands/full_domain/hindcast/monthly/regrid/r20260427,epp200,1,396,396,1993-01-16,2025-12-16,fa2d4c0405,[100],[396],"[""[538, 724]""]","[""[100, 200, 200]""]",days since 1993-01-01,gregorian
pacific_islands/full_domain/hindcast/monthly/regrid/r20260427,epsi200,1,396,396,1993-01-16,2025-12-16,fa2d4c0405,[100],[396],"[""[538, 724]""]","[""[100, 200, 200]""]",days since 1993-01-01,gregorian
pacific_islands/full_domain/hindcast/monthly/regrid/r20260427,evs,1,396,396,1993-01-16,2025-12-16,fa2d4c0405,[100],[396],"[""[538, 724]""]","[""[100, 200, 200]""]",days since 1993-01-01,gregorian
pacific_islands/full_domain/hindcast/monthly/regrid/r20260427,fcadet_arag_btm,1,396,396,1993-01-16,2025-12-16,fa2d4c0405,[100],[396],"[""[538, 724]""]","[""[100, 200, 200]""]",days since 1993-01-01,gregorian
pacific_islands/full_domain/hindcast/monthly/regrid/r20260427,fcadet_calc_btm,1,396,396,1993-01-16,2025-12-16,fa2d4c0405,[100],[396],"[""[538, 724]""]","[""[100, 200, 200]""]",days since 1993-01-01,gregorian
pacific_islands/full_domain/hindcast/monthly/regrid/r20260427,fcased_burial,1,396,396,1993-01-16,2025-12-16,fa2d4c0405,[100],[396],"[""[538, 724]""]","[""[100, 200, 200]""]",days since 1993-01-01,gregorian
pacific_islands/full_domain/hindcast/monthly/regrid/r20260427,fcased_redis,1,396,396,1993-01-16,2025-12-16,fa2d4c0405,[100],[396],"[""[538, 724]""]","[""[100, 200, 200]""]",days since 1993-01-01,gregorian
pacific_islands/full_domain/hindcast/monthly/regrid/r20260427,fcased_redis_surfresp,1,396,396,1993-01-16,2025-12-16,fa2d4c0405,[100],[396],"[""[538, 724]""]","[""[100, 200, 200]""]",days since 1993-01-01,gregorian
pacific_islands/full_domain/hindcast/monthly/regrid/r20260427,ffe_sed,1,396,396,1993-01-16,2025-12-16,fa2d4c0405,[100],[396],"[""[538, 724]""]","[""[100, 200, 200]""]",days since 1993-01-01,gregorian
pacific_islands/full_domain/hindcast/monthly/regrid/r20260427,ffedet_btm,1,396,396,1993-01-16,2025-12-16,fa2d4c0405,[100],[396],"[""[538, 724]""]","[""[100, 200, 200]""]",days since 1993-01-01,gregorian
pacific_islands/full_domain/hindcast/monthly/regrid/r20260427,ffedi_btm,1,396,396,1993-01-16,2025-12-16,fa2d4c0405,[100],[396],"[""[538, 724]""]","[""[100, 200, 200]""]",days since 1993-01-01,gregorian
pacific_islands/full_domain/hindcast/monthly/regrid/r20260427,ffelg_btm,1,396,396,1993-01-16,2025-12-16,fa2d4c0405,[100],[396],"[""[538, 724]""]","[""[100, 200, 200]""]",days since 1993-01-01,gregorian
pacific_islands/full_domain/hindcast/monthly/regrid/r20260427,ffemd_btm,1,396,396,1993-01-16,2025-12-16,fa2d4c0405,[100],[396],"[""[538, 724]""]","[""[100, 200, 200]""]",days since 1993-01-01,gregorian
pacific_islands/full_domain/hindcast/monthly/regrid/r20260427,ffetot_btm,1,396,396,1993-01-16,2025-12-16,fa2d4c0405,[100],[396],"[""[538, 724]""]","[""[100, 200, 200]""]",days since 1993-01-01,gregorian
pacific_islands/full_domain/hindcast/monthly/regrid/r20260427,fgco2,1,396,396,1993-01-16,2025-12-16,fa2d4c0405,[100],[396],"[""[538, 724]""]","[""[100, 200, 200]""]",days since 1993-01-01,gregorian
pacific_islands/full_domain/hindcast/monthly/regrid/r20260427,fgo2,1,396,396,1993-01-16,2025-12-16,fa2d4c0405,[100],[396],"[""[538, 724]""]","[""[100, 200, 200]""]",days since 1993-01-01,gregorian
pacific_islands/full_domain/hindcast/monthly/regrid/r20260427,ficeberg,1,396,396,1993-01-16,2025-12-16,fa2d4c0405,[100],[396],"[""[538, 724]""]","[""[100, 200, 200]""]",days since 1993-01-01,gregorian
pacific_islands/full_domain/hindcast/monthly/regrid/r20260427,flithdet_btm,1,396,396,1993-01-16,2025-12-16,fa2d4c0405,[100],[396],"[""[538, 724]""]","[""[100, 200, 200]""]",days since 1993-01-01,gregorian
pacific_islands/full_domain/hindcast/monthly/regrid/r20260427,fndet_btm,1,396,396,1993-01-16,2025-12-16,fa2d4c0405,[100],[396],"[""[538, 724]""]","[""[100, 200, 200]""]",days since 1993-01-01,gregorian
pacific_islands/full_domain/hindcast/monthly/regrid/r20260427,fndi_btm,1,396,396,1993-01-16,2025-12-16,fa2d4c0405,[100],[396],"[""[538, 724]""]","[""[100, 200, 200]""]",days since 1993-01-01,gregorian
pacific_islands/full_domain/hindcast/monthly/regrid/r20260427,fnlg_btm,1,396,396,1993-01-16,2025-12-16,fa2d4c0405,[100],[396],"[""[538, 724]""]","[""[100, 200, 200]""]",days since 1993-01-01,gregorian
pacific_islands/full_domain/hindcast/monthly/regrid/r20260427,fnmd_btm,1,396,396,1993-01-16,2025-12-16,fa2d4c0405,[100],[396],"[""[538, 724]""]","[""[100, 200, 200]""]",days since 1993-01-01,gregorian
pacific_islands/full_domain/hindcast/monthly/regrid/r20260427,fno3denit_sed,1,396,396,1993-01-16,2025-12-16,fa2d4c0405,[100],[396],"[""[538, 724]""]","[""[100, 200, 200]""]",days since 1993-01-01,gregorian
pacific_islands/full_domain/hindcast/monthly/regrid/r20260427,fnoxic_sed,1,396,396,1993-01-16,2025-12-16,fa2d4c0405,[100],[396],"[""[538, 724]""]","[""[100, 200, 200]""]",days since 1993-01-01,gregorian
pacific_islands/full_domain/hindcast/monthly/regrid/r20260427,fntot_btm,1,396,396,1993-01-16,2025-12-16,fa2d4c0405,[100],[396],"[""[538, 724]""]","[""[100, 200, 200]""]",days since 1993-01-01,gregorian
pacific_islands/full_domain/hindcast/monthly/regrid/r20260427,fpdet_btm,1,396,396,1993-01-16,2025-12-16,fa2d4c0405,[100],[396],"[""[538, 724]""]","[""[100, 200, 200]""]",days since 1993-01-01,gregorian
pacific_islands/full_domain/hindcast/monthly/regrid/r20260427,fpdi_btm,1,396,396,1993-01-16,2025-12-16,fa2d4c0405,[100],[396],"[""[538, 724]""]","[""[100, 200, 200]""]",days since 1993-01-01,gregorian
pacific_islands/full_domain/hindcast/monthly/regrid/r20260427,fplg_btm,1,396,396,1993-01-16,2025-12-16,fa2d4c0405,[100],[396],"[""[538, 724]""]","[""[100, 200, 200]""]",days since 1993-01-01,gregorian
pacific_islands/full_domain/hindcast/monthly/regrid/r20260427,fpmd_btm,1,396,396,1993-01-16,2025-12-16,fa2d4c0405,[100],[396],"[""[538, 724]""]","[""[100, 200, 200]""]",days since 1993-01-01,gregorian
pacific_islands/full_domain/hindcast/monthly/regrid/r20260427,fptot_btm,1,396,396,1993-01-16,2025-12-16,fa2d4c0405,[100],[396],"[""[538, 724]""]","[""[100, 200, 200]""]",days since 1993-01-01,gregorian
pacific_islands/full_domain/hindcast/monthly/regrid/r20260427,frfe,1,396,396,1993-01-16,2025-12-16,fa2d4c0405,[100],[396],"[""[538, 724]""]","[""[100, 200, 200]""]",days since 1993-01-01,gregorian
pacific_islands/full_domain/hindcast/monthly/regrid/r20260427,fric,1,396,396,1993-01-16,2025-12-16,fa2d4c0405,[100],[396],"[""[538, 724]""]","[""[100, 200, 200]""]",days since 1993-01-01,gregorian
pacific_islands/full_domain/hindcast/monthly/regrid/r20260427,friver,1,396,396,1993-01-16,2025-12-16,fa2d4c0405,[100],[396],"[""[538, 724]""]","[""[100, 200, 200]""]",days since 1993-01-01,gregorian
pacific_islands/full_domain/hindcast/monthly/regrid/r20260427,frn,1,396,396,1993-01-16,2025-12-16,fa2d4c0405,[100],[396],"[""[538, 724]""]","[""[100, 200, 200]""]",days since 1993-01-01,gregorian
pacific_islands/full_domain/hindcast/monthly/regrid/r20260427,froc,1,396,396,1993-01-16,2025-12-16,fa2d4c0405,[100],[396],"[""[538, 724]""]","[""[100, 200, 200]""]",days since 1993-01-01,gregorian
pacific_islands/full_domain/hindcast/monthly/regrid/r20260427,fsfe,1,396,396,1993-01-16,2025-12-16,fa2d4c0405,[100],[396],"[""[538, 724]""]","[""[100, 200, 200]""]",days since 1993-01-01,gregorian
pacific_islands/full_domain/hindcast/monthly/regrid/r20260427,fsidet_btm,1,396,396,1993-01-16,2025-12-16,fa2d4c0405,[100],[396],"[""[538, 724]""]","[""[100, 200, 200]""]",days since 1993-01-01,gregorian
pacific_islands/full_domain/hindcast/monthly/regrid/r20260427,fsilg_btm,1,396,396,1993-01-16,2025-12-16,fa2d4c0405,[100],[396],"[""[538, 724]""]","[""[100, 200, 200]""]",days since 1993-01-01,gregorian
pacific_islands/full_domain/hindcast/monthly/regrid/r20260427,fsimd_btm,1,396,396,1993-01-16,2025-12-16,fa2d4c0405,[100],[396],"[""[538, 724]""]","[""[100, 200, 200]""]",days since 1993-01-01,gregorian
pacific_islands/full_domain/hindcast/monthly/regrid/r20260427,fsitherm,1,396,396,1993-01-16,2025-12-16,fa2d4c0405,[100],[396],"[""[538, 724]""]","[""[100, 200, 200]""]",days since 1993-01-01,gregorian
pacific_islands/full_domain/hindcast/monthly/regrid/r20260427,fsn,1,396,396,1993-01-16,2025-12-16,fa2d4c0405,[100],[396],"[""[538, 724]""]","[""[100, 200, 200]""]",days since 1993-01-01,gregorian
pacific_islands/full_domain/hindcast/monthly/regrid/r20260427,heat_content_cond,1,396,396,1993-01-16,2025-12-16,fa2d4c0405,[100],[396],"[""[538, 724]""]","[""[100, 200, 200]""]",days since 1993-01-01,gregorian
pacific_islands/full_domain/hindcast/monthly/regrid/r20260427,heat_content_fprec,1,396,396,1993-01-16,2025-12-16,fa2d4c0405,[100],[396],"[""[538, 724]""]","[""[100, 200, 200]""]",days since 1993-01-01,gregorian
pacific_islands/full_domain/hindcast/monthly/regrid/r20260427,heat_content_massin,1,396,396,1993-01-16,2025-12-16,fa2d4c0405,[100],[396],"[""[538, 724]""]","[""[100, 200, 200]""]",days since 1993-01-01,gregorian
pacific_islands/full_domain/hindcast/monthly/regrid/r20260427,heat_content_massout,1,396,396,1993-01-16,2025-12-16,fa2d4c0405,[100],[396],"[""[538, 724]""]","[""[100, 200, 200]""]",days since 1993-01-01,gregorian
pacific_islands/full_domain/hindcast/monthly/regrid/r20260427,heat_content_surfwater,1,396,396,1993-01-16,2025-12-16,fa2d4c0405,[100],[396],"[""[538, 724]""]","[""[100, 200, 200]""]",days since 1993-01-01,gregorian
pacific_islands/full_domain/hindcast/monthly/regrid/r20260427,hfds,1,396,396,1993-01-16,2025-12-16,fa2d4c0405,[100],[396],"[""[538, 724]""]","[""[100, 200, 200]""]",days since 1993-01-01,gregorian
pacific_islands/full_domain/hindcast/monthly/regrid/r20260427,hfevapds,1,396,396,1993-01-16,2025-12-16,fa2d4c0405,[100],[396],"[""[538, 724]""]","[""[100, 200, 200]""]",days since 1993-01-01,gregorian
pacific_islands/full_domain/hindcast/monthly/regrid/r20260427,hfibthermds,1,396,396,1993-01-16,2025-12-16,fa2d4c0405,[100],[396],"[""[538, 724]""]","[""[100, 200, 200]""]",days since 1993-01-01,gregorian
pacific_islands/full_domain/hindcast/monthly/regrid/r20260427,hflso,1,396,396,1993-01-16,2025-12-16,fa2d4c0405,[100],[396],"[""[538, 724]""]","[""[100, 200, 200]""]",days since 1993-01-01,gregorian
pacific_islands/full_domain/hindcast/monthly/regrid/r20260427,hfrainds,1,396,396,1993-01-16,2025-12-16,fa2d4c0405,[100],[396],"[""[538, 724]""]","[""[100, 200, 200]""]",days since 1993-01-01,gregorian
pacific_islands/full_domain/hindcast/monthly/regrid/r20260427,hfrunoffds,1,396,396,1993-01-16,2025-12-16,fa2d4c0405,[100],[396],"[""[538, 724]""]","[""[100, 200, 200]""]",days since 1993-01-01,gregorian
pacific_islands/full_domain/hindcast/monthly/regrid/r20260427,hfsifrazil,1,396,396,1993-01-16,2025-12-16,fa2d4c0405,[100],[396],"[""[538, 724]""]","[""[100, 200, 200]""]",days since 1993-01-01,gregorian
pacific_islands/full_domain/hindcast/monthly/regrid/r20260427,hfsnthermds,1,396,396,1993-01-16,2025-12-16,fa2d4c0405,[100],[396],"[""[538, 724]""]","[""[100, 200, 200]""]",days since 1993-01-01,gregorian
pacific_islands/full_domain/hindcast/monthly/regrid/r20260427,hfsso,1,396,396,1993-01-16,2025-12-16,fa2d4c0405,[100],[396],"[""[538, 724]""]","[""[100, 200, 200]""]",days since 1993-01-01,gregorian
pacific_islands/full_domain/hindcast/monthly/regrid/r20260427,icfriver,1,396,396,1993-01-16,2025-12-16,fa2d4c0405,[100],[396],"[""[538, 724]""]","[""[100, 200, 200]""]",days since 1993-01-01,gregorian
pacific_islands/full_domain/hindcast/monthly/regrid/r20260427,intdic,1,396,396,1993-01-16,2025-12-16,fa2d4c0405,[100],[396],"[""[538, 724]""]","[""[100, 200, 200]""]",days since 1993-01-01,gregorian
pacific_islands/full_domain/hindcast/monthly/regrid/r20260427,intdoc,1,396,396,1993-01-16,2025-12-16,fa2d4c0405,[100],[396],"[""[538, 724]""]","[""[100, 200, 200]""]",days since 1993-01-01,gregorian
pacific_islands/full_domain/hindcast/monthly/regrid/r20260427,intparag,1,396,396,1993-01-16,2025-12-16,fa2d4c0405,[100],[396],"[""[538, 724]""]","[""[100, 200, 200]""]",days since 1993-01-01,gregorian
pacific_islands/full_domain/hindcast/monthly/regrid/r20260427,intpbfe,1,396,396,1993-01-16,2025-12-16,fa2d4c0405,[100],[396],"[""[538, 724]""]","[""[100, 200, 200]""]",days since 1993-01-01,gregorian
pacific_islands/full_domain/hindcast/monthly/regrid/r20260427,intpbn,1,396,396,1993-01-16,2025-12-16,fa2d4c0405,[100],[396],"[""[538, 724]""]","[""[100, 200, 200]""]",days since 1993-01-01,gregorian
pacific_islands/full_domain/hindcast/monthly/regrid/r20260427,intpbp,1,396,396,1993-01-16,2025-12-16,fa2d4c0405,[100],[396],"[""[538, 724]""]","[""[100, 200, 200]""]",days since 1993-01-01,gregorian
pacific_islands/full_domain/hindcast/monthly/regrid/r20260427,intpbsi,1,396,396,1993-01-16,2025-12-16,fa2d4c0405,[100],[396],"[""[538, 724]""]","[""[100, 200, 200]""]",days since 1993-01-01,gregorian
pacific_islands/full_domain/hindcast/monthly/regrid/r20260427,intpcalcite,1,396,396,1993-01-16,2025-12-16,fa2d4c0405,[100],[396],"[""[538, 724]""]","[""[100, 200, 200]""]",days since 1993-01-01,gregorian
pacific_islands/full_domain/hindcast/monthly/regrid/r20260427,intpn2,1,396,396,1993-01-16,2025-12-16,fa2d4c0405,[100],[396],"[""[538, 724]""]","[""[100, 200, 200]""]",days since 1993-01-01,gregorian
pacific_islands/full_domain/hindcast/monthly/regrid/r20260427,intpoc,1,396,396,1993-01-16,2025-12-16,fa2d4c0405,[100],[396],"[""[538, 724]""]","[""[100, 200, 200]""]",days since 1993-01-01,gregorian
pacific_islands/full_domain/hindcast/monthly/regrid/r20260427,intpp,1,396,396,1993-01-16,2025-12-16,fa2d4c0405,[100],[396],"[""[538, 724]""]","[""[100, 200, 200]""]",days since 1993-01-01,gregorian
pacific_islands/full_domain/hindcast/monthly/regrid/r20260427,intppdiat,1,396,396,1993-01-16,2025-12-16,fa2d4c0405,[100],[396],"[""[538, 724]""]","[""[100, 200, 200]""]",days since 1993-01-01,gregorian
pacific_islands/full_domain/hindcast/monthly/regrid/r20260427,intppdiaz,1,396,396,1993-01-16,2025-12-16,fa2d4c0405,[100],[396],"[""[538, 724]""]","[""[100, 200, 200]""]",days since 1993-01-01,gregorian
pacific_islands/full_domain/hindcast/monthly/regrid/r20260427,intppmisc,1,396,396,1993-01-16,2025-12-16,fa2d4c0405,[100],[396],"[""[538, 724]""]","[""[100, 200, 200]""]",days since 1993-01-01,gregorian
pacific_islands/full_domain/hindcast/monthly/regrid/r20260427,intppnitrate,1,396,396,1993-01-16,2025-12-16,fa2d4c0405,[100],[396],"[""[538, 724]""]","[""[100, 200, 200]""]",days since 1993-01-01,gregorian
pacific_islands/full_domain/hindcast/monthly/regrid/r20260427,intpppico,1,396,396,1993-01-16,2025-12-16,fa2d4c0405,[100],[396],"[""[538, 724]""]","[""[100, 200, 200]""]",days since 1993-01-01,gregorian
pacific_islands/full_domain/hindcast/monthly/regrid/r20260427,jaggloss_nlgp_100,1,396,396,1993-01-16,2025-12-16,fa2d4c0405,[100],[396],"[""[538, 724]""]","[""[100, 200, 200]""]",days since 1993-01-01,gregorian
pacific_islands/full_domain/hindcast/monthly/regrid/r20260427,jaggloss_nmdp_100,1,396,396,1993-01-16,2025-12-16,fa2d4c0405,[100],[396],"[""[538, 724]""]","[""[100, 200, 200]""]",days since 1993-01-01,gregorian
pacific_islands/full_domain/hindcast/monthly/regrid/r20260427,jaggloss_nsmp_100,1,396,396,1993-01-16,2025-12-16,fa2d4c0405,[100],[396],"[""[538, 724]""]","[""[100, 200, 200]""]",days since 1993-01-01,gregorian
pacific_islands/full_domain/hindcast/monthly/regrid/r20260427,jexuloss_ndi_100,1,396,396,1993-01-16,2025-12-16,fa2d4c0405,[100],[396],"[""[538, 724]""]","[""[100, 200, 200]""]",days since 1993-01-01,gregorian
pacific_islands/full_domain/hindcast/monthly/regrid/r20260427,jexuloss_nlgp_100,1,396,396,1993-01-16,2025-12-16,fa2d4c0405,[100],[396],"[""[538, 724]""]","[""[100, 200, 200]""]",days since 1993-01-01,gregorian
pacific_islands/full_domain/hindcast/monthly/regrid/r20260427,jexuloss_nmdp_100,1,396,396,1993-01-16,2025-12-16,fa2d4c0405,[100],[396],"[""[538, 724]""]","[""[100, 200, 200]""]",days since 1993-01-01,gregorian
pacific_islands/full_domain/hindcast/monthly/regrid/r20260427,jexuloss_nsmp_100,1,396,396,1993-01-16,2025-12-16,fa2d4c0405,[100],[396],"[""[538, 724]""]","[""[100, 200, 200]""]",days since 1993-01-01,gregorian
pacific_islands/full_domain/hindcast/monthly/regrid/r20260427,jhploss_nlgz_100,1,396,396,1993-01-16,2025-12-16,fa2d4c0405,[100],[396],"[""[538, 724]""]","[""[100, 200, 200]""]",days since 1993-01-01,gregorian
pacific_islands/full_domain/hindcast/monthly/regrid/r20260427,jhploss_nmdz_100,1,396,396,1993-01-16,2025-12-16,fa2d4c0405,[100],[396],"[""[538, 724]""]","[""[100, 200, 200]""]",days since 1993-01-01,gregorian
pacific_islands/full_domain/hindcast/monthly/regrid/r20260427,jingest_n_hp_100,1,396,396,1993-01-16,2025-12-16,fa2d4c0405,[100],[396],"[""[538, 724]""]","[""[100, 200, 200]""]",days since 1993-01-01,gregorian
pacific_islands/full_domain/hindcast/monthly/regrid/r20260427,jingest_n_nlgz_100,1,396,396,1993-01-16,2025-12-16,fa2d4c0405,[100],[396],"[""[538, 724]""]","[""[100, 200, 200]""]",days since 1993-01-01,gregorian
pacific_islands/full_domain/hindcast/monthly/regrid/r20260427,jingest_n_nmdz_100,1,396,396,1993-01-16,2025-12-16,fa2d4c0405,[100],[396],"[""[538, 724]""]","[""[100, 200, 200]""]",days since 1993-01-01,gregorian
pacific_islands/full_domain/hindcast/monthly/regrid/r20260427,jingest_n_nsmz_100,1,396,396,1993-01-16,2025-12-16,fa2d4c0405,[100],[396],"[""[538, 724]""]","[""[100, 200, 200]""]",days since 1993-01-01,gregorian
pacific_islands/full_domain/hindcast/monthly/regrid/r20260427,jmortloss_ndi_100,1,396,396,1993-01-16,2025-12-16,fa2d4c0405,[100],[396],"[""[538, 724]""]","[""[100, 200, 200]""]",days since 1993-01-01,gregorian
pacific_islands/full_domain/hindcast/monthly/regrid/r20260427,jmortloss_nlgp_100,1,396,396,1993-01-16,2025-12-16,fa2d4c0405,[100],[396],"[""[538, 724]""]","[""[100, 200, 200]""]",days since 1993-01-01,gregorian
pacific_islands/full_domain/hindcast/monthly/regrid/r20260427,jmortloss_nmdp_100,1,396,396,1993-01-16,2025-12-16,fa2d4c0405,[100],[396],"[""[538, 724]""]","[""[100, 200, 200]""]",days since 1993-01-01,gregorian
pacific_islands/full_domain/hindcast/monthly/regrid/r20260427,jmortloss_nsmp_100,1,396,396,1993-01-16,2025-12-16,fa2d4c0405,[100],[396],"[""[538, 724]""]","[""[100, 200, 200]""]",days since 1993-01-01,gregorian
pacific_islands/full_domain/hindcast/monthly/regrid/r20260427,jprod_cadet_arag_100,1,396,396,1993-01-16,2025-12-16,fa2d4c0405,[100],[396],"[""[538, 724]""]","[""[100, 200, 200]""]",days since 1993-01-01,gregorian
pacific_islands/full_domain/hindcast/monthly/regrid/r20260427,jprod_cadet_calc_100,1,396,396,1993-01-16,2025-12-16,fa2d4c0405,[100],[396],"[""[538, 724]""]","[""[100, 200, 200]""]",days since 1993-01-01,gregorian
pacific_islands/full_domain/hindcast/monthly/regrid/r20260427,jprod_don_nmdz_100,1,396,396,1993-01-16,2025-12-16,fa2d4c0405,[100],[396],"[""[538, 724]""]","[""[100, 200, 200]""]",days since 1993-01-01,gregorian
pacific_islands/full_domain/hindcast/monthly/regrid/r20260427,jprod_don_nsmz_100,1,396,396,1993-01-16,2025-12-16,fa2d4c0405,[100],[396],"[""[538, 724]""]","[""[100, 200, 200]""]",days since 1993-01-01,gregorian
pacific_islands/full_domain/hindcast/monthly/regrid/r20260427,jprod_lithdet_100,1,396,396,1993-01-16,2025-12-16,fa2d4c0405,[100],[396],"[""[538, 724]""]","[""[100, 200, 200]""]",days since 1993-01-01,gregorian
pacific_islands/full_domain/hindcast/monthly/regrid/r20260427,jprod_mesozoo_200,1,396,396,1993-01-16,2025-12-16,fa2d4c0405,[100],[396],"[""[538, 724]""]","[""[100, 200, 200]""]",days since 1993-01-01,gregorian
pacific_islands/full_domain/hindcast/monthly/regrid/r20260427,jprod_nbact_100,1,396,396,1993-01-16,2025-12-16,fa2d4c0405,[100],[396],"[""[538, 724]""]","[""[100, 200, 200]""]",days since 1993-01-01,gregorian
pacific_islands/full_domain/hindcast/monthly/regrid/r20260427,jprod_ndet_hp_100,1,396,396,1993-01-16,2025-12-16,fa2d4c0405,[100],[396],"[""[538, 724]""]","[""[100, 200, 200]""]",days since 1993-01-01,gregorian
pacific_islands/full_domain/hindcast/monthly/regrid/r20260427,jprod_ndet_nlgz_100,1,396,396,1993-01-16,2025-12-16,fa2d4c0405,[100],[396],"[""[538, 724]""]","[""[100, 200, 200]""]",days since 1993-01-01,gregorian
pacific_islands/full_domain/hindcast/monthly/regrid/r20260427,jprod_ndet_nmdz_100,1,396,396,1993-01-16,2025-12-16,fa2d4c0405,[100],[396],"[""[538, 724]""]","[""[100, 200, 200]""]",days since 1993-01-01,gregorian
pacific_islands/full_domain/hindcast/monthly/regrid/r20260427,jprod_ndi_100,1,396,396,1993-01-16,2025-12-16,fa2d4c0405,[100],[396],"[""[538, 724]""]","[""[100, 200, 200]""]",days since 1993-01-01,gregorian
pacific_islands/full_domain/hindcast/monthly/regrid/r20260427,jprod_ndi_n2_100,1,396,396,1993-01-16,2025-12-16,fa2d4c0405,[100],[396],"[""[538, 724]""]","[""[100, 200, 200]""]",days since 1993-01-01,gregorian
pacific_islands/full_domain/hindcast/monthly/regrid/r20260427,jprod_ndi_new_100,1,396,396,1993-01-16,2025-12-16,fa2d4c0405,[100],[396],"[""[538, 724]""]","[""[100, 200, 200]""]",days since 1993-01-01,gregorian
pacific_islands/full_domain/hindcast/monthly/regrid/r20260427,jprod_nlgp_100,1,396,396,1993-01-16,2025-12-16,fa2d4c0405,[100],[396],"[""[538, 724]""]","[""[100, 200, 200]""]",days since 1993-01-01,gregorian
pacific_islands/full_domain/hindcast/monthly/regrid/r20260427,jprod_nlgp_new_100,1,396,396,1993-01-16,2025-12-16,fa2d4c0405,[100],[396],"[""[538, 724]""]","[""[100, 200, 200]""]",days since 1993-01-01,gregorian
pacific_islands/full_domain/hindcast/monthly/regrid/r20260427,jprod_nlgz_100,1,396,396,1993-01-16,2025-12-16,fa2d4c0405,[100],[396],"[""[538, 724]""]","[""[100, 200, 200]""]",days since 1993-01-01,gregorian
pacific_islands/full_domain/hindcast/monthly/regrid/r20260427,jprod_nmdp_100,1,396,396,1993-01-16,2025-12-16,fa2d4c0405,[100],[396],"[""[538, 724]""]","[""[100, 200, 200]""]",days since 1993-01-01,gregorian
pacific_islands/full_domain/hindcast/monthly/regrid/r20260427,jprod_nmdp_new_100,1,396,396,1993-01-16,2025-12-16,fa2d4c0405,[100],[396],"[""[538, 724]""]","[""[100, 200, 200]""]",days since 1993-01-01,gregorian
pacific_islands/full_domain/hindcast/monthly/regrid/r20260427,jprod_nmdz_100,1,396,396,1993-01-16,2025-12-16,fa2d4c0405,[100],[396],"[""[538, 724]""]","[""[100, 200, 200]""]",days since 1993-01-01,gregorian
pacific_islands/full_domain/hindcast/monthly/regrid/r20260427,jprod_nsmp_100,1,396,396,1993-01-16,2025-12-16,fa2d4c0405,[100],[396],"[""[538, 724]""]","[""[100, 200, 200]""]",days since 1993-01-01,gregorian
pacific_islands/full_domain/hindcast/monthly/regrid/r20260427,jprod_nsmp_new_100,1,396,396,1993-01-16,2025-12-16,fa2d4c0405,[100],[396],"[""[538, 724]""]","[""[100, 200, 200]""]",days since 1993-01-01,gregorian
pacific_islands/full_domain/hindcast/monthly/regrid/r20260427,jprod_nsmz_100,1,396,396,1993-01-16,2025-12-16,fa2d4c0405,[100],[396],"[""[538, 724]""]","[""[100, 200, 200]""]",days since 1993-01-01,gregorian
pacific_islands/full_domain/hindcast/monthly/regrid/r20260427,jprod_sidet_100,1,396,396,1993-01-16,2025-12-16,fa2d4c0405,[100],[396],"[""[538, 724]""]","[""[100, 200, 200]""]",days since 1993-01-01,gregorian
pacific_islands/full_domain/hindcast/monthly/regrid/r20260427,jremin_n_hp_100,1,396,396,1993-01-16,2025-12-16,fa2d4c0405,[100],[396],"[""[538, 724]""]","[""[100, 200, 200]""]",days since 1993-01-01,gregorian
pacific_islands/full_domain/hindcast/monthly/regrid/r20260427,jremin_n_nbact_100,1,396,396,1993-01-16,2025-12-16,fa2d4c0405,[100],[396],"[""[538, 724]""]","[""[100, 200, 200]""]",days since 1993-01-01,gregorian
pacific_islands/full_domain/hindcast/monthly/regrid/r20260427,jremin_n_nlgz_100,1,396,396,1993-01-16,2025-12-16,fa2d4c0405,[100],[396],"[""[538, 724]""]","[""[100, 200, 200]""]",days since 1993-01-01,gregorian
pacific_islands/full_domain/hindcast/monthly/regrid/r20260427,jremin_n_nmdz_100,1,396,396,1993-01-16,2025-12-16,fa2d4c0405,[100],[396],"[""[538, 724]""]","[""[100, 200, 200]""]",days since 1993-01-01,gregorian
pacific_islands/full_domain/hindcast/monthly/regrid/r20260427,jremin_n_nsmz_100,1,396,396,1993-01-16,2025-12-16,fa2d4c0405,[100],[396],"[""[538, 724]""]","[""[100, 200, 200]""]",days since 1993-01-01,gregorian
pacific_islands/full_domain/hindcast/monthly/regrid/r20260427,jremin_ndet_100,1,396,396,1993-01-16,2025-12-16,fa2d4c0405,[100],[396],"[""[538, 724]""]","[""[100, 200, 200]""]",days since 1993-01-01,gregorian
pacific_islands/full_domain/hindcast/monthly/regrid/r20260427,juptake_ldon_nbact_100,1,396,396,1993-01-16,2025-12-16,fa2d4c0405,[100],[396],"[""[538, 724]""]","[""[100, 200, 200]""]",days since 1993-01-01,gregorian
pacific_islands/full_domain/hindcast/monthly/regrid/r20260427,jvirloss_nbact_100,1,396,396,1993-01-16,2025-12-16,fa2d4c0405,[100],[396],"[""[538, 724]""]","[""[100, 200, 200]""]",days since 1993-01-01,gregorian
pacific_islands/full_domain/hindcast/monthly/regrid/r20260427,jvirloss_nlgp_100,1,396,396,1993-01-16,2025-12-16,fa2d4c0405,[100],[396],"[""[538, 724]""]","[""[100, 200, 200]""]",days since 1993-01-01,gregorian
pacific_islands/full_domain/hindcast/monthly/regrid/r20260427,jvirloss_nmdp_100,1,396,396,1993-01-16,2025-12-16,fa2d4c0405,[100],[396],"[""[538, 724]""]","[""[100, 200, 200]""]",days since 1993-01-01,gregorian
pacific_islands/full_domain/hindcast/monthly/regrid/r20260427,jvirloss_nsmp_100,1,396,396,1993-01-16,2025-12-16,fa2d4c0405,[100],[396],"[""[538, 724]""]","[""[100, 200, 200]""]",days since 1993-01-01,gregorian
pacific_islands/full_domain/hindcast/monthly/regrid/r20260427,jzloss_nbact_100,1,396,396,1993-01-16,2025-12-16,fa2d4c0405,[100],[396],"[""[538, 724]""]","[""[100, 200, 200]""]",days since 1993-01-01,gregorian
pacific_islands/full_domain/hindcast/monthly/regrid/r20260427,jzloss_ndi_100,1,396,396,1993-01-16,2025-12-16,fa2d4c0405,[100],[396],"[""[538, 724]""]","[""[100, 200, 200]""]",days since 1993-01-01,gregorian
pacific_islands/full_domain/hindcast/monthly/regrid/r20260427,jzloss_nlgp_100,1,396,396,1993-01-16,2025-12-16,fa2d4c0405,[100],[396],"[""[538, 724]""]","[""[100, 200, 200]""]",days since 1993-01-01,gregorian
pacific_islands/full_domain/hindcast/monthly/regrid/r20260427,jzloss_nmdp_100,1,396,396,1993-01-16,2025-12-16,fa2d4c0405,[100],[396],"[""[538, 724]""]","[""[100, 200, 200]""]",days since 1993-01-01,gregorian
pacific_islands/full_domain/hindcast/monthly/regrid/r20260427,jzloss_nmdz_100,1,396,396,1993-01-16,2025-12-16,fa2d4c0405,[100],[396],"[""[538, 724]""]","[""[100, 200, 200]""]",days since 1993-01-01,gregorian
pacific_islands/full_domain/hindcast/monthly/regrid/r20260427,jzloss_nsmp_100,1,396,396,1993-01-16,2025-12-16,fa2d4c0405,[100],[396],"[""[538, 724]""]","[""[100, 200, 200]""]",days since 1993-01-01,gregorian
pacific_islands/full_domain/hindcast/monthly/regrid/r20260427,jzloss_nsmz_100,1,396,396,1993-01-16,2025-12-16,fa2d4c0405,[100],[396],"[""[538, 724]""]","[""[100, 200, 200]""]",days since 1993-01-01,gregorian
pacific_islands/full_domain/hindcast/monthly/regrid/r20260427,limfediat,1,396,396,1993-01-16,2025-12-16,fa2d4c0405,[100],[396],"[""[538, 724]""]","[""[100, 200, 200]""]",days since 1993-01-01,gregorian
pacific_islands/full_domain/hindcast/monthly/regrid/r20260427,limfediaz,1,396,396,1993-01-16,2025-12-16,fa2d4c0405,[100],[396],"[""[538, 724]""]","[""[100, 200, 200]""]",days since 1993-01-01,gregorian
pacific_islands/full_domain/hindcast/monthly/regrid/r20260427,limfemisc,1,396,396,1993-01-16,2025-12-16,fa2d4c0405,[100],[396],"[""[538, 724]""]","[""[100, 200, 200]""]",days since 1993-01-01,gregorian
pacific_islands/full_domain/hindcast/monthly/regrid/r20260427,limfepico,1,396,396,1993-01-16,2025-12-16,fa2d4c0405,[100],[396],"[""[538, 724]""]","[""[100, 200, 200]""]",days since 1993-01-01,gregorian
pacific_islands/full_domain/hindcast/monthly/regrid/r20260427,limirrdiat,1,396,396,1993-01-16,2025-12-16,fa2d4c0405,[100],[396],"[""[538, 724]""]","[""[100, 200, 200]""]",days since 1993-01-01,gregorian
pacific_islands/full_domain/hindcast/monthly/regrid/r20260427,limirrdiaz,1,396,396,1993-01-16,2025-12-16,fa2d4c0405,[100],[396],"[""[538, 724]""]","[""[100, 200, 200]""]",days since 1993-01-01,gregorian
pacific_islands/full_domain/hindcast/monthly/regrid/r20260427,limirrmisc,1,396,396,1993-01-16,2025-12-16,fa2d4c0405,[100],[396],"[""[538, 724]""]","[""[100, 200, 200]""]",days since 1993-01-01,gregorian
pacific_islands/full_domain/hindcast/monthly/regrid/r20260427,limirrpico,1,396,396,1993-01-16,2025-12-16,fa2d4c0405,[100],[396],"[""[538, 724]""]","[""[100, 200, 200]""]",days since 1993-01-01,gregorian
pacific_islands/full_domain/hindcast/monthly/regrid/r20260427,limndiat,1,396,396,1993-01-16,2025-12-16,fa2d4c0405,[100],[396],"[""[538, 724]""]","[""[100, 200, 200]""]",days since 1993-01-01,gregorian
pacific_islands/full_domain/hindcast/monthly/regrid/r20260427,limnmisc,1,396,396,1993-01-16,2025-12-16,fa2d4c0405,[100],[396],"[""[538, 724]""]","[""[100, 200, 200]""]",days since 1993-01-01,gregorian
pacific_islands/full_domain/hindcast/monthly/regrid/r20260427,limnpico,1,396,396,1993-01-16,2025-12-16,fa2d4c0405,[100],[396],"[""[538, 724]""]","[""[100, 200, 200]""]",days since 1993-01-01,gregorian
pacific_islands/full_domain/hindcast/monthly/regrid/r20260427,limpdiat,1,396,396,1993-01-16,2025-12-16,fa2d4c0405,[100],[396],"[""[538, 724]""]","[""[100, 200, 200]""]",days since 1993-01-01,gregorian
pacific_islands/full_domain/hindcast/monthly/regrid/r20260427,limpdiaz,1,396,396,1993-01-16,2025-12-16,fa2d4c0405,[100],[396],"[""[538, 724]""]","[""[100, 200, 200]""]",days since 1993-01-01,gregorian
pacific_islands/full_domain/hindcast/monthly/regrid/r20260427,limpmisc,1,396,396,1993-01-16,2025-12-16,fa2d4c0405,[100],[396],"[""[538, 724]""]","[""[100, 200, 200]""]",days since 1993-01-01,gregorian
pacific_islands/full_domain/hindcast/monthly/regrid/r20260427,limppico,1,396,396,1993-01-16,2025-12-16,fa2d4c0405,[100],[396],"[""[538, 724]""]","[""[100, 200, 200]""]",days since 1993-01-01,gregorian
pacific_islands/full_domain/hindcast/monthly/regrid/r20260427,mesozoo_200,1,396,396,1993-01-16,2025-12-16,fa2d4c0405,[100],[396],"[""[538, 724]""]","[""[100, 200, 200]""]",days since 1993-01-01,gregorian
pacific_islands/full_domain/hindcast/monthly/regrid/r20260427,mlotstmax,1,396,396,1993-01-16,2025-12-16,fa2d4c0405,[100],[396],"[""[538, 724]""]","[""[100, 200, 200]""]",days since 1993-01-01,gregorian
pacific_islands/full_domain/hindcast/monthly/regrid/r20260427,mlotstmin,1,396,396,1993-01-16,2025-12-16,fa2d4c0405,[100],[396],"[""[538, 724]""]","[""[100, 200, 200]""]",days since 1993-01-01,gregorian
pacific_islands/full_domain/hindcast/monthly/regrid/r20260427,nbact_100,1,396,396,1993-01-16,2025-12-16,fa2d4c0405,[100],[396],"[""[538, 724]""]","[""[100, 200, 200]""]",days since 1993-01-01,gregorian
pacific_islands/full_domain/hindcast/monthly/regrid/r20260427,ndet_100,1,396,396,1993-01-16,2025-12-16,fa2d4c0405,[100],[396],"[""[538, 724]""]","[""[100, 200, 200]""]",days since 1993-01-01,gregorian
pacific_islands/full_domain/hindcast/monthly/regrid/r20260427,ndi_100,1,396,396,1993-01-16,2025-12-16,fa2d4c0405,[100],[396],"[""[538, 724]""]","[""[100, 200, 200]""]",days since 1993-01-01,gregorian
pacific_islands/full_domain/hindcast/monthly/regrid/r20260427,net_heat_coupler,1,396,396,1993-01-16,2025-12-16,fa2d4c0405,[100],[396],"[""[538, 724]""]","[""[100, 200, 200]""]",days since 1993-01-01,gregorian
pacific_islands/full_domain/hindcast/monthly/regrid/r20260427,net_massin,1,396,396,1993-01-16,2025-12-16,fa2d4c0405,[100],[396],"[""[538, 724]""]","[""[100, 200, 200]""]",days since 1993-01-01,gregorian
pacific_islands/full_domain/hindcast/monthly/regrid/r20260427,net_massout,1,396,396,1993-01-16,2025-12-16,fa2d4c0405,[100],[396],"[""[538, 724]""]","[""[100, 200, 200]""]",days since 1993-01-01,gregorian
pacific_islands/full_domain/hindcast/monthly/regrid/r20260427,nh4_stf,1,396,396,1993-01-16,2025-12-16,fa2d4c0405,[100],[396],"[""[538, 724]""]","[""[100, 200, 200]""]",days since 1993-01-01,gregorian
pacific_islands/full_domain/hindcast/monthly/regrid/r20260427,nh4os,1,396,396,1993-01-16,2025-12-16,fa2d4c0405,[100],[396],"[""[538, 724]""]","[""[100, 200, 200]""]",days since 1993-01-01,gregorian
pacific_islands/full_domain/hindcast/monthly/regrid/r20260427,nlgp_100,1,396,396,1993-01-16,2025-12-16,fa2d4c0405,[100],[396],"[""[538, 724]""]","[""[100, 200, 200]""]",days since 1993-01-01,gregorian
pacific_islands/full_domain/hindcast/monthly/regrid/r20260427,nlgz_100,1,396,396,1993-01-16,2025-12-16,fa2d4c0405,[100],[396],"[""[538, 724]""]","[""[100, 200, 200]""]",days since 1993-01-01,gregorian
pacific_islands/full_domain/hindcast/monthly/regrid/r20260427,nmdp_100,1,396,396,1993-01-16,2025-12-16,fa2d4c0405,[100],[396],"[""[538, 724]""]","[""[100, 200, 200]""]",days since 1993-01-01,gregorian
pacific_islands/full_domain/hindcast/monthly/regrid/r20260427,nmdz_100,1,396,396,1993-01-16,2025-12-16,fa2d4c0405,[100],[396],"[""[538, 724]""]","[""[100, 200, 200]""]",days since 1993-01-01,gregorian
pacific_islands/full_domain/hindcast/monthly/regrid/r20260427,no3os,1,396,396,1993-01-16,2025-12-16,fa2d4c0405,[100],[396],"[""[538, 724]""]","[""[100, 200, 200]""]",days since 1993-01-01,gregorian
pacific_islands/full_domain/hindcast/monthly/regrid/r20260427,nsmp_100,1,396,396,1993-01-16,2025-12-16,fa2d4c0405,[100],[396],"[""[538, 724]""]","[""[100, 200, 200]""]",days since 1993-01-01,gregorian
pacific_islands/full_domain/hindcast/monthly/regrid/r20260427,nsmz_100,1,396,396,1993-01-16,2025-12-16,fa2d4c0405,[100],[396],"[""[538, 724]""]","[""[100, 200, 200]""]",days since 1993-01-01,gregorian
pacific_islands/full_domain/hindcast/monthly/regrid/r20260427,o2_alpha,1,396,396,1993-01-16,2025-12-16,fa2d4c0405,[100],[396],"[""[538, 724]""]","[""[100, 200, 200]""]",days since 1993-01-01,gregorian
pacific_islands/full_domain/hindcast/monthly/regrid/r20260427,o2_csurf,1,396,396,1993-01-16,2025-12-16,fa2d4c0405,[100],[396],"[""[538, 724]""]","[""[100, 200, 200]""]",days since 1993-01-01,gregorian
pacific_islands/full_domain/hindcast/monthly/regrid/r20260427,o2_deltap,1,396,396,1993-01-16,2025-12-16,fa2d4c0405,[100],[396],"[""[538, 724]""]","[""[100, 200, 200]""]",days since 1993-01-01,gregorian
pacific_islands/full_domain/hindcast/monthly/regrid/r20260427,o2_kw,1,396,396,1993-01-16,2025-12-16,fa2d4c0405,[100],[396],"[""[538, 724]""]","[""[100, 200, 200]""]",days since 1993-01-01,gregorian
pacific_islands/full_domain/hindcast/monthly/regrid/r20260427,o2_sc_no,1,396,396,1993-01-16,2025-12-16,fa2d4c0405,[100],[396],"[""[538, 724]""]","[""[100, 200, 200]""]",days since 1993-01-01,gregorian
pacific_islands/full_domain/hindcast/monthly/regrid/r20260427,o2_stf_gas,1,396,396,1993-01-16,2025-12-16,fa2d4c0405,[100],[396],"[""[538, 724]""]","[""[100, 200, 200]""]",days since 1993-01-01,gregorian
pacific_islands/full_domain/hindcast/monthly/regrid/r20260427,o2os,1,396,396,1993-01-16,2025-12-16,fa2d4c0405,[100],[396],"[""[538, 724]""]","[""[100, 200, 200]""]",days since 1993-01-01,gregorian
pacific_islands/full_domain/hindcast/monthly/regrid/r20260427,o2satos,1,396,396,1993-01-16,2025-12-16,fa2d4c0405,[100],[396],"[""[538, 724]""]","[""[100, 200, 200]""]",days since 1993-01-01,gregorian
pacific_islands/full_domain/hindcast/monthly/regrid/r20260427,ocfriver,1,396,396,1993-01-16,2025-12-16,fa2d4c0405,[100],[396],"[""[538, 724]""]","[""[100, 200, 200]""]",days since 1993-01-01,gregorian
pacific_islands/full_domain/hindcast/monthly/regrid/r20260427,pbo,1,396,396,1993-01-16,2025-12-16,fa2d4c0405,[100],[396],"[""[538, 724]""]","[""[100, 200, 200]""]",days since 1993-01-01,gregorian
pacific_islands/full_domain/hindcast/monthly/regrid/r20260427,pco2surf,1,396,396,1993-01-16,2025-12-16,fa2d4c0405,[100],[396],"[""[538, 724]""]","[""[100, 200, 200]""]",days since 1993-01-01,gregorian
pacific_islands/full_domain/hindcast/monthly/regrid/r20260427,phos,1,396,396,1993-01-16,2025-12-16,fa2d4c0405,[100],[396],"[""[538, 724]""]","[""[100, 200, 200]""]",days since 1993-01-01,gregorian
pacific_islands/full_domain/hindcast/monthly/regrid/r20260427,phycos,1,396,396,1993-01-16,2025-12-16,fa2d4c0405,[100],[396],"[""[538, 724]""]","[""[100, 200, 200]""]",days since 1993-01-01,gregorian
pacific_islands/full_domain/hindcast/monthly/regrid/r20260427,phydiatos,1,396,396,1993-01-16,2025-12-16,fa2d4c0405,[100],[396],"[""[538, 724]""]","[""[100, 200, 200]""]",days since 1993-01-01,gregorian
pacific_islands/full_domain/hindcast/monthly/regrid/r20260427,phydiazos,1,396,396,1993-01-16,2025-12-16,fa2d4c0405,[100],[396],"[""[538, 724]""]","[""[100, 200, 200]""]",days since 1993-01-01,gregorian
pacific_islands/full_domain/hindcast/monthly/regrid/r20260427,phyfeos,1,396,396,1993-01-16,2025-12-16,fa2d4c0405,[100],[396],"[""[538, 724]""]","[""[100, 200, 200]""]",days since 1993-01-01,gregorian
pacific_islands/full_domain/hindcast/monthly/regrid/r20260427,phymiscos,1,396,396,1993-01-16,2025-12-16,fa2d4c0405,[100],[396],"[""[538, 724]""]","[""[100, 200, 200]""]",days since 1993-01-01,gregorian
pacific_islands/full_domain/hindcast/monthly/regrid/r20260427,phynos,1,396,396,1993-01-16,2025-12-16,fa2d4c0405,[100],[396],"[""[538, 724]""]","[""[100, 200, 200]""]",days since 1993-01-01,gregorian
pacific_islands/full_domain/hindcast/monthly/regrid/r20260427,phypicoos,1,396,396,1993-01-16,2025-12-16,fa2d4c0405,[100],[396],"[""[538, 724]""]","[""[100, 200, 200]""]",days since 1993-01-01,gregorian
pacific_islands/full_domain/hindcast/monthly/regrid/r20260427,phypos,1,396,396,1993-01-16,2025-12-16,fa2d4c0405,[100],[396],"[""[538, 724]""]","[""[100, 200, 200]""]",days since 1993-01-01,gregorian
pacific_islands/full_domain/hindcast/monthly/regrid/r20260427,physios,1,396,396,1993-01-16,2025-12-16,fa2d4c0405,[100],[396],"[""[538, 724]""]","[""[100, 200, 200]""]",days since 1993-01-01,gregorian
pacific_islands/full_domain/hindcast/monthly/regrid/r20260427,po4os,1,396,396,1993-01-16,2025-12-16,fa2d4c0405,[100],[396],"[""[538, 724]""]","[""[100, 200, 200]""]",days since 1993-01-01,gregorian
pacific_islands/full_domain/hindcast/monthly/regrid/r20260427,ponos,1,396,396,1993-01-16,2025-12-16,fa2d4c0405,[100],[396],"[""[538, 724]""]","[""[100, 200, 200]""]",days since 1993-01-01,gregorian
pacific_islands/full_domain/hindcast/monthly/regrid/r20260427,popos,1,396,396,1993-01-16,2025-12-16,fa2d4c0405,[100],[396],"[""[538, 724]""]","[""[100, 200, 200]""]",days since 1993-01-01,gregorian
pacific_islands/full_domain/hindcast/monthly/regrid/r20260427,prlq,1,396,396,1993-01-16,2025-12-16,fa2d4c0405,[100],[396],"[""[538, 724]""]","[""[100, 200, 200]""]",days since 1993-01-01,gregorian
pacific_islands/full_domain/hindcast/monthly/regrid/r20260427,prsn,1,396,396,1993-01-16,2025-12-16,fa2d4c0405,[100],[396],"[""[538, 724]""]","[""[100, 200, 200]""]",days since 1993-01-01,gregorian
pacific_islands/full_domain/hindcast/monthly/regrid/r20260427,rlntds,1,396,396,1993-01-16,2025-12-16,fa2d4c0405,[100],[396],"[""[538, 724]""]","[""[100, 200, 200]""]",days since 1993-01-01,gregorian
pacific_islands/full_domain/hindcast/monthly/regrid/r20260427,rsntds,1,396,396,1993-01-16,2025-12-16,fa2d4c0405,[100],[396],"[""[538, 724]""]","[""[100, 200, 200]""]",days since 1993-01-01,gregorian
pacific_islands/full_domain/hindcast/monthly/regrid/r20260427,runoff_flux_alk,1,396,396,1993-01-16,2025-12-16,fa2d4c0405,[100],[396],"[""[538, 724]""]","[""[100, 200, 200]""]",days since 1993-01-01,gregorian
pacific_islands/full_domain/hindcast/monthly/regrid/r20260427,runoff_flux_dic,1,396,396,1993-01-16,2025-12-16,fa2d4c0405,[100],[396],"[""[538, 724]""]","[""[100, 200, 200]""]",days since 1993-01-01,gregorian
pacific_islands/full_domain/hindcast/monthly/regrid/r20260427,runoff_flux_fed,1,396,396,1993-01-16,2025-12-16,fa2d4c0405,[100],[396],"[""[538, 724]""]","[""[100, 200, 200]""]",days since 1993-01-01,gregorian
pacific_islands/full_domain/hindcast/monthly/regrid/r20260427,runoff_flux_ldon,1,396,396,1993-01-16,2025-12-16,fa2d4c0405,[100],[396],"[""[538, 724]""]","[""[100, 200, 200]""]",days since 1993-01-01,gregorian
pacific_islands/full_domain/hindcast/monthly/regrid/r20260427,runoff_flux_ldop,1,396,396,1993-01-16,2025-12-16,fa2d4c0405,[100],[396],"[""[538, 724]""]","[""[100, 200, 200]""]",days since 1993-01-01,gregorian
pacific_islands/full_domain/hindcast/monthly/regrid/r20260427,runoff_flux_lith,1,396,396,1993-01-16,2025-12-16,fa2d4c0405,[100],[396],"[""[538, 724]""]","[""[100, 200, 200]""]",days since 1993-01-01,gregorian
pacific_islands/full_domain/hindcast/monthly/regrid/r20260427,runoff_flux_ndet,1,396,396,1993-01-16,2025-12-16,fa2d4c0405,[100],[396],"[""[538, 724]""]","[""[100, 200, 200]""]",days since 1993-01-01,gregorian
pacific_islands/full_domain/hindcast/monthly/regrid/r20260427,runoff_flux_no3,1,396,396,1993-01-16,2025-12-16,fa2d4c0405,[100],[396],"[""[538, 724]""]","[""[100, 200, 200]""]",days since 1993-01-01,gregorian
pacific_islands/full_domain/hindcast/monthly/regrid/r20260427,runoff_flux_pdet,1,396,396,1993-01-16,2025-12-16,fa2d4c0405,[100],[396],"[""[538, 724]""]","[""[100, 200, 200]""]",days since 1993-01-01,gregorian
pacific_islands/full_domain/hindcast/monthly/regrid/r20260427,runoff_flux_po4,1,396,396,1993-01-16,2025-12-16,fa2d4c0405,[100],[396],"[""[538, 724]""]","[""[100, 200, 200]""]",days since 1993-01-01,gregorian
pacific_islands/full_domain/hindcast/monthly/regrid/r20260427,runoff_flux_sldon,1,396,396,1993-01-16,2025-12-16,fa2d4c0405,[100],[396],"[""[538, 724]""]","[""[100, 200, 200]""]",days since 1993-01-01,gregorian
pacific_islands/full_domain/hindcast/monthly/regrid/r20260427,runoff_flux_sldop,1,396,396,1993-01-16,2025-12-16,fa2d4c0405,[100],[396],"[""[538, 724]""]","[""[100, 200, 200]""]",days since 1993-01-01,gregorian
pacific_islands/full_domain/hindcast/monthly/regrid/r20260427,runoff_flux_srdon,1,396,396,1993-01-16,2025-12-16,fa2d4c0405,[100],[396],"[""[538, 724]""]","[""[100, 200, 200]""]",days since 1993-01-01,gregorian
pacific_islands/full_domain/hindcast/monthly/regrid/r20260427,runoff_flux_srdop,1,396,396,1993-01-16,2025-12-16,fa2d4c0405,[100],[396],"[""[538, 724]""]","[""[100, 200, 200]""]",days since 1993-01-01,gregorian
pacific_islands/full_domain/hindcast/monthly/regrid/r20260427,sfc_co3_ion,1,396,396,1993-01-16,2025-12-16,fa2d4c0405,[100],[396],"[""[538, 724]""]","[""[100, 200, 200]""]",days since 1993-01-01,gregorian
pacific_islands/full_domain/hindcast/monthly/regrid/r20260427,sfc_co3_sol_arag,1,396,396,1993-01-16,2025-12-16,fa2d4c0405,[100],[396],"[""[538, 724]""]","[""[100, 200, 200]""]",days since 1993-01-01,gregorian
pacific_islands/full_domain/hindcast/monthly/regrid/r20260427,sfc_co3_sol_calc,1,396,396,1993-01-16,2025-12-16,fa2d4c0405,[100],[396],"[""[538, 724]""]","[""[100, 200, 200]""]",days since 1993-01-01,gregorian
pacific_islands/full_domain/hindcast/monthly/regrid/r20260427,sfc_def_fe_di,1,396,396,1993-01-16,2025-12-16,fa2d4c0405,[100],[396],"[""[538, 724]""]","[""[100, 200, 200]""]",days since 1993-01-01,gregorian
pacific_islands/full_domain/hindcast/monthly/regrid/r20260427,sfc_def_fe_lgp,1,396,396,1993-01-16,2025-12-16,fa2d4c0405,[100],[396],"[""[538, 724]""]","[""[100, 200, 200]""]",days since 1993-01-01,gregorian
pacific_islands/full_domain/hindcast/monthly/regrid/r20260427,sfc_def_fe_mdp,1,396,396,1993-01-16,2025-12-16,fa2d4c0405,[100],[396],"[""[538, 724]""]","[""[100, 200, 200]""]",days since 1993-01-01,gregorian
pacific_islands/full_domain/hindcast/monthly/regrid/r20260427,sfc_def_fe_smp,1,396,396,1993-01-16,2025-12-16,fa2d4c0405,[100],[396],"[""[538, 724]""]","[""[100, 200, 200]""]",days since 1993-01-01,gregorian
pacific_islands/full_domain/hindcast/monthly/regrid/r20260427,sfc_felim_di,1,396,396,1993-01-16,2025-12-16,fa2d4c0405,[100],[396],"[""[538, 724]""]","[""[100, 200, 200]""]",days since 1993-01-01,gregorian
pacific_islands/full_domain/hindcast/monthly/regrid/r20260427,sfc_felim_lgp,1,396,396,1993-01-16,2025-12-16,fa2d4c0405,[100],[396],"[""[538, 724]""]","[""[100, 200, 200]""]",days since 1993-01-01,gregorian
pacific_islands/full_domain/hindcast/monthly/regrid/r20260427,sfc_felim_mdp,1,396,396,1993-01-16,2025-12-16,fa2d4c0405,[100],[396],"[""[538, 724]""]","[""[100, 200, 200]""]",days since 1993-01-01,gregorian
pacific_islands/full_domain/hindcast/monthly/regrid/r20260427,sfc_felim_smp,1,396,396,1993-01-16,2025-12-16,fa2d4c0405,[100],[396],"[""[538, 724]""]","[""[100, 200, 200]""]",days since 1993-01-01,gregorian
pacific_islands/full_domain/hindcast/monthly/regrid/r20260427,sfc_irrlim_di,1,396,396,1993-01-16,2025-12-16,fa2d4c0405,[100],[396],"[""[538, 724]""]","[""[100, 200, 200]""]",days since 1993-01-01,gregorian
pacific_islands/full_domain/hindcast/monthly/regrid/r20260427,sfc_irrlim_lgp,1,396,396,1993-01-16,2025-12-16,fa2d4c0405,[100],[396],"[""[538, 724]""]","[""[100, 200, 200]""]",days since 1993-01-01,gregorian
pacific_islands/full_domain/hindcast/monthly/regrid/r20260427,sfc_irrlim_mdp,1,396,396,1993-01-16,2025-12-16,fa2d4c0405,[100],[396],"[""[538, 724]""]","[""[100, 200, 200]""]",days since 1993-01-01,gregorian
pacific_islands/full_domain/hindcast/monthly/regrid/r20260427,sfc_irrlim_smp,1,396,396,1993-01-16,2025-12-16,fa2d4c0405,[100],[396],"[""[538, 724]""]","[""[100, 200, 200]""]",days since 1993-01-01,gregorian
pacific_islands/full_domain/hindcast/monthly/regrid/r20260427,sfc_mu_di,1,396,396,1993-01-16,2025-12-16,fa2d4c0405,[100],[396],"[""[538, 724]""]","[""[100, 200, 200]""]",days since 1993-01-01,gregorian
pacific_islands/full_domain/hindcast/monthly/regrid/r20260427,sfc_mu_lgp,1,396,396,1993-01-16,2025-12-16,fa2d4c0405,[100],[396],"[""[538, 724]""]","[""[100, 200, 200]""]",days since 1993-01-01,gregorian
pacific_islands/full_domain/hindcast/monthly/regrid/r20260427,sfc_mu_mdp,1,396,396,1993-01-16,2025-12-16,fa2d4c0405,[100],[396],"[""[538, 724]""]","[""[100, 200, 200]""]",days since 1993-01-01,gregorian
pacific_islands/full_domain/hindcast/monthly/regrid/r20260427,sfc_mu_smp,1,396,396,1993-01-16,2025-12-16,fa2d4c0405,[100],[396],"[""[538, 724]""]","[""[100, 200, 200]""]",days since 1993-01-01,gregorian
pacific_islands/full_domain/hindcast/monthly/regrid/r20260427,sfc_nh4lim_lgp,1,396,396,1993-01-16,2025-12-16,fa2d4c0405,[100],[396],"[""[538, 724]""]","[""[100, 200, 200]""]",days since 1993-01-01,gregorian
pacific_islands/full_domain/hindcast/monthly/regrid/r20260427,sfc_nh4lim_mdp,1,396,396,1993-01-16,2025-12-16,fa2d4c0405,[100],[396],"[""[538, 724]""]","[""[100, 200, 200]""]",days since 1993-01-01,gregorian
pacific_islands/full_domain/hindcast/monthly/regrid/r20260427,sfc_nh4lim_smp,1,396,396,1993-01-16,2025-12-16,fa2d4c0405,[100],[396],"[""[538, 724]""]","[""[100, 200, 200]""]",days since 1993-01-01,gregorian
pacific_islands/full_domain/hindcast/monthly/regrid/r20260427,sfc_no3,1,396,396,1993-01-16,2025-12-16,fa2d4c0405,[100],[396],"[""[538, 724]""]","[""[100, 200, 200]""]",days since 1993-01-01,gregorian
pacific_islands/full_domain/hindcast/monthly/regrid/r20260427,sfc_no3lim_lgp,1,396,396,1993-01-16,2025-12-16,fa2d4c0405,[100],[396],"[""[538, 724]""]","[""[100, 200, 200]""]",days since 1993-01-01,gregorian
pacific_islands/full_domain/hindcast/monthly/regrid/r20260427,sfc_no3lim_mdp,1,396,396,1993-01-16,2025-12-16,fa2d4c0405,[100],[396],"[""[538, 724]""]","[""[100, 200, 200]""]",days since 1993-01-01,gregorian
pacific_islands/full_domain/hindcast/monthly/regrid/r20260427,sfc_no3lim_smp,1,396,396,1993-01-16,2025-12-16,fa2d4c0405,[100],[396],"[""[538, 724]""]","[""[100, 200, 200]""]",days since 1993-01-01,gregorian
pacific_islands/full_domain/hindcast/monthly/regrid/r20260427,sfc_po4,1,396,396,1993-01-16,2025-12-16,fa2d4c0405,[100],[396],"[""[538, 724]""]","[""[100, 200, 200]""]",days since 1993-01-01,gregorian
pacific_islands/full_domain/hindcast/monthly/regrid/r20260427,sfc_po4lim_di,1,396,396,1993-01-16,2025-12-16,fa2d4c0405,[100],[396],"[""[538, 724]""]","[""[100, 200, 200]""]",days since 1993-01-01,gregorian
pacific_islands/full_domain/hindcast/monthly/regrid/r20260427,sfc_po4lim_lgp,1,396,396,1993-01-16,2025-12-16,fa2d4c0405,[100],[396],"[""[538, 724]""]","[""[100, 200, 200]""]",days since 1993-01-01,gregorian
pacific_islands/full_domain/hindcast/monthly/regrid/r20260427,sfc_po4lim_mdp,1,396,396,1993-01-16,2025-12-16,fa2d4c0405,[100],[396],"[""[538, 724]""]","[""[100, 200, 200]""]",days since 1993-01-01,gregorian
pacific_islands/full_domain/hindcast/monthly/regrid/r20260427,sfc_po4lim_smp,1,396,396,1993-01-16,2025-12-16,fa2d4c0405,[100],[396],"[""[538, 724]""]","[""[100, 200, 200]""]",days since 1993-01-01,gregorian
pacific_islands/full_domain/hindcast/monthly/regrid/r20260427,sfc_q_fe_2_n_di,1,396,396,1993-01-16,2025-12-16,fa2d4c0405,[100],[396],"[""[538, 724]""]","[""[100, 200, 200]""]",days since 1993-01-01,gregorian
pacific_islands/full_domain/hindcast/monthly/regrid/r20260427,sfc_q_fe_2_n_lgp,1,396,396,1993-01-16,2025-12-16,fa2d4c0405,[100],[396],"[""[538, 724]""]","[""[100, 200, 200]""]",days since 1993-01-01,gregorian
pacific_islands/full_domain/hindcast/monthly/regrid/r20260427,sfc_q_fe_2_n_mdp,1,396,396,1993-01-16,2025-12-16,fa2d4c0405,[100],[396],"[""[538, 724]""]","[""[100, 200, 200]""]",days since 1993-01-01,gregorian
pacific_islands/full_domain/hindcast/monthly/regrid/r20260427,sfc_q_fe_2_n_smp,1,396,396,1993-01-16,2025-12-16,fa2d4c0405,[100],[396],"[""[538, 724]""]","[""[100, 200, 200]""]",days since 1993-01-01,gregorian
pacific_islands/full_domain/hindcast/monthly/regrid/r20260427,sfc_sio4,1,396,396,1993-01-16,2025-12-16,fa2d4c0405,[100],[396],"[""[538, 724]""]","[""[100, 200, 200]""]",days since 1993-01-01,gregorian
pacific_islands/full_domain/hindcast/monthly/regrid/r20260427,sfc_theta_di,1,396,396,1993-01-16,2025-12-16,fa2d4c0405,[100],[396],"[""[538, 724]""]","[""[100, 200, 200]""]",days since 1993-01-01,gregorian
pacific_islands/full_domain/hindcast/monthly/regrid/r20260427,sfc_theta_lgp,1,396,396,1993-01-16,2025-12-16,fa2d4c0405,[100],[396],"[""[538, 724]""]","[""[100, 200, 200]""]",days since 1993-01-01,gregorian
pacific_islands/full_domain/hindcast/monthly/regrid/r20260427,sfc_theta_mdp,1,396,396,1993-01-16,2025-12-16,fa2d4c0405,[100],[396],"[""[538, 724]""]","[""[100, 200, 200]""]",days since 1993-01-01,gregorian
pacific_islands/full_domain/hindcast/monthly/regrid/r20260427,sfc_theta_smp,1,396,396,1993-01-16,2025-12-16,fa2d4c0405,[100],[396],"[""[538, 724]""]","[""[100, 200, 200]""]",days since 1993-01-01,gregorian
pacific_islands/full_domain/hindcast/monthly/regrid/r20260427,sfdsi,1,396,396,1993-01-16,2025-12-16,fa2d4c0405,[100],[396],"[""[538, 724]""]","[""[100, 200, 200]""]",days since 1993-01-01,gregorian
pacific_islands/full_domain/hindcast/monthly/regrid/r20260427,silgp_100,1,396,396,1993-01-16,2025-12-16,fa2d4c0405,[100],[396],"[""[538, 724]""]","[""[100, 200, 200]""]",days since 1993-01-01,gregorian
pacific_islands/full_domain/hindcast/monthly/regrid/r20260427,simdp_100,1,396,396,1993-01-16,2025-12-16,fa2d4c0405,[100],[396],"[""[538, 724]""]","[""[100, 200, 200]""]",days since 1993-01-01,gregorian
pacific_islands/full_domain/hindcast/monthly/regrid/r20260427,sios,1,396,396,1993-01-16,2025-12-16,fa2d4c0405,[100],[396],"[""[538, 724]""]","[""[100, 200, 200]""]",days since 1993-01-01,gregorian
pacific_islands/full_domain/hindcast/monthly/regrid/r20260427,sob,1,396,396,1993-01-16,2025-12-16,fa2d4c0405,[100],[396],"[""[538, 724]""]","[""[100, 200, 200]""]",days since 1993-01-01,gregorian
pacific_islands/full_domain/hindcast/monthly/regrid/r20260427,sos,1,396,396,1993-01-16,2025-12-16,fa2d4c0405,[100],[396],"[""[538, 724]""]","[""[100, 200, 200]""]",days since 1993-01-01,gregorian
pacific_islands/full_domain/hindcast/monthly/regrid/r20260427,sossq,1,396,396,1993-01-16,2025-12-16,fa2d4c0405,[100],[396],"[""[538, 724]""]","[""[100, 200, 200]""]",days since 1993-01-01,gregorian
pacific_islands/full_domain/hindcast/monthly/regrid/r20260427,spco2,1,396,396,1993-01-16,2025-12-16,fa2d4c0405,[100],[396],"[""[538, 724]""]","[""[100, 200, 200]""]",days since 1993-01-01,gregorian
pacific_islands/full_domain/hindcast/monthly/regrid/r20260427,speed,1,396,396,1993-01-16,2025-12-16,fa2d4c0405,[100],[396],"[""[538, 724]""]","[""[100, 200, 200]""]",days since 1993-01-01,gregorian
pacific_islands/full_domain/hindcast/monthly/regrid/r20260427,ssh,1,396,396,1993-01-16,2025-12-16,fa2d4c0405,[100],[396],"[""[538, 724]""]","[""[100, 200, 200]""]",days since 1993-01-01,gregorian
pacific_islands/full_domain/hindcast/monthly/regrid/r20260427,talkos,1,396,396,1993-01-16,2025-12-16,fa2d4c0405,[100],[396],"[""[538, 724]""]","[""[100, 200, 200]""]",days since 1993-01-01,gregorian
pacific_islands/full_domain/hindcast/monthly/regrid/r20260427,tob,1,396,396,1993-01-16,2025-12-16,fa2d4c0405,[100],[396],"[""[538, 724]""]","[""[100, 200, 200]""]",days since 1993-01-01,gregorian
pacific_islands/full_domain/hindcast/monthly/regrid/r20260427,tos,1,396,396,1993-01-16,2025-12-16,fa2d4c0405,[100],[396],"[""[538, 724]""]","[""[100, 200, 200]""]",days since 1993-01-01,gregorian
pacific_islands/full_domain/hindcast/monthly/regrid/r20260427,tossq,1,396,396,1993-01-16,2025-12-16,fa2d4c0405,[100],[396],"[""[538, 724]""]","[""[100, 200, 200]""]",days since 1993-01-01,gregorian
pacific_islands/full_domain/hindcast/monthly/regrid/r20260427,ustar,1,396,396,1993-01-16,2025-12-16,fa2d4c0405,[100],[396],"[""[538, 724]""]","[""[100, 200, 200]""]",days since 1993-01-01,gregorian
pacific_islands/full_domain/hindcast/monthly/regrid/r20260427,wc_vert_int_jdiss_cadet,1,396,396,1993-01-16,2025-12-16,fa2d4c0405,[100],[396],"[""[538, 724]""]","[""[100, 200, 200]""]",days since 1993-01-01,gregorian
pacific_islands/full_domain/hindcast/monthly/regrid/r20260427,wc_vert_int_jdiss_sidet,1,396,396,1993-01-16,2025-12-16,fa2d4c0405,[100],[396],"[""[538, 724]""]","[""[100, 200, 200]""]",days since 1993-01-01,gregorian
pacific_islands/full_domain/hindcast/monthly/regrid/r20260427,wc_vert_int_jno3denit,1,396,396,1993-01-16,2025-12-16,fa2d4c0405,[100],[396],"[""[538, 724]""]","[""[100, 200, 200]""]",days since 1993-01-01,gregorian
pacific_islands/full_domain/hindcast/monthly/regrid/r20260427,wc_vert_int_jo2resp,1,396,396,1993-01-16,2025-12-16,fa2d4c0405,[100],[396],"[""[538, 724]""]","[""[100, 200, 200]""]",days since 1993-01-01,gregorian
pacific_islands/full_domain/hindcast/monthly/regrid/r20260427,wc_vert_int_jprod_cadet,1,396,396,1993-01-16,2025-12-16,fa2d4c0405,[100],[396],"[""[538, 724]""]","[""[100, 200, 200]""]",days since 1993-01-01,gregorian
pacific_islands/full_domain/hindcast/monthly/regrid/r20260427,wc_vert_int_jprod_nh4,1,396,396,1993-01-16,2025-12-16,fa2d4c0405,[100],[396],"[""[538, 724]""]","[""[100, 200, 200]""]",days since 1993-01-01,gregorian
pacific_islands/full_domain/hindcast/monthly/regrid/r20260427,wc_vert_int_jprod_no3nitrif,1,396,396,1993-01-16,2025-12-16,fa2d4c0405,[100],[396],"[""[538, 724]""]","[""[100, 200, 200]""]",days since 1993-01-01,gregorian
pacific_islands/full_domain/hindcast/monthly/regrid/r20260427,wc_vert_int_juptake_nh4,1,396,396,1993-01-16,2025-12-16,fa2d4c0405,[100],[396],"[""[538, 724]""]","[""[100, 200, 200]""]",days since 1993-01-01,gregorian
pacific_islands/full_domain/hindcast/monthly/regrid/r20260427,wc_vert_int_juptake_no3,1,396,396,1993-01-16,2025-12-16,fa2d4c0405,[100],[396],"[""[538, 724]""]","[""[100, 200, 200]""]",days since 1993-01-01,gregorian
pacific_islands/full_domain/hindcast/monthly/regrid/r20260427,wc_vert_int_nfix,1,396,396,1993-01-16,2025-12-16,fa2d4c0405,[100],[396],"[""[538, 724]""]","[""[100, 200, 200]""]",days since 1993-01-01,gregorian
pacific_islands/full_domain/hindcast/monthly/regrid/r20260427,wc_vert_int_npp,1,396,396,1993-01-16,2025-12-16,fa2d4c0405,[100],[396],"[""[538, 724]""]","[""[100, 200, 200]""]",days since 1993-01-01,gregorian
pacific_islands/full_domain/hindcast/monthly/regrid/r20260427,wfo,1,396,396,1993-01-16,2025-12-16,fa2d4c0405,[100],[396],"[""[538, 724]""]","[""[100, 200, 200]""]",days since 1993-01-01,gregorian
pacific_islands/full_domain/hindcast/monthly/regrid/r20260427,zmesoos,1,396,396,1993-01-16,2025-12-16,fa2d4c0405,[100],[396],"[""[538, 724]""]","[""[100, 200, 200]""]",days since 1993-01-01,gregorian
pacific_islands/full_domain/hindcast/monthly/regrid/r20260427,zmicroos,1,396,396,1993-01-16,2025-12-16,fa2d4c0405,[100],[396],"[""[538, 724]""]","[""[100, 200, 200]""]",days since 1993-01-01,gregorian
pacific_islands/full_domain/hindcast/monthly/regrid/r20260427,zoocos,1,396,396,1993-01-16,2025-12-16,fa2d4c0405,[100],[396],"[""[538, 724]""]","[""[100, 200, 200]""]",days since 1993-01-01,gregorian
pacific_islands/full_domain/hindcast/monthly/regrid/r20260427,zos,1,396,396,1993-01-16,2025-12-16,fa2d4c0405,[100],[396],"[""[538, 724]""]","[""[100, 200, 200]""]",days since 1993-01-01,gregorian
pacific_islands/full_domain/hindcast/monthly/regrid/r20260427,zossq,1,396,396,1993-01-16,2025-12-16,fa2d4c0405,[100],[396],"[""[538, 724]""]","[""[100, 200, 200]""]",days since 1993-01-01,gregorian
